レポート開始日,レポート終了日,キャンペーン名,広告セット名,広告名,日,結果,結果インジケーター,リーチ,フリークエンシー,インプレッション,消化金額 (JPY),結果の単価,リンクのクリック,CTR(リンククリックスルー率),クリック(すべて),"CPM(1,000インプレッション単価) (JPY)",CPC(リンククリックの単価) (JPY),ランディングページビュー,購入,購入のコンバージョン値,購入ROAS(広告費用対効果),動画の3秒再生数,ThruPlay,アトリビューション設定
2026-09-01,2026-09-01,新規獲得_コンバージョン,類似オーディエンス_購入者1%,新規_動画_使い方15秒,2026-09-01,1,actions:offsite_conversion.fb_pixel_purchase,4561,1.11,5043,7179,7179.00,59,1.17,107,1423.56,121.68,51,1,6917,0.96,1319,343,7日間のクリックまたは1日間のビュー
2026-09-02,2026-09-02,新規獲得_コンバージョン,類似オーディエンス_購入者1%,新規_動画_使い方15秒,2026-09-02,2,actions:offsite_conversion.fb_pixel_purchase,3992,1.21,4812,7091,3545.50,67,1.39,113,1473.61,105.84,57,2,12762,1.80,1368,445,7日間のクリックまたは1日間のビュー
2026-09-03,2026-09-03,新規獲得_コンバージョン,類似オーディエンス_購入者1%,新規_動画_使い方15秒,2026-09-03,2,actions:offsite_conversion.fb_pixel_purchase,4551,1.17,5305,7603,3801.50,59,1.11,99,1433.18,128.86,47,2,12337,1.62,1409,479,7日間のクリックまたは1日間のビュー
2026-09-04,2026-09-04,新規獲得_コンバージョン,類似オーディエンス_購入者1%,新規_動画_使い方15秒,2026-09-04,1,actions:offsite_conversion.fb_pixel_purchase,3944,1.15,4531,6392,6392.00,63,1.39,116,1410.73,101.46,47,1,6838,1.07,1317,445,7日間のクリックまたは1日間のビュー
2026-09-05,2026-09-05,新規獲得_コンバージョン,類似オーディエンス_購入者1%,新規_動画_使い方15秒,2026-09-05,2,actions:offsite_conversion.fb_pixel_purchase,4591,1.16,5307,8380,4190.00,63,1.19,105,1579.05,133.02,51,2,15920,1.90,1356,357,7日間のクリックまたは1日間のビュー
2026-09-06,2026-09-06,新規獲得_コンバージョン,類似オーディエンス_購入者1%,新規_動画_使い方15秒,2026-09-06,1,actions:offsite_conversion.fb_pixel_purchase,4507,1.16,5246,6876,6876.00,63,1.20,110,1310.71,109.14,48,1,6941,1.01,1122,499,7日間のクリックまたは1日間のビュー
2026-09-07,2026-09-07,新規獲得_コンバージョン,類似オーディエンス_購入者1%,新規_動画_使い方15秒,2026-09-07,1,actions:offsite_conversion.fb_pixel_purchase,3336,1.20,4000,6113,6113.00,63,1.57,123,1528.25,97.03,48,1,5976,0.98,923,392,7日間のクリックまたは1日間のビュー
2026-09-08,2026-09-08,新規獲得_コンバージョン,類似オーディエンス_購入者1%,新規_動画_使い方15秒,2026-09-08,1,actions:offsite_conversion.fb_pixel_purchase,3543,1.17,4150,6096,6096.00,51,1.23,84,1468.92,119.53,40,1,5897,0.97,1217,395,7日間のクリックまたは1日間のビュー
2026-09-09,2026-09-09,新規獲得_コンバージョン,類似オーディエンス_購入者1%,新規_動画_使い方15秒,2026-09-09,2,actions:offsite_conversion.fb_pixel_purchase,4268,1.06,4516,6896,3448.00,74,1.64,129,1527.02,93.19,54,2,13866,2.01,1066,278,7日間のクリックまたは1日間のビュー
2026-09-10,2026-09-10,新規獲得_コンバージョン,類似オーディエンス_購入者1%,新規_動画_使い方15秒,2026-09-10,2,actions:offsite_conversion.fb_pixel_purchase,4396,1.08,4737,7161,3580.50,71,1.50,115,1511.72,100.86,55,2,13715,1.92,1341,329,7日間のクリックまたは1日間のビュー
2026-09-11,2026-09-11,新規獲得_コンバージョン,類似オーディエンス_購入者1%,新規_動画_使い方15秒,2026-09-11,2,actions:offsite_conversion.fb_pixel_purchase,3578,1.25,4467,6766,3383.00,70,1.57,123,1514.66,96.66,55,2,15092,2.23,993,281,7日間のクリックまたは1日間のビュー
2026-09-12,2026-09-12,新規獲得_コンバージョン,類似オーディエンス_購入者1%,新規_動画_使い方15秒,2026-09-12,2,actions:offsite_conversion.fb_pixel_purchase,3618,1.23,4450,6260,3130.00,60,1.35,112,1406.74,104.33,44,2,16193,2.59,1172,331,7日間のクリックまたは1日間のビュー
2026-09-13,2026-09-13,新規獲得_コンバージョン,類似オーディエンス_購入者1%,新規_動画_使い方15秒,2026-09-13,1,actions:offsite_conversion.fb_pixel_purchase,4603,1.11,5094,7073,7073.00,56,1.10,92,1388.50,126.30,44,1,5820,0.82,1461,385,7日間のクリックまたは1日間のビュー
2026-09-14,2026-09-14,新規獲得_コンバージョン,類似オーディエンス_購入者1%,新規_動画_使い方15秒,2026-09-14,1,actions:offsite_conversion.fb_pixel_purchase,3625,1.25,4514,6985,6985.00,57,1.26,96,1547.41,122.54,46,1,7891,1.13,1096,367,7日間のクリックまたは1日間のビュー
2026-09-15,2026-09-15,新規獲得_コンバージョン,類似オーディエンス_購入者1%,新規_動画_使い方15秒,2026-09-15,1,actions:offsite_conversion.fb_pixel_purchase,4513,1.15,5184,7251,7251.00,68,1.31,124,1398.73,106.63,56,1,6443,0.89,1214,485,7日間のクリックまたは1日間のビュー
2026-09-16,2026-09-16,新規獲得_コンバージョン,類似オーディエンス_購入者1%,新規_動画_使い方15秒,2026-09-16,1,actions:offsite_conversion.fb_pixel_purchase,3370,1.23,4152,6585,6585.00,66,1.59,119,1585.98,99.77,56,1,7993,1.21,1163,322,7日間のクリックまたは1日間のビュー
2026-09-17,2026-09-17,新規獲得_コンバージョン,類似オーディエンス_購入者1%,新規_動画_使い方15秒,2026-09-17,2,actions:offsite_conversion.fb_pixel_purchase,4518,1.07,4834,6581,3290.50,79,1.63,144,1361.40,83.30,68,2,16131,2.45,1408,336,7日間のクリックまたは1日間のビュー
2026-09-18,2026-09-18,新規獲得_コンバージョン,類似オーディエンス_購入者1%,新規_動画_使い方15秒,2026-09-18,2,actions:offsite_conversion.fb_pixel_purchase,3715,1.25,4643,6557,3278.50,74,1.59,143,1412.23,88.61,65,2,15756,2.40,1325,346,7日間のクリックまたは1日間のビュー
2026-09-19,2026-09-19,新規獲得_コンバージョン,類似オーディエンス_購入者1%,新規_動画_使い方15秒,2026-09-19,4,actions:offsite_conversion.fb_pixel_purchase,4568,1.17,5332,8051,2012.75,80,1.50,141,1509.94,100.64,64,4,30795,3.82,1311,493,7日間のクリックまたは1日間のビュー
2026-09-20,2026-09-20,新規獲得_コンバージョン,類似オーディエンス_購入者1%,新規_動画_使い方15秒,2026-09-20,2,actions:offsite_conversion.fb_pixel_purchase,4711,1.15,5431,7525,3762.50,62,1.14,112,1385.56,121.37,51,2,13409,1.78,1168,424,7日間のクリックまたは1日間のビュー
2026-09-21,2026-09-21,新規獲得_コンバージョン,類似オーディエンス_購入者1%,新規_動画_使い方15秒,2026-09-21,2,actions:offsite_conversion.fb_pixel_purchase,4883,1.13,5520,8523,4261.50,78,1.41,153,1544.02,109.27,67,2,16250,1.91,1573,426,7日間のクリックまたは1日間のビュー
2026-09-22,2026-09-22,新規獲得_コンバージョン,類似オーディエンス_購入者1%,新規_動画_使い方15秒,2026-09-22,2,actions:offsite_conversion.fb_pixel_purchase,4699,1.14,5365,8132,4066.00,78,1.45,134,1515.75,104.26,67,2,15585,1.92,1323,459,7日間のクリックまたは1日間のビュー
2026-09-23,2026-09-23,新規獲得_コンバージョン,類似オーディエンス_購入者1%,新規_動画_使い方15秒,2026-09-23,4,actions:offsite_conversion.fb_pixel_purchase,5430,1.14,6171,8065,2016.25,96,1.56,159,1306.92,84.01,72,4,28833,3.58,1711,463,7日間のクリックまたは1日間のビュー
2026-09-24,2026-09-24,新規獲得_コンバージョン,類似オーディエンス_購入者1%,新規_動画_使い方15秒,2026-09-24,1,actions:offsite_conversion.fb_pixel_purchase,3763,1.19,4468,6009,6009.00,63,1.41,124,1344.90,95.38,52,1,7334,1.22,1137,446,7日間のクリックまたは1日間のビュー
2026-09-25,2026-09-25,新規獲得_コンバージョン,類似オーディエンス_購入者1%,新規_動画_使い方15秒,2026-09-25,1,actions:offsite_conversion.fb_pixel_purchase,4578,1.09,4977,6807,6807.00,56,1.13,99,1367.69,121.55,46,1,6572,0.97,1011,316,7日間のクリックまたは1日間のビュー
2026-09-26,2026-09-26,新規獲得_コンバージョン,類似オーディエンス_購入者1%,新規_動画_使い方15秒,2026-09-26,2,actions:offsite_conversion.fb_pixel_purchase,4612,1.22,5608,7587,3793.50,69,1.23,136,1352.89,109.96,50,2,13027,1.72,1466,463,7日間のクリックまたは1日間のビュー
2026-09-27,2026-09-27,新規獲得_コンバージョン,類似オーディエンス_購入者1%,新規_動画_使い方15秒,2026-09-27,2,actions:offsite_conversion.fb_pixel_purchase,3881,1.14,4429,6298,3149.00,69,1.56,122,1421.99,91.28,50,2,12702,2.02,1019,376,7日間のクリックまたは1日間のビュー
2026-09-28,2026-09-28,新規獲得_コンバージョン,類似オーディエンス_購入者1%,新規_動画_使い方15秒,2026-09-28,1,actions:offsite_conversion.fb_pixel_purchase,4050,1.15,4663,7091,7091.00,63,1.35,101,1520.69,112.56,49,1,6853,0.97,1140,331,7日間のクリックまたは1日間のビュー
2026-09-29,2026-09-29,新規獲得_コンバージョン,類似オーディエンス_購入者1%,新規_動画_使い方15秒,2026-09-29,1,actions:offsite_conversion.fb_pixel_purchase,4241,1.10,4646,7174,7174.00,69,1.49,132,1544.12,103.97,56,1,6269,0.87,1112,354,7日間のクリックまたは1日間のビュー
2026-09-30,2026-09-30,新規獲得_コンバージョン,類似オーディエンス_購入者1%,新規_動画_使い方15秒,2026-09-30,1,actions:offsite_conversion.fb_pixel_purchase,3763,1.19,4490,6737,6737.00,58,1.29,114,1500.45,116.16,45,1,6195,0.92,1329,411,7日間のクリックまたは1日間のビュー
2026-09-01,2026-09-01,新規獲得_コンバージョン,類似オーディエンス_購入者1%,新規_静止画_レビュー訴求,2026-09-01,1,actions:offsite_conversion.fb_pixel_purchase,4495,1.09,4892,7236,7236.00,49,1.00,88,1479.15,147.67,38,1,7159,0.99,,,7日間のクリックまたは1日間のビュー
2026-09-02,2026-09-02,新規獲得_コンバージョン,類似オーディエンス_購入者1%,新規_静止画_レビュー訴求,2026-09-02,2,actions:offsite_conversion.fb_pixel_purchase,4371,1.11,4847,7587,3793.50,57,1.18,107,1565.30,133.11,49,2,16300,2.15,,,7日間のクリックまたは1日間のビュー
2026-09-03,2026-09-03,新規獲得_コンバージョン,類似オーディエンス_購入者1%,新規_静止画_レビュー訴求,2026-09-03,1,actions:offsite_conversion.fb_pixel_purchase,4219,1.09,4614,7215,7215.00,40,0.87,65,1563.72,180.38,29,1,7207,1.00,,,7日間のクリックまたは1日間のビュー
2026-09-04,2026-09-04,新規獲得_コンバージョン,類似オーディエンス_購入者1%,新規_静止画_レビュー訴求,2026-09-04,1,actions:offsite_conversion.fb_pixel_purchase,4283,1.09,4670,6877,6877.00,53,1.13,89,1472.59,129.75,42,1,6281,0.91,,,7日間のクリックまたは1日間のビュー
2026-09-05,2026-09-05,新規獲得_コンバージョン,類似オーディエンス_購入者1%,新規_静止画_レビュー訴求,2026-09-05,2,actions:offsite_conversion.fb_pixel_purchase,3861,1.21,4670,7438,3719.00,49,1.05,92,1592.72,151.80,36,2,14395,1.94,,,7日間のクリックまたは1日間のビュー
2026-09-06,2026-09-06,新規獲得_コンバージョン,類似オーディエンス_購入者1%,新規_静止画_レビュー訴求,2026-09-06,2,actions:offsite_conversion.fb_pixel_purchase,4637,1.09,5077,7527,3763.50,54,1.06,103,1482.57,139.39,47,2,16250,2.16,,,7日間のクリックまたは1日間のビュー
2026-09-07,2026-09-07,新規獲得_コンバージョン,類似オーディエンス_購入者1%,新規_静止画_レビュー訴求,2026-09-07,1,actions:offsite_conversion.fb_pixel_purchase,3387,1.15,3905,5374,5374.00,33,0.85,66,1376.18,162.85,28,1,6131,1.14,,,7日間のクリックまたは1日間のビュー
2026-09-08,2026-09-08,新規獲得_コンバージョン,類似オーディエンス_購入者1%,新規_静止画_レビュー訴求,2026-09-08,2,actions:offsite_conversion.fb_pixel_purchase,4515,1.24,5581,7695,3847.50,49,0.88,95,1378.79,157.04,38,2,15434,2.01,,,7日間のクリックまたは1日間のビュー
2026-09-09,2026-09-09,新規獲得_コンバージョン,類似オーディエンス_購入者1%,新規_静止画_レビュー訴求,2026-09-09,2,actions:offsite_conversion.fb_pixel_purchase,4343,1.08,4694,7336,3668.00,42,0.89,70,1562.85,174.67,33,2,14980,2.04,,,7日間のクリックまたは1日間のビュー
2026-09-10,2026-09-10,新規獲得_コンバージョン,類似オーディエンス_購入者1%,新規_静止画_レビュー訴求,2026-09-10,2,actions:offsite_conversion.fb_pixel_purchase,4856,1.12,5461,7577,3788.50,60,1.10,104,1387.47,126.28,52,2,15756,2.08,,,7日間のクリックまたは1日間のビュー
2026-09-11,2026-09-11,新規獲得_コンバージョン,類似オーディエンス_購入者1%,新規_静止画_レビュー訴求,2026-09-11,1,actions:offsite_conversion.fb_pixel_purchase,3475,1.14,3965,5848,5848.00,44,1.11,88,1474.91,132.91,36,1,6752,1.15,,,7日間のクリックまたは1日間のビュー
2026-09-12,2026-09-12,新規獲得_コンバージョン,類似オーディエンス_購入者1%,新規_静止画_レビュー訴求,2026-09-12,2,actions:offsite_conversion.fb_pixel_purchase,5553,1.08,6000,8028,4014.00,73,1.22,126,1338.00,109.97,53,2,12427,1.55,,,7日間のクリックまたは1日間のビュー
2026-09-13,2026-09-13,新規獲得_コンバージョン,類似オーディエンス_購入者1%,新規_静止画_レビュー訴求,2026-09-13,2,actions:offsite_conversion.fb_pixel_purchase,4437,1.13,5029,6960,3480.00,54,1.07,91,1383.97,128.89,46,2,15606,2.24,,,7日間のクリックまたは1日間のビュー
2026-09-14,2026-09-14,新規獲得_コンバージョン,類似オーディエンス_購入者1%,新規_静止画_レビュー訴求,2026-09-14,2,actions:offsite_conversion.fb_pixel_purchase,4412,1.12,4962,6625,3312.50,59,1.19,104,1335.15,112.29,46,2,14587,2.20,,,7日間のクリックまたは1日間のビュー
2026-09-15,2026-09-15,新規獲得_コンバージョン,類似オーディエンス_購入者1%,新規_静止画_レビュー訴求,2026-09-15,2,actions:offsite_conversion.fb_pixel_purchase,3952,1.09,4302,5835,2917.50,50,1.16,89,1356.35,116.70,39,2,12059,2.07,,,7日間のクリックまたは1日間のビュー
2026-09-16,2026-09-16,新規獲得_コンバージョン,類似オーディエンス_購入者1%,新規_静止画_レビュー訴求,2026-09-16,1,actions:offsite_conversion.fb_pixel_purchase,3484,1.21,4232,5965,5965.00,42,0.99,78,1409.50,142.02,30,1,6186,1.04,,,7日間のクリックまたは1日間のビュー
2026-09-17,2026-09-17,新規獲得_コンバージョン,類似オーディエンス_購入者1%,新規_静止画_レビュー訴求,2026-09-17,1,actions:offsite_conversion.fb_pixel_purchase,3900,1.20,4672,6407,6407.00,46,0.98,91,1371.36,139.28,35,1,6219,0.97,,,7日間のクリックまたは1日間のビュー
2026-09-18,2026-09-18,新規獲得_コンバージョン,類似オーディエンス_購入者1%,新規_静止画_レビュー訴求,2026-09-18,2,actions:offsite_conversion.fb_pixel_purchase,3639,1.21,4393,5958,2979.00,36,0.82,64,1356.25,165.50,30,2,12175,2.04,,,7日間のクリックまたは1日間のビュー
2026-09-19,2026-09-19,新規獲得_コンバージョン,類似オーディエンス_購入者1%,新規_静止画_レビュー訴求,2026-09-19,2,actions:offsite_conversion.fb_pixel_purchase,5257,1.07,5638,8086,4043.00,69,1.22,119,1434.20,117.19,51,2,12376,1.53,,,7日間のクリックまたは1日間のビュー
2026-09-20,2026-09-20,新規獲得_コンバージョン,類似オーディエンス_購入者1%,新規_静止画_レビュー訴求,2026-09-20,2,actions:offsite_conversion.fb_pixel_purchase,4389,1.22,5341,8249,4124.50,48,0.90,89,1544.47,171.85,41,2,11648,1.41,,,7日間のクリックまたは1日間のビュー
2026-09-21,2026-09-21,新規獲得_コンバージョン,類似オーディエンス_購入者1%,新規_静止画_レビュー訴求,2026-09-21,2,actions:offsite_conversion.fb_pixel_purchase,4949,1.16,5738,7730,3865.00,65,1.13,124,1347.16,118.92,54,2,13815,1.79,,,7日間のクリックまたは1日間のビュー
2026-09-22,2026-09-22,新規獲得_コンバージョン,類似オーディエンス_購入者1%,新規_静止画_レビュー訴求,2026-09-22,1,actions:offsite_conversion.fb_pixel_purchase,4107,1.24,5095,6721,6721.00,47,0.92,82,1319.14,143.00,34,1,6542,0.97,,,7日間のクリックまたは1日間のビュー
2026-09-23,2026-09-23,新規獲得_コンバージョン,類似オーディエンス_購入者1%,新規_静止画_レビュー訴求,2026-09-23,2,actions:offsite_conversion.fb_pixel_purchase,4060,1.14,4638,6843,3421.50,51,1.10,101,1475.42,134.18,38,2,14146,2.07,,,7日間のクリックまたは1日間のビュー
2026-09-24,2026-09-24,新規獲得_コンバージョン,類似オーディエンス_購入者1%,新規_静止画_レビュー訴求,2026-09-24,1,actions:offsite_conversion.fb_pixel_purchase,3493,1.19,4149,5905,5905.00,41,0.99,76,1423.23,144.02,32,1,6158,1.04,,,7日間のクリックまたは1日間のビュー
2026-09-25,2026-09-25,新規獲得_コンバージョン,類似オーディエンス_購入者1%,新規_静止画_レビュー訴求,2026-09-25,2,actions:offsite_conversion.fb_pixel_purchase,5505,1.07,5864,7875,3937.50,64,1.09,106,1342.94,123.05,52,2,14754,1.87,,,7日間のクリックまたは1日間のビュー
2026-09-26,2026-09-26,新規獲得_コンバージョン,類似オーディエンス_購入者1%,新規_静止画_レビュー訴求,2026-09-26,2,actions:offsite_conversion.fb_pixel_purchase,5324,1.07,5674,7726,3863.00,55,0.97,99,1361.65,140.47,44,2,13276,1.72,,,7日間のクリックまたは1日間のビュー
2026-09-27,2026-09-27,新規獲得_コンバージョン,類似オーディエンス_購入者1%,新規_静止画_レビュー訴求,2026-09-27,2,actions:offsite_conversion.fb_pixel_purchase,4191,1.08,4526,6683,3341.50,54,1.19,97,1476.58,123.76,47,2,14140,2.12,,,7日間のクリックまたは1日間のビュー
2026-09-28,2026-09-28,新規獲得_コンバージョン,類似オーディエンス_購入者1%,新規_静止画_レビュー訴求,2026-09-28,1,actions:offsite_conversion.fb_pixel_purchase,4532,1.17,5318,7535,7535.00,55,1.03,105,1416.89,137.00,46,1,6663,0.88,,,7日間のクリックまたは1日間のビュー
2026-09-29,2026-09-29,新規獲得_コンバージョン,類似オーディエンス_購入者1%,新規_静止画_レビュー訴求,2026-09-29,1,actions:offsite_conversion.fb_pixel_purchase,3928,1.17,4593,6828,6828.00,57,1.24,100,1486.61,119.79,45,1,6409,0.94,,,7日間のクリックまたは1日間のビュー
2026-09-30,2026-09-30,新規獲得_コンバージョン,類似オーディエンス_購入者1%,新規_静止画_レビュー訴求,2026-09-30,2,actions:offsite_conversion.fb_pixel_purchase,4065,1.13,4591,6697,3348.50,42,0.91,76,1458.72,159.45,31,2,15616,2.33,,,7日間のクリックまたは1日間のビュー
2026-09-01,2026-09-01,新規獲得_コンバージョン,類似オーディエンス_購入者1%,新規_カルーセル_人気5選,2026-09-01,1,actions:offsite_conversion.fb_pixel_purchase,4158,1.08,4496,6446,6446.00,58,1.29,115,1433.72,111.14,46,1,6183,0.96,,,7日間のクリックまたは1日間のビュー
2026-09-02,2026-09-02,新規獲得_コンバージョン,類似オーディエンス_購入者1%,新規_カルーセル_人気5選,2026-09-02,1,actions:offsite_conversion.fb_pixel_purchase,4002,1.22,4886,7419,7419.00,48,0.98,81,1518.42,154.56,41,1,7691,1.04,,,7日間のクリックまたは1日間のビュー
2026-09-03,2026-09-03,新規獲得_コンバージョン,類似オーディエンス_購入者1%,新規_カルーセル_人気5選,2026-09-03,,actions:offsite_conversion.fb_pixel_purchase,3591,1.19,4275,6684,,46,1.08,88,1563.51,145.30,40,,,,,,7日間のクリックまたは1日間のビュー
2026-09-04,2026-09-04,新規獲得_コンバージョン,類似オーディエンス_購入者1%,新規_カルーセル_人気5選,2026-09-04,1,actions:offsite_conversion.fb_pixel_purchase,3369,1.17,3956,6072,6072.00,50,1.26,91,1534.88,121.44,43,1,6313,1.04,,,7日間のクリックまたは1日間のビュー
2026-09-05,2026-09-05,新規獲得_コンバージョン,類似オーディエンス_購入者1%,新規_カルーセル_人気5選,2026-09-05,2,actions:offsite_conversion.fb_pixel_purchase,4269,1.08,4616,6535,3267.50,56,1.21,112,1415.73,116.70,41,2,15961,2.44,,,7日間のクリックまたは1日間のビュー
2026-09-06,2026-09-06,新規獲得_コンバージョン,類似オーディエンス_購入者1%,新規_カルーセル_人気5選,2026-09-06,1,actions:offsite_conversion.fb_pixel_purchase,4501,1.18,5292,7846,7846.00,50,0.94,83,1482.62,156.92,44,1,7585,0.97,,,7日間のクリックまたは1日間のビュー
2026-09-07,2026-09-07,新規獲得_コンバージョン,類似オーディエンス_購入者1%,新規_カルーセル_人気5選,2026-09-07,1,actions:offsite_conversion.fb_pixel_purchase,3777,1.06,4019,6151,6151.00,45,1.12,77,1530.48,136.69,37,1,6805,1.11,,,7日間のクリックまたは1日間のビュー
2026-09-08,2026-09-08,新規獲得_コンバージョン,類似オーディエンス_購入者1%,新規_カルーセル_人気5選,2026-09-08,1,actions:offsite_conversion.fb_pixel_purchase,4337,1.06,4611,7344,7344.00,45,0.98,74,1592.71,163.20,38,1,7083,0.96,,,7日間のクリックまたは1日間のビュー
2026-09-09,2026-09-09,新規獲得_コンバージョン,類似オーディエンス_購入者1%,新規_カルーセル_人気5選,2026-09-09,2,actions:offsite_conversion.fb_pixel_purchase,4141,1.15,4767,6827,3413.50,58,1.22,106,1432.14,117.71,47,2,12083,1.77,,,7日間のクリックまたは1日間のビュー
2026-09-10,2026-09-10,新規獲得_コンバージョン,類似オーディエンス_購入者1%,新規_カルーセル_人気5選,2026-09-10,1,actions:offsite_conversion.fb_pixel_purchase,4037,1.08,4372,6949,6949.00,54,1.24,90,1589.43,128.69,39,1,6526,0.94,,,7日間のクリックまたは1日間のビュー
2026-09-11,2026-09-11,新規獲得_コンバージョン,類似オーディエンス_購入者1%,新規_カルーセル_人気5選,2026-09-11,2,actions:offsite_conversion.fb_pixel_purchase,4277,1.06,4525,7053,3526.50,57,1.26,95,1558.67,123.74,49,2,16151,2.29,,,7日間のクリックまたは1日間のビュー
2026-09-12,2026-09-12,新規獲得_コンバージョン,類似オーディエンス_購入者1%,新規_カルーセル_人気5選,2026-09-12,1,actions:offsite_conversion.fb_pixel_purchase,4086,1.10,4512,6564,6564.00,54,1.20,95,1454.79,121.56,42,1,6212,0.95,,,7日間のクリックまたは1日間のビュー
2026-09-13,2026-09-13,新規獲得_コンバージョン,類似オーディエンス_購入者1%,新規_カルーセル_人気5選,2026-09-13,,actions:offsite_conversion.fb_pixel_purchase,3925,1.25,4904,7536,,48,0.98,96,1536.70,157.00,35,,,,,,7日間のクリックまたは1日間のビュー
2026-09-14,2026-09-14,新規獲得_コンバージョン,類似オーディエンス_購入者1%,新規_カルーセル_人気5選,2026-09-14,1,actions:offsite_conversion.fb_pixel_purchase,3214,1.22,3906,5989,5989.00,42,1.08,74,1533.28,142.60,32,1,6541,1.09,,,7日間のクリックまたは1日間のビュー
2026-09-15,2026-09-15,新規獲得_コンバージョン,類似オーディエンス_購入者1%,新規_カルーセル_人気5選,2026-09-15,1,actions:offsite_conversion.fb_pixel_purchase,4277,1.16,4975,6715,6715.00,57,1.15,100,1349.75,117.81,49,1,5951,0.89,,,7日間のクリックまたは1日間のビュー
2026-09-16,2026-09-16,新規獲得_コンバージョン,類似オーディエンス_購入者1%,新規_カルーセル_人気5選,2026-09-16,2,actions:offsite_conversion.fb_pixel_purchase,3950,1.24,4898,7190,3595.00,47,0.96,83,1467.95,152.98,37,2,13014,1.81,,,7日間のクリックまたは1日間のビュー
2026-09-17,2026-09-17,新規獲得_コンバージョン,類似オーディエンス_購入者1%,新規_カルーセル_人気5選,2026-09-17,1,actions:offsite_conversion.fb_pixel_purchase,5735,1.05,6035,7941,7941.00,66,1.09,107,1315.82,120.32,50,1,6636,0.84,,,7日間のクリックまたは1日間のビュー
2026-09-18,2026-09-18,新規獲得_コンバージョン,類似オーディエンス_購入者1%,新規_カルーセル_人気5選,2026-09-18,1,actions:offsite_conversion.fb_pixel_purchase,4545,1.21,5490,7711,7711.00,71,1.29,120,1404.55,108.61,52,1,6477,0.84,,,7日間のクリックまたは1日間のビュー
2026-09-19,2026-09-19,新規獲得_コンバージョン,類似オーディエンス_購入者1%,新規_カルーセル_人気5選,2026-09-19,2,actions:offsite_conversion.fb_pixel_purchase,6470,1.09,7063,10351,5175.50,77,1.09,135,1465.52,134.43,58,2,14893,1.44,,,7日間のクリックまたは1日間のビュー
2026-09-20,2026-09-20,新規獲得_コンバージョン,類似オーディエンス_購入者1%,新規_カルーセル_人気5選,2026-09-20,2,actions:offsite_conversion.fb_pixel_purchase,6199,1.11,6900,10426,5213.00,83,1.20,160,1511.01,125.61,70,2,12824,1.23,,,7日間のクリックまたは1日間のビュー
2026-09-21,2026-09-21,新規獲得_コンバージョン,類似オーディエンス_購入者1%,新規_カルーセル_人気5選,2026-09-21,2,actions:offsite_conversion.fb_pixel_purchase,5732,1.08,6196,8513,4256.50,58,0.94,93,1373.95,146.78,44,2,15731,1.85,,,7日間のクリックまたは1日間のビュー
2026-09-22,2026-09-22,新規獲得_コンバージョン,類似オーディエンス_購入者1%,新規_カルーセル_人気5選,2026-09-22,1,actions:offsite_conversion.fb_pixel_purchase,4480,1.10,4950,7204,7204.00,50,1.01,91,1455.35,144.08,43,1,6448,0.90,,,7日間のクリックまたは1日間のビュー
2026-09-23,2026-09-23,新規獲得_コンバージョン,類似オーディエンス_購入者1%,新規_カルーセル_人気5選,2026-09-23,2,actions:offsite_conversion.fb_pixel_purchase,3954,1.23,4873,7536,3768.00,52,1.07,98,1546.48,144.92,39,2,12572,1.67,,,7日間のクリックまたは1日間のビュー
2026-09-24,2026-09-24,新規獲得_コンバージョン,類似オーディエンス_購入者1%,新規_カルーセル_人気5選,2026-09-24,1,actions:offsite_conversion.fb_pixel_purchase,3444,1.21,4165,6073,6073.00,40,0.96,67,1458.10,151.82,30,1,7013,1.15,,,7日間のクリックまたは1日間のビュー
2026-09-25,2026-09-25,新規獲得_コンバージョン,類似オーディエンス_購入者1%,新規_カルーセル_人気5選,2026-09-25,1,actions:offsite_conversion.fb_pixel_purchase,4784,1.12,5368,8074,8074.00,56,1.04,99,1504.10,144.18,45,1,7878,0.98,,,7日間のクリックまたは1日間のビュー
2026-09-26,2026-09-26,新規獲得_コンバージョン,類似オーディエンス_購入者1%,新規_カルーセル_人気5選,2026-09-26,1,actions:offsite_conversion.fb_pixel_purchase,4761,1.07,5106,7957,7957.00,65,1.27,115,1558.36,122.42,51,1,6786,0.85,,,7日間のクリックまたは1日間のビュー
2026-09-27,2026-09-27,新規獲得_コンバージョン,類似オーディエンス_購入者1%,新規_カルーセル_人気5選,2026-09-27,1,actions:offsite_conversion.fb_pixel_purchase,4578,1.21,5533,7682,7682.00,63,1.14,121,1388.40,121.94,47,1,6125,0.80,,,7日間のクリックまたは1日間のビュー
2026-09-28,2026-09-28,新規獲得_コンバージョン,類似オーディエンス_購入者1%,新規_カルーセル_人気5選,2026-09-28,1,actions:offsite_conversion.fb_pixel_purchase,3828,1.07,4100,5883,5883.00,55,1.34,110,1434.88,106.96,43,1,8113,1.38,,,7日間のクリックまたは1日間のビュー
2026-09-29,2026-09-29,新規獲得_コンバージョン,類似オーディエンス_購入者1%,新規_カルーセル_人気5選,2026-09-29,1,actions:offsite_conversion.fb_pixel_purchase,4563,1.12,5121,6990,6990.00,55,1.07,98,1364.97,127.09,47,1,5956,0.85,,,7日間のクリックまたは1日間のビュー
2026-09-30,2026-09-30,新規獲得_コンバージョン,類似オーディエンス_購入者1%,新規_カルーセル_人気5選,2026-09-30,1,actions:offsite_conversion.fb_pixel_purchase,4099,1.21,4941,6888,6888.00,67,1.36,110,1394.05,102.81,50,1,7799,1.13,,,7日間のクリックまたは1日間のビュー
2026-09-01,2026-09-01,新規獲得_コンバージョン,興味関心_キッチン雑貨,新規_動画_使い方15秒,2026-09-01,1,actions:offsite_conversion.fb_pixel_purchase,3550,1.16,4119,5631,5631.00,49,1.19,94,1367.08,114.92,36,1,6187,1.10,835,296,7日間のクリックまたは1日間のビュー
2026-09-02,2026-09-02,新規獲得_コンバージョン,興味関心_キッチン雑貨,新規_動画_使い方15秒,2026-09-02,1,actions:offsite_conversion.fb_pixel_purchase,3707,1.11,4132,5721,5721.00,58,1.40,94,1384.56,98.64,51,1,6650,1.16,1188,395,7日間のクリックまたは1日間のビュー
2026-09-03,2026-09-03,新規獲得_コンバージョン,興味関心_キッチン雑貨,新規_動画_使い方15秒,2026-09-03,1,actions:offsite_conversion.fb_pixel_purchase,3432,1.10,3789,5955,5955.00,55,1.45,96,1571.65,108.27,46,1,7541,1.27,939,323,7日間のクリックまたは1日間のビュー
2026-09-04,2026-09-04,新規獲得_コンバージョン,興味関心_キッチン雑貨,新規_動画_使い方15秒,2026-09-04,1,actions:offsite_conversion.fb_pixel_purchase,3167,1.21,3817,5149,5149.00,41,1.07,75,1348.97,125.59,33,1,7925,1.54,803,267,7日間のクリックまたは1日間のビュー
2026-09-05,2026-09-05,新規獲得_コンバージョン,興味関心_キッチン雑貨,新規_動画_使い方15秒,2026-09-05,1,actions:offsite_conversion.fb_pixel_purchase,3539,1.09,3866,5238,5238.00,44,1.14,88,1354.89,119.05,33,1,7969,1.52,967,232,7日間のクリックまたは1日間のビュー
2026-09-06,2026-09-06,新規獲得_コンバージョン,興味関心_キッチン雑貨,新規_動画_使い方15秒,2026-09-06,1,actions:offsite_conversion.fb_pixel_purchase,3762,1.09,4103,5933,5933.00,46,1.12,90,1446.02,128.98,35,1,6461,1.09,948,296,7日間のクリックまたは1日間のビュー
2026-09-07,2026-09-07,新規獲得_コンバージョン,興味関心_キッチン雑貨,新規_動画_使い方15秒,2026-09-07,1,actions:offsite_conversion.fb_pixel_purchase,2533,1.24,3144,4812,4812.00,34,1.08,63,1530.53,141.53,26,1,7709,1.60,812,311,7日間のクリックまたは1日間のビュー
2026-09-08,2026-09-08,新規獲得_コンバージョン,興味関心_キッチン雑貨,新規_動画_使い方15秒,2026-09-08,1,actions:offsite_conversion.fb_pixel_purchase,2946,1.19,3510,4685,4685.00,53,1.51,101,1334.76,88.40,45,1,7713,1.65,886,255,7日間のクリックまたは1日間のビュー
2026-09-09,2026-09-09,新規獲得_コンバージョン,興味関心_キッチン雑貨,新規_動画_使い方15秒,2026-09-09,1,actions:offsite_conversion.fb_pixel_purchase,2702,1.24,3354,5297,5297.00,42,1.25,78,1579.31,126.12,32,1,7014,1.32,800,249,7日間のクリックまたは1日間のビュー
2026-09-10,2026-09-10,新規獲得_コンバージョン,興味関心_キッチン雑貨,新規_動画_使い方15秒,2026-09-10,1,actions:offsite_conversion.fb_pixel_purchase,2848,1.07,3043,4311,4311.00,34,1.12,58,1416.69,126.79,25,1,7536,1.75,629,246,7日間のクリックまたは1日間のビュー
2026-09-11,2026-09-11,新規獲得_コンバージョン,興味関心_キッチン雑貨,新規_動画_使い方15秒,2026-09-11,1,actions:offsite_conversion.fb_pixel_purchase,2955,1.14,3359,4754,4754.00,44,1.31,78,1415.30,108.05,37,1,6358,1.34,831,299,7日間のクリックまたは1日間のビュー
2026-09-12,2026-09-12,新規獲得_コンバージョン,興味関心_キッチン雑貨,新規_動画_使い方15秒,2026-09-12,1,actions:offsite_conversion.fb_pixel_purchase,3463,1.14,3950,5692,5692.00,53,1.34,88,1441.01,107.40,43,1,6135,1.08,1138,312,7日間のクリックまたは1日間のビュー
2026-09-13,2026-09-13,新規獲得_コンバージョン,興味関心_キッチン雑貨,新規_動画_使い方15秒,2026-09-13,1,actions:offsite_conversion.fb_pixel_purchase,3611,1.08,3884,5293,5293.00,59,1.52,105,1362.77,89.71,46,1,6254,1.18,977,265,7日間のクリックまたは1日間のビュー
2026-09-14,2026-09-14,新規獲得_コンバージョン,興味関心_キッチン雑貨,新規_動画_使い方15秒,2026-09-14,,actions:offsite_conversion.fb_pixel_purchase,2703,1.07,2886,4305,,34,1.18,64,1491.68,126.62,29,,,,609,204,7日間のクリックまたは1日間のビュー
2026-09-15,2026-09-15,新規獲得_コンバージョン,興味関心_キッチン雑貨,新規_動画_使い方15秒,2026-09-15,1,actions:offsite_conversion.fb_pixel_purchase,3612,1.08,3894,5641,5641.00,47,1.21,78,1448.64,120.02,40,1,7776,1.38,1028,242,7日間のクリックまたは1日間のビュー
2026-09-16,2026-09-16,新規獲得_コンバージョン,興味関心_キッチン雑貨,新規_動画_使い方15秒,2026-09-16,1,actions:offsite_conversion.fb_pixel_purchase,3083,1.25,3841,5087,5087.00,56,1.46,96,1324.39,90.84,44,1,6840,1.34,856,246,7日間のクリックまたは1日間のビュー
2026-09-17,2026-09-17,新規獲得_コンバージョン,興味関心_キッチン雑貨,新規_動画_使い方15秒,2026-09-17,1,actions:offsite_conversion.fb_pixel_purchase,2570,1.23,3167,4836,4836.00,39,1.23,70,1527.00,124.00,31,1,6689,1.38,899,207,7日間のクリックまたは1日間のビュー
2026-09-18,2026-09-18,新規獲得_コンバージョン,興味関心_キッチン雑貨,新規_動画_使い方15秒,2026-09-18,1,actions:offsite_conversion.fb_pixel_purchase,3666,1.25,4573,6129,6129.00,61,1.33,99,1340.26,100.48,45,1,5911,0.96,973,393,7日間のクリックまたは1日間のビュー
2026-09-19,2026-09-19,新規獲得_コンバージョン,興味関心_キッチン雑貨,新規_動画_使い方15秒,2026-09-19,2,actions:offsite_conversion.fb_pixel_purchase,4953,1.06,5256,7514,3757.00,64,1.22,114,1429.60,117.41,56,2,12999,1.73,1489,410,7日間のクリックまたは1日間のビュー
2026-09-20,2026-09-20,新規獲得_コンバージョン,興味関心_キッチン雑貨,新規_動画_使い方15秒,2026-09-20,2,actions:offsite_conversion.fb_pixel_purchase,5198,1.10,5692,7984,3992.00,74,1.30,121,1402.67,107.89,60,2,15694,1.97,1312,385,7日間のクリックまたは1日間のビュー
2026-09-21,2026-09-21,新規獲得_コンバージョン,興味関心_キッチン雑貨,新規_動画_使い方15秒,2026-09-21,1,actions:offsite_conversion.fb_pixel_purchase,4718,1.09,5155,6783,6783.00,72,1.40,135,1315.81,94.21,52,1,6738,0.99,1274,444,7日間のクリックまたは1日間のビュー
2026-09-22,2026-09-22,新規獲得_コンバージョン,興味関心_キッチン雑貨,新規_動画_使い方15秒,2026-09-22,1,actions:offsite_conversion.fb_pixel_purchase,4189,1.11,4632,6451,6451.00,48,1.04,91,1392.70,134.40,40,1,6177,0.96,1181,397,7日間のクリックまたは1日間のビュー
2026-09-23,2026-09-23,新規獲得_コンバージョン,興味関心_キッチン雑貨,新規_動画_使い方15秒,2026-09-23,1,actions:offsite_conversion.fb_pixel_purchase,3576,1.13,4044,5727,5727.00,56,1.38,108,1416.17,102.27,41,1,7488,1.31,1025,381,7日間のクリックまたは1日間のビュー
2026-09-24,2026-09-24,新規獲得_コンバージョン,興味関心_キッチン雑貨,新規_動画_使い方15秒,2026-09-24,,actions:offsite_conversion.fb_pixel_purchase,3041,1.23,3729,5186,,44,1.18,85,1390.72,117.86,38,,,,913,269,7日間のクリックまたは1日間のビュー
2026-09-25,2026-09-25,新規獲得_コンバージョン,興味関心_キッチン雑貨,新規_動画_使い方15秒,2026-09-25,,actions:offsite_conversion.fb_pixel_purchase,3572,1.09,3910,5926,,44,1.13,86,1515.60,134.68,33,,,,876,302,7日間のクリックまたは1日間のビュー
2026-09-26,2026-09-26,新規獲得_コンバージョン,興味関心_キッチン雑貨,新規_動画_使い方15秒,2026-09-26,1,actions:offsite_conversion.fb_pixel_purchase,3535,1.09,3852,5577,5577.00,57,1.48,106,1447.82,97.84,47,1,7033,1.26,819,244,7日間のクリックまたは1日間のビュー
2026-09-27,2026-09-27,新規獲得_コンバージョン,興味関心_キッチン雑貨,新規_動画_使い方15秒,2026-09-27,1,actions:offsite_conversion.fb_pixel_purchase,3627,1.19,4334,5803,5803.00,53,1.22,102,1338.95,109.49,45,1,7064,1.22,1140,341,7日間のクリックまたは1日間のビュー
2026-09-28,2026-09-28,新規獲得_コンバージョン,興味関心_キッチン雑貨,新規_動画_使い方15秒,2026-09-28,1,actions:offsite_conversion.fb_pixel_purchase,2943,1.12,3287,4868,4868.00,37,1.13,71,1480.99,131.57,32,1,6315,1.30,671,296,7日間のクリックまたは1日間のビュー
2026-09-29,2026-09-29,新規獲得_コンバージョン,興味関心_キッチン雑貨,新規_動画_使い方15秒,2026-09-29,1,actions:offsite_conversion.fb_pixel_purchase,3725,1.07,3982,5651,5651.00,44,1.10,76,1419.14,128.43,38,1,6555,1.16,1017,322,7日間のクリックまたは1日間のビュー
2026-09-30,2026-09-30,新規獲得_コンバージョン,興味関心_キッチン雑貨,新規_動画_使い方15秒,2026-09-30,2,actions:offsite_conversion.fb_pixel_purchase,3105,1.18,3655,4937,2468.50,50,1.37,85,1350.75,98.74,36,2,12199,2.47,948,344,7日間のクリックまたは1日間のビュー
2026-09-01,2026-09-01,新規獲得_コンバージョン,興味関心_キッチン雑貨,新規_静止画_レビュー訴求,2026-09-01,1,actions:offsite_conversion.fb_pixel_purchase,3193,1.11,3560,5000,5000.00,43,1.21,73,1404.49,116.28,37,1,7698,1.54,,,7日間のクリックまたは1日間のビュー
2026-09-02,2026-09-02,新規獲得_コンバージョン,興味関心_キッチン雑貨,新規_静止画_レビュー訴求,2026-09-02,,actions:offsite_conversion.fb_pixel_purchase,3028,1.25,3784,5707,,41,1.08,74,1508.19,139.20,31,,,,,,7日間のクリックまたは1日間のビュー
2026-09-03,2026-09-03,新規獲得_コンバージョン,興味関心_キッチン雑貨,新規_静止画_レビュー訴求,2026-09-03,1,actions:offsite_conversion.fb_pixel_purchase,3040,1.16,3515,5588,5588.00,44,1.25,86,1589.76,127.00,33,1,6962,1.25,,,7日間のクリックまたは1日間のビュー
2026-09-04,2026-09-04,新規獲得_コンバージョン,興味関心_キッチン雑貨,新規_静止画_レビュー訴求,2026-09-04,1,actions:offsite_conversion.fb_pixel_purchase,3662,1.17,4287,5774,5774.00,43,1.00,73,1346.86,134.28,36,1,7678,1.33,,,7日間のクリックまたは1日間のビュー
2026-09-05,2026-09-05,新規獲得_コンバージョン,興味関心_キッチン雑貨,新規_静止画_レビュー訴求,2026-09-05,1,actions:offsite_conversion.fb_pixel_purchase,3234,1.12,3607,5017,5017.00,32,0.89,60,1390.91,156.78,25,1,6277,1.25,,,7日間のクリックまたは1日間のビュー
2026-09-06,2026-09-06,新規獲得_コンバージョン,興味関心_キッチン雑貨,新規_静止画_レビュー訴求,2026-09-06,1,actions:offsite_conversion.fb_pixel_purchase,3639,1.09,3964,5851,5851.00,41,1.03,80,1476.03,142.71,35,1,6476,1.11,,,7日間のクリックまたは1日間のビュー
2026-09-07,2026-09-07,新規獲得_コンバージョン,興味関心_キッチン雑貨,新規_静止画_レビュー訴求,2026-09-07,1,actions:offsite_conversion.fb_pixel_purchase,3105,1.17,3642,4953,4953.00,47,1.29,76,1359.97,105.38,39,1,6413,1.29,,,7日間のクリックまたは1日間のビュー
2026-09-08,2026-09-08,新規獲得_コンバージョン,興味関心_キッチン雑貨,新規_静止画_レビュー訴求,2026-09-08,,actions:offsite_conversion.fb_pixel_purchase,2954,1.24,3662,5191,,39,1.06,72,1417.53,133.10,32,,,,,,7日間のクリックまたは1日間のビュー
2026-09-09,2026-09-09,新規獲得_コンバージョン,興味関心_キッチン雑貨,新規_静止画_レビュー訴求,2026-09-09,1,actions:offsite_conversion.fb_pixel_purchase,2773,1.21,3352,5120,5120.00,41,1.22,78,1527.45,124.88,35,1,7742,1.51,,,7日間のクリックまたは1日間のビュー
2026-09-10,2026-09-10,新規獲得_コンバージョン,興味関心_キッチン雑貨,新規_静止画_レビュー訴求,2026-09-10,,actions:offsite_conversion.fb_pixel_purchase,2516,1.25,3143,4585,,30,0.95,56,1458.80,152.83,26,,,,,,7日間のクリックまたは1日間のビュー
2026-09-11,2026-09-11,新規獲得_コンバージョン,興味関心_キッチン雑貨,新規_静止画_レビュー訴求,2026-09-11,1,actions:offsite_conversion.fb_pixel_purchase,2805,1.15,3217,4730,4730.00,35,1.09,69,1470.31,135.14,25,1,5869,1.24,,,7日間のクリックまたは1日間のビュー
2026-09-12,2026-09-12,新規獲得_コンバージョン,興味関心_キッチン雑貨,新規_静止画_レビュー訴求,2026-09-12,2,actions:offsite_conversion.fb_pixel_purchase,4005,1.15,4622,6684,3342.00,60,1.30,117,1446.13,111.40,47,2,13575,2.03,,,7日間のクリックまたは1日間のビュー
2026-09-13,2026-09-13,新規獲得_コンバージョン,興味関心_キッチン雑貨,新規_静止画_レビュー訴求,2026-09-13,1,actions:offsite_conversion.fb_pixel_purchase,3264,1.24,4063,5848,5848.00,40,0.98,79,1439.33,146.20,29,1,7928,1.36,,,7日間のクリックまたは1日間のビュー
2026-09-14,2026-09-14,新規獲得_コンバージョン,興味関心_キッチン雑貨,新規_静止画_レビュー訴求,2026-09-14,,actions:offsite_conversion.fb_pixel_purchase,2496,1.19,2964,4227,,38,1.28,69,1426.11,111.24,28,,,,,,7日間のクリックまたは1日間のビュー
2026-09-15,2026-09-15,新規獲得_コンバージョン,興味関心_キッチン雑貨,新規_静止画_レビュー訴求,2026-09-15,,actions:offsite_conversion.fb_pixel_purchase,3645,1.10,4020,5280,,45,1.12,77,1313.43,117.33,36,,,,,,7日間のクリックまたは1日間のビュー
2026-09-16,2026-09-16,新規獲得_コンバージョン,興味関心_キッチン雑貨,新規_静止画_レビュー訴求,2026-09-16,1,actions:offsite_conversion.fb_pixel_purchase,2916,1.09,3174,4810,4810.00,38,1.20,69,1515.44,126.58,28,1,7779,1.62,,,7日間のクリックまたは1日間のビュー
2026-09-17,2026-09-17,新規獲得_コンバージョン,興味関心_キッチン雑貨,新規_静止画_レビュー訴求,2026-09-17,1,actions:offsite_conversion.fb_pixel_purchase,3034,1.06,3216,5100,5100.00,29,0.90,56,1585.82,175.86,24,1,6125,1.20,,,7日間のクリックまたは1日間のビュー
2026-09-18,2026-09-18,新規獲得_コンバージョン,興味関心_キッチン雑貨,新規_静止画_レビュー訴求,2026-09-18,1,actions:offsite_conversion.fb_pixel_purchase,3478,1.10,3834,5707,5707.00,34,0.89,67,1488.52,167.85,27,1,7396,1.30,,,7日間のクリックまたは1日間のビュー
2026-09-19,2026-09-19,新規獲得_コンバージョン,興味関心_キッチン雑貨,新規_静止画_レビュー訴求,2026-09-19,1,actions:offsite_conversion.fb_pixel_purchase,4713,1.10,5193,7029,7029.00,65,1.25,104,1353.55,108.14,52,1,7271,1.03,,,7日間のクリックまたは1日間のビュー
2026-09-20,2026-09-20,新規獲得_コンバージョン,興味関心_キッチン雑貨,新規_静止画_レビュー訴求,2026-09-20,1,actions:offsite_conversion.fb_pixel_purchase,4584,1.07,4885,7021,7021.00,49,1.00,88,1437.26,143.29,40,1,5800,0.83,,,7日間のクリックまたは1日間のビュー
2026-09-21,2026-09-21,新規獲得_コンバージョン,興味関心_キッチン雑貨,新規_静止画_レビュー訴求,2026-09-21,1,actions:offsite_conversion.fb_pixel_purchase,4615,1.12,5162,6897,6897.00,54,1.05,102,1336.11,127.72,45,1,7210,1.05,,,7日間のクリックまたは1日間のビュー
2026-09-22,2026-09-22,新規獲得_コンバージョン,興味関心_キッチン雑貨,新規_静止画_レビュー訴求,2026-09-22,1,actions:offsite_conversion.fb_pixel_purchase,3703,1.11,4105,6245,6245.00,49,1.19,98,1521.32,127.45,40,1,7779,1.25,,,7日間のクリックまたは1日間のビュー
2026-09-23,2026-09-23,新規獲得_コンバージョン,興味関心_キッチン雑貨,新規_静止画_レビュー訴求,2026-09-23,1,actions:offsite_conversion.fb_pixel_purchase,3862,1.10,4256,6349,6349.00,47,1.10,77,1491.78,135.09,38,1,5821,0.92,,,7日間のクリックまたは1日間のビュー
2026-09-24,2026-09-24,新規獲得_コンバージョン,興味関心_キッチン雑貨,新規_静止画_レビュー訴求,2026-09-24,1,actions:offsite_conversion.fb_pixel_purchase,3138,1.13,3549,5643,5643.00,44,1.24,86,1590.03,128.25,38,1,7846,1.39,,,7日間のクリックまたは1日間のビュー
2026-09-25,2026-09-25,新規獲得_コンバージョン,興味関心_キッチン雑貨,新規_静止画_レビュー訴求,2026-09-25,1,actions:offsite_conversion.fb_pixel_purchase,4256,1.07,4573,6171,6171.00,48,1.05,93,1349.44,128.56,41,1,6057,0.98,,,7日間のクリックまたは1日間のビュー
2026-09-26,2026-09-26,新規獲得_コンバージョン,興味関心_キッチン雑貨,新規_静止画_レビュー訴求,2026-09-26,1,actions:offsite_conversion.fb_pixel_purchase,4202,1.11,4669,6792,6792.00,42,0.90,77,1454.70,161.71,32,1,7599,1.12,,,7日間のクリックまたは1日間のビュー
2026-09-27,2026-09-27,新規獲得_コンバージョン,興味関心_キッチン雑貨,新規_静止画_レビュー訴求,2026-09-27,1,actions:offsite_conversion.fb_pixel_purchase,4522,1.06,4797,6561,6561.00,43,0.90,74,1367.73,152.58,38,1,7054,1.08,,,7日間のクリックまたは1日間のビュー
2026-09-28,2026-09-28,新規獲得_コンバージョン,興味関心_キッチン雑貨,新規_静止画_レビュー訴求,2026-09-28,1,actions:offsite_conversion.fb_pixel_purchase,3353,1.12,3744,5259,5259.00,41,1.10,72,1404.65,128.27,30,1,6362,1.21,,,7日間のクリックまたは1日間のビュー
2026-09-29,2026-09-29,新規獲得_コンバージョン,興味関心_キッチン雑貨,新規_静止画_レビュー訴求,2026-09-29,1,actions:offsite_conversion.fb_pixel_purchase,3625,1.20,4354,5881,5881.00,53,1.22,98,1350.71,110.96,46,1,7154,1.22,,,7日間のクリックまたは1日間のビュー
2026-09-30,2026-09-30,新規獲得_コンバージョン,興味関心_キッチン雑貨,新規_静止画_レビュー訴求,2026-09-30,1,actions:offsite_conversion.fb_pixel_purchase,3855,1.12,4300,5686,5686.00,40,0.93,68,1322.33,142.15,29,1,7641,1.34,,,7日間のクリックまたは1日間のビュー
2026-09-01,2026-09-01,新規獲得_コンバージョン,興味関心_キッチン雑貨,新規_カルーセル_人気5選,2026-09-01,,actions:offsite_conversion.fb_pixel_purchase,2687,1.09,2923,4657,,40,1.37,73,1593.23,116.42,29,,,,,,7日間のクリックまたは1日間のビュー
2026-09-02,2026-09-02,新規獲得_コンバージョン,興味関心_キッチン雑貨,新規_カルーセル_人気5選,2026-09-02,1,actions:offsite_conversion.fb_pixel_purchase,3180,1.18,3746,5212,5212.00,51,1.36,93,1391.35,102.20,44,1,7377,1.42,,,7日間のクリックまたは1日間のビュー
2026-09-03,2026-09-03,新規獲得_コンバージョン,興味関心_キッチン雑貨,新規_カルーセル_人気5選,2026-09-03,1,actions:offsite_conversion.fb_pixel_purchase,2816,1.07,3017,4527,4527.00,40,1.33,68,1500.50,113.17,34,1,8000,1.77,,,7日間のクリックまたは1日間のビュー
2026-09-04,2026-09-04,新規獲得_コンバージョン,興味関心_キッチン雑貨,新規_カルーセル_人気5選,2026-09-04,1,actions:offsite_conversion.fb_pixel_purchase,3397,1.08,3663,5774,5774.00,51,1.39,89,1576.30,113.22,42,1,6066,1.05,,,7日間のクリックまたは1日間のビュー
2026-09-05,2026-09-05,新規獲得_コンバージョン,興味関心_キッチン雑貨,新規_カルーセル_人気5選,2026-09-05,1,actions:offsite_conversion.fb_pixel_purchase,3336,1.06,3540,4876,4876.00,37,1.05,70,1377.40,131.78,30,1,8025,1.65,,,7日間のクリックまたは1日間のビュー
2026-09-06,2026-09-06,新規獲得_コンバージョン,興味関心_キッチン雑貨,新規_カルーセル_人気5選,2026-09-06,1,actions:offsite_conversion.fb_pixel_purchase,3519,1.14,4026,5395,5395.00,54,1.34,105,1340.04,99.91,40,1,7731,1.43,,,7日間のクリックまたは1日間のビュー
2026-09-07,2026-09-07,新規獲得_コンバージョン,興味関心_キッチン雑貨,新規_カルーセル_人気5選,2026-09-07,1,actions:offsite_conversion.fb_pixel_purchase,3095,1.06,3286,4397,4397.00,37,1.13,61,1338.10,118.84,30,1,7162,1.63,,,7日間のクリックまたは1日間のビュー
2026-09-08,2026-09-08,新規獲得_コンバージョン,興味関心_キッチン雑貨,新規_カルーセル_人気5選,2026-09-08,,actions:offsite_conversion.fb_pixel_purchase,2977,1.07,3176,4666,,31,0.98,54,1469.14,150.52,23,,,,,,7日間のクリックまたは1日間のビュー
2026-09-09,2026-09-09,新規獲得_コンバージョン,興味関心_キッチン雑貨,新規_カルーセル_人気5選,2026-09-09,1,actions:offsite_conversion.fb_pixel_purchase,3174,1.09,3457,4994,4994.00,47,1.36,85,1444.61,106.26,37,1,7811,1.56,,,7日間のクリックまたは1日間のビュー
2026-09-10,2026-09-10,新規獲得_コンバージョン,興味関心_キッチン雑貨,新規_カルーセル_人気5選,2026-09-10,1,actions:offsite_conversion.fb_pixel_purchase,3321,1.14,3796,5281,5281.00,43,1.13,77,1391.20,122.81,32,1,6322,1.20,,,7日間のクリックまたは1日間のビュー
2026-09-11,2026-09-11,新規獲得_コンバージョン,興味関心_キッチン雑貨,新規_カルーセル_人気5選,2026-09-11,,actions:offsite_conversion.fb_pixel_purchase,3021,1.24,3760,5480,,42,1.12,68,1457.45,130.48,31,,,,,,7日間のクリックまたは1日間のビュー
2026-09-12,2026-09-12,新規獲得_コンバージョン,興味関心_キッチン雑貨,新規_カルーセル_人気5選,2026-09-12,1,actions:offsite_conversion.fb_pixel_purchase,3092,1.14,3511,4796,4796.00,40,1.14,72,1365.99,119.90,32,1,6318,1.32,,,7日間のクリックまたは1日間のビュー
2026-09-13,2026-09-13,新規獲得_コンバージョン,興味関心_キッチン雑貨,新規_カルーセル_人気5選,2026-09-13,1,actions:offsite_conversion.fb_pixel_purchase,2733,1.21,3299,5076,5076.00,48,1.45,88,1538.65,105.75,36,1,7752,1.53,,,7日間のクリックまたは1日間のビュー
2026-09-14,2026-09-14,新規獲得_コンバージョン,興味関心_キッチン雑貨,新規_カルーセル_人気5選,2026-09-14,1,actions:offsite_conversion.fb_pixel_purchase,3216,1.15,3691,4857,4857.00,51,1.38,88,1315.90,95.24,44,1,6590,1.36,,,7日間のクリックまたは1日間のビュー
2026-09-15,2026-09-15,新規獲得_コンバージョン,興味関心_キッチン雑貨,新規_カルーセル_人気5選,2026-09-15,1,actions:offsite_conversion.fb_pixel_purchase,3417,1.20,4110,5517,5517.00,56,1.36,99,1342.34,98.52,49,1,6147,1.11,,,7日間のクリックまたは1日間のビュー
2026-09-16,2026-09-16,新規獲得_コンバージョン,興味関心_キッチン雑貨,新規_カルーセル_人気5選,2026-09-16,1,actions:offsite_conversion.fb_pixel_purchase,3135,1.14,3570,4700,4700.00,35,0.98,69,1316.53,134.29,31,1,8091,1.72,,,7日間のクリックまたは1日間のビュー
2026-09-17,2026-09-17,新規獲得_コンバージョン,興味関心_キッチン雑貨,新規_カルーセル_人気5選,2026-09-17,1,actions:offsite_conversion.fb_pixel_purchase,3419,1.06,3611,5455,5455.00,35,0.97,66,1510.66,155.86,30,1,7656,1.40,,,7日間のクリックまたは1日間のビュー
2026-09-18,2026-09-18,新規獲得_コンバージョン,興味関心_キッチン雑貨,新規_カルーセル_人気5選,2026-09-18,1,actions:offsite_conversion.fb_pixel_purchase,3424,1.16,3966,5844,5844.00,53,1.34,102,1473.52,110.26,41,1,5966,1.02,,,7日間のクリックまたは1日間のビュー
2026-09-19,2026-09-19,新規獲得_コンバージョン,興味関心_キッチン雑貨,新規_カルーセル_人気5選,2026-09-19,1,actions:offsite_conversion.fb_pixel_purchase,4201,1.14,4778,7234,7234.00,61,1.28,102,1514.02,118.59,45,1,7325,1.01,,,7日間のクリックまたは1日間のビュー
2026-09-20,2026-09-20,新規獲得_コンバージョン,興味関心_キッチン雑貨,新規_カルーセル_人気5選,2026-09-20,2,actions:offsite_conversion.fb_pixel_purchase,4479,1.17,5225,7443,3721.50,69,1.32,137,1424.50,107.87,60,2,11818,1.59,,,7日間のクリックまたは1日間のビュー
2026-09-21,2026-09-21,新規獲得_コンバージョン,興味関心_キッチン雑貨,新規_カルーセル_人気5選,2026-09-21,1,actions:offsite_conversion.fb_pixel_purchase,4375,1.05,4602,6569,6569.00,65,1.41,122,1427.42,101.06,53,1,6525,0.99,,,7日間のクリックまたは1日間のビュー
2026-09-22,2026-09-22,新規獲得_コンバージョン,興味関心_キッチン雑貨,新規_カルーセル_人気5選,2026-09-22,,actions:offsite_conversion.fb_pixel_purchase,2902,1.11,3229,5117,,45,1.39,74,1584.70,113.71,37,,,,,,7日間のクリックまたは1日間のビュー
2026-09-23,2026-09-23,新規獲得_コンバージョン,興味関心_キッチン雑貨,新規_カルーセル_人気5選,2026-09-23,1,actions:offsite_conversion.fb_pixel_purchase,4497,1.07,4790,6739,6739.00,63,1.32,107,1406.89,106.97,46,1,6548,0.97,,,7日間のクリックまたは1日間のビュー
2026-09-24,2026-09-24,新規獲得_コンバージョン,興味関心_キッチン雑貨,新規_カルーセル_人気5選,2026-09-24,1,actions:offsite_conversion.fb_pixel_purchase,3317,1.21,4017,5325,5325.00,42,1.05,68,1325.62,126.79,34,1,6649,1.25,,,7日間のクリックまたは1日間のビュー
2026-09-25,2026-09-25,新規獲得_コンバージョン,興味関心_キッチン雑貨,新規_カルーセル_人気5選,2026-09-25,,actions:offsite_conversion.fb_pixel_purchase,2842,1.24,3518,5204,,43,1.22,70,1479.25,121.02,31,,,,,,7日間のクリックまたは1日間のビュー
2026-09-26,2026-09-26,新規獲得_コンバージョン,興味関心_キッチン雑貨,新規_カルーセル_人気5選,2026-09-26,1,actions:offsite_conversion.fb_pixel_purchase,3602,1.25,4500,6740,6740.00,54,1.20,95,1497.78,124.81,41,1,6466,0.96,,,7日間のクリックまたは1日間のビュー
2026-09-27,2026-09-27,新規獲得_コンバージョン,興味関心_キッチン雑貨,新規_カルーセル_人気5選,2026-09-27,,actions:offsite_conversion.fb_pixel_purchase,2716,1.17,3188,4798,,34,1.07,62,1505.02,141.12,27,,,,,,7日間のクリックまたは1日間のビュー
2026-09-28,2026-09-28,新規獲得_コンバージョン,興味関心_キッチン雑貨,新規_カルーセル_人気5選,2026-09-28,1,actions:offsite_conversion.fb_pixel_purchase,2885,1.22,3506,5321,5321.00,48,1.37,84,1517.68,110.85,36,1,7981,1.50,,,7日間のクリックまたは1日間のビュー
2026-09-29,2026-09-29,新規獲得_コンバージョン,興味関心_キッチン雑貨,新規_カルーセル_人気5選,2026-09-29,,actions:offsite_conversion.fb_pixel_purchase,2902,1.13,3276,4787,,38,1.16,64,1461.23,125.97,28,,,,,,7日間のクリックまたは1日間のビュー
2026-09-30,2026-09-30,新規獲得_コンバージョン,興味関心_キッチン雑貨,新規_カルーセル_人気5選,2026-09-30,,actions:offsite_conversion.fb_pixel_purchase,3199,1.16,3725,5627,,38,1.02,72,1510.60,148.08,33,,,,,,7日間のクリックまたは1日間のビュー
2026-09-01,2026-09-01,新規獲得_コンバージョン,ブロード_女性25-54,新規_動画_使い方15秒,2026-09-01,,actions:offsite_conversion.fb_pixel_purchase,2687,1.16,3128,4104,,39,1.25,75,1312.02,105.23,33,,,,910,214,7日間のクリックまたは1日間のビュー
2026-09-02,2026-09-02,新規獲得_コンバージョン,ブロード_女性25-54,新規_動画_使い方15秒,2026-09-02,1,actions:offsite_conversion.fb_pixel_purchase,2184,1.22,2655,3720,3720.00,28,1.05,53,1401.13,132.86,22,1,6719,1.81,761,218,7日間のクリックまたは1日間のビュー
2026-09-03,2026-09-03,新規獲得_コンバージョン,ブロード_女性25-54,新規_動画_使い方15秒,2026-09-03,1,actions:offsite_conversion.fb_pixel_purchase,2455,1.17,2868,4533,4533.00,28,0.98,45,1580.54,161.89,24,1,7649,1.69,582,206,7日間のクリックまたは1日間のビュー
2026-09-04,2026-09-04,新規獲得_コンバージョン,ブロード_女性25-54,新規_動画_使い方15秒,2026-09-04,,actions:offsite_conversion.fb_pixel_purchase,2276,1.18,2688,4072,,26,0.97,51,1514.88,156.62,20,,,,684,179,7日間のクリックまたは1日間のビュー
2026-09-05,2026-09-05,新規獲得_コンバージョン,ブロード_女性25-54,新規_動画_使い方15秒,2026-09-05,1,actions:offsite_conversion.fb_pixel_purchase,2856,1.15,3280,4824,4824.00,38,1.16,67,1470.73,126.95,31,1,6208,1.29,917,314,7日間のクリックまたは1日間のビュー
2026-09-06,2026-09-06,新規獲得_コンバージョン,ブロード_女性25-54,新規_動画_使い方15秒,2026-09-06,1,actions:offsite_conversion.fb_pixel_purchase,2695,1.12,3011,4421,4421.00,41,1.36,68,1468.28,107.83,30,1,5963,1.35,705,210,7日間のクリックまたは1日間のビュー
2026-09-07,2026-09-07,新規獲得_コンバージョン,ブロード_女性25-54,新規_動画_使い方15秒,2026-09-07,1,actions:offsite_conversion.fb_pixel_purchase,2437,1.19,2894,3932,3932.00,29,1.00,50,1358.67,135.59,24,1,7410,1.88,823,248,7日間のクリックまたは1日間のビュー
2026-09-08,2026-09-08,新規獲得_コンバージョン,ブロード_女性25-54,新規_動画_使い方15秒,2026-09-08,,actions:offsite_conversion.fb_pixel_purchase,2710,1.07,2903,4124,,34,1.17,65,1420.60,121.29,27,,,,704,215,7日間のクリックまたは1日間のビュー
2026-09-09,2026-09-09,新規獲得_コンバージョン,ブロード_女性25-54,新規_動画_使い方15秒,2026-09-09,1,actions:offsite_conversion.fb_pixel_purchase,2204,1.13,2492,3918,3918.00,25,1.00,42,1572.23,156.72,20,1,7767,1.98,698,189,7日間のクリックまたは1日間のビュー
2026-09-10,2026-09-10,新規獲得_コンバージョン,ブロード_女性25-54,新規_動画_使い方15秒,2026-09-10,,actions:offsite_conversion.fb_pixel_purchase,3080,1.05,3243,4479,,37,1.14,73,1381.13,121.05,31,,,,902,321,7日間のクリックまたは1日間のビュー
2026-09-11,2026-09-11,新規獲得_コンバージョン,ブロード_女性25-54,新規_動画_使い方15秒,2026-09-11,1,actions:offsite_conversion.fb_pixel_purchase,2644,1.22,3226,4702,4702.00,42,1.30,80,1457.53,111.95,33,1,6119,1.30,789,212,7日間のクリックまたは1日間のビュー
2026-09-12,2026-09-12,新規獲得_コンバージョン,ブロード_女性25-54,新規_動画_使い方15秒,2026-09-12,1,actions:offsite_conversion.fb_pixel_purchase,3289,1.06,3479,5051,5051.00,46,1.32,87,1451.85,109.80,39,1,5969,1.18,987,291,7日間のクリックまたは1日間のビュー
2026-09-13,2026-09-13,新規獲得_コンバージョン,ブロード_女性25-54,新規_動画_使い方15秒,2026-09-13,1,actions:offsite_conversion.fb_pixel_purchase,3294,1.17,3851,5042,5042.00,49,1.27,91,1309.27,102.90,39,1,7532,1.49,1109,236,7日間のクリックまたは1日間のビュー
2026-09-14,2026-09-14,新規獲得_コンバージョン,ブロード_女性25-54,新規_動画_使い方15秒,2026-09-14,,actions:offsite_conversion.fb_pixel_purchase,2272,1.15,2618,3949,,34,1.30,68,1508.40,116.15,25,,,,762,173,7日間のクリックまたは1日間のビュー
2026-09-15,2026-09-15,新規獲得_コンバージョン,ブロード_女性25-54,新規_動画_使い方15秒,2026-09-15,1,actions:offsite_conversion.fb_pixel_purchase,2584,1.06,2735,3805,3805.00,34,1.24,61,1391.22,111.91,25,1,7155,1.88,805,189,7日間のクリックまたは1日間のビュー
2026-09-16,2026-09-16,新規獲得_コンバージョン,ブロード_女性25-54,新規_動画_使い方15秒,2026-09-16,,actions:offsite_conversion.fb_pixel_purchase,2105,1.10,2326,3688,,30,1.29,55,1585.55,122.93,23,,,,538,149,7日間のクリックまたは1日間のビュー
2026-09-17,2026-09-17,新規獲得_コンバージョン,ブロード_女性25-54,新規_動画_使い方15秒,2026-09-17,1,actions:offsite_conversion.fb_pixel_purchase,2983,1.06,3155,4134,4134.00,44,1.39,83,1310.30,93.95,38,1,5786,1.40,672,220,7日間のクリックまたは1日間のビュー
2026-09-18,2026-09-18,新規獲得_コンバージョン,ブロード_女性25-54,新規_動画_使い方15秒,2026-09-18,1,actions:offsite_conversion.fb_pixel_purchase,3203,1.16,3708,5106,5106.00,43,1.16,72,1377.02,118.74,37,1,7009,1.37,775,340,7日間のクリックまたは1日間のビュー
2026-09-19,2026-09-19,新規獲得_コンバージョン,ブロード_女性25-54,新規_動画_使い方15秒,2026-09-19,1,actions:offsite_conversion.fb_pixel_purchase,3367,1.15,3875,5930,5930.00,41,1.06,76,1530.32,144.63,36,1,7259,1.22,791,270,7日間のクリックまたは1日間のビュー
2026-09-20,2026-09-20,新規獲得_コンバージョン,ブロード_女性25-54,新規_動画_使い方15秒,2026-09-20,1,actions:offsite_conversion.fb_pixel_purchase,3453,1.13,3916,5242,5242.00,50,1.28,85,1338.61,104.84,42,1,7053,1.35,789,285,7日間のクリックまたは1日間のビュー
2026-09-21,2026-09-21,新規獲得_コンバージョン,ブロード_女性25-54,新規_動画_使い方15秒,2026-09-21,1,actions:offsite_conversion.fb_pixel_purchase,2863,1.08,3104,4650,4650.00,38,1.22,72,1498.07,122.37,31,1,7867,1.69,757,213,7日間のクリックまたは1日間のビュー
2026-09-22,2026-09-22,新規獲得_コンバージョン,ブロード_女性25-54,新規_動画_使い方15秒,2026-09-22,,actions:offsite_conversion.fb_pixel_purchase,3011,1.12,3379,4690,,37,1.09,74,1387.98,126.76,27,,,,864,265,7日間のクリックまたは1日間のビュー
2026-09-23,2026-09-23,新規獲得_コンバージョン,ブロード_女性25-54,新規_動画_使い方15秒,2026-09-23,1,actions:offsite_conversion.fb_pixel_purchase,2861,1.21,3471,5396,5396.00,42,1.21,68,1554.60,128.48,32,1,6779,1.26,938,270,7日間のクリックまたは1日間のビュー
2026-09-24,2026-09-24,新規獲得_コンバージョン,ブロード_女性25-54,新規_動画_使い方15秒,2026-09-24,,actions:offsite_conversion.fb_pixel_purchase,2973,1.16,3440,4736,,40,1.16,74,1376.74,118.40,34,,,,740,257,7日間のクリックまたは1日間のビュー
2026-09-25,2026-09-25,新規獲得_コンバージョン,ブロード_女性25-54,新規_動画_使い方15秒,2026-09-25,,actions:offsite_conversion.fb_pixel_purchase,2868,1.08,3096,4935,,31,1.00,58,1593.99,159.19,23,,,,909,290,7日間のクリックまたは1日間のビュー
2026-09-26,2026-09-26,新規獲得_コンバージョン,ブロード_女性25-54,新規_動画_使い方15秒,2026-09-26,,actions:offsite_conversion.fb_pixel_purchase,2781,1.09,3022,4473,,33,1.09,55,1480.15,135.55,27,,,,740,287,7日間のクリックまたは1日間のビュー
2026-09-27,2026-09-27,新規獲得_コンバージョン,ブロード_女性25-54,新規_動画_使い方15秒,2026-09-27,1,actions:offsite_conversion.fb_pixel_purchase,2633,1.21,3178,4212,4212.00,30,0.94,54,1325.36,140.40,23,1,6196,1.47,941,248,7日間のクリックまたは1日間のビュー
2026-09-28,2026-09-28,新規獲得_コンバージョン,ブロード_女性25-54,新規_動画_使い方15秒,2026-09-28,,actions:offsite_conversion.fb_pixel_purchase,2855,1.07,3053,4638,,41,1.34,66,1519.16,113.12,34,,,,830,302,7日間のクリックまたは1日間のビュー
2026-09-29,2026-09-29,新規獲得_コンバージョン,ブロード_女性25-54,新規_動画_使い方15秒,2026-09-29,1,actions:offsite_conversion.fb_pixel_purchase,2533,1.18,2984,4318,4318.00,38,1.27,75,1447.05,113.63,28,1,6008,1.39,673,241,7日間のクリックまたは1日間のビュー
2026-09-30,2026-09-30,新規獲得_コンバージョン,ブロード_女性25-54,新規_動画_使い方15秒,2026-09-30,,actions:offsite_conversion.fb_pixel_purchase,2506,1.06,2647,4032,,34,1.28,65,1523.23,118.59,27,,,,732,195,7日間のクリックまたは1日間のビュー
2026-09-01,2026-09-01,新規獲得_コンバージョン,ブロード_女性25-54,新規_静止画_レビュー訴求,2026-09-01,1,actions:offsite_conversion.fb_pixel_purchase,2463,1.15,2822,3939,3939.00,25,0.89,44,1395.82,157.56,22,1,6870,1.74,,,7日間のクリックまたは1日間のビュー
2026-09-02,2026-09-02,新規獲得_コンバージョン,ブロード_女性25-54,新規_静止画_レビュー訴求,2026-09-02,,actions:offsite_conversion.fb_pixel_purchase,2828,1.17,3298,4853,,27,0.82,50,1471.50,179.74,21,,,,,,7日間のクリックまたは1日間のビュー
2026-09-03,2026-09-03,新規獲得_コンバージョン,ブロード_女性25-54,新規_静止画_レビュー訴求,2026-09-03,1,actions:offsite_conversion.fb_pixel_purchase,2740,1.19,3255,5070,5070.00,37,1.14,68,1557.60,137.03,27,1,6376,1.26,,,7日間のクリックまたは1日間のビュー
2026-09-04,2026-09-04,新規獲得_コンバージョン,ブロード_女性25-54,新規_静止画_レビュー訴求,2026-09-04,1,actions:offsite_conversion.fb_pixel_purchase,2952,1.13,3324,5030,5030.00,30,0.90,51,1513.24,167.67,23,1,7664,1.52,,,7日間のクリックまたは1日間のビュー
2026-09-05,2026-09-05,新規獲得_コンバージョン,ブロード_女性25-54,新規_静止画_レビュー訴求,2026-09-05,1,actions:offsite_conversion.fb_pixel_purchase,2778,1.24,3436,4975,4975.00,35,1.02,59,1447.90,142.14,30,1,7798,1.57,,,7日間のクリックまたは1日間のビュー
2026-09-06,2026-09-06,新規獲得_コンバージョン,ブロード_女性25-54,新規_静止画_レビュー訴求,2026-09-06,1,actions:offsite_conversion.fb_pixel_purchase,2940,1.14,3358,4735,4735.00,37,1.10,69,1410.07,127.97,27,1,7262,1.53,,,7日間のクリックまたは1日間のビュー
2026-09-07,2026-09-07,新規獲得_コンバージョン,ブロード_女性25-54,新規_静止画_レビュー訴求,2026-09-07,1,actions:offsite_conversion.fb_pixel_purchase,2332,1.22,2854,3758,3758.00,29,1.02,56,1316.75,129.59,25,1,6742,1.79,,,7日間のクリックまたは1日間のビュー
2026-09-08,2026-09-08,新規獲得_コンバージョン,ブロード_女性25-54,新規_静止画_レビュー訴求,2026-09-08,,actions:offsite_conversion.fb_pixel_purchase,3136,1.06,3317,4649,,38,1.15,70,1401.57,122.34,33,,,,,,7日間のクリックまたは1日間のビュー
2026-09-09,2026-09-09,新規獲得_コンバージョン,ブロード_女性25-54,新規_静止画_レビュー訴求,2026-09-09,,actions:offsite_conversion.fb_pixel_purchase,2468,1.08,2670,4133,,27,1.01,51,1547.94,153.07,21,,,,,,7日間のクリックまたは1日間のビュー
2026-09-10,2026-09-10,新規獲得_コンバージョン,ブロード_女性25-54,新規_静止画_レビュー訴求,2026-09-10,1,actions:offsite_conversion.fb_pixel_purchase,2929,1.10,3225,4725,4725.00,26,0.81,47,1465.12,181.73,22,1,7662,1.62,,,7日間のクリックまたは1日間のビュー
2026-09-11,2026-09-11,新規獲得_コンバージョン,ブロード_女性25-54,新規_静止画_レビュー訴求,2026-09-11,,actions:offsite_conversion.fb_pixel_purchase,2658,1.11,2947,4312,,26,0.88,47,1463.18,165.85,19,,,,,,7日間のクリックまたは1日間のビュー
2026-09-12,2026-09-12,新規獲得_コンバージョン,ブロード_女性25-54,新規_静止画_レビュー訴求,2026-09-12,,actions:offsite_conversion.fb_pixel_purchase,3111,1.09,3404,5427,,30,0.88,50,1594.30,180.90,24,,,,,,7日間のクリックまたは1日間のビュー
2026-09-13,2026-09-13,新規獲得_コンバージョン,ブロード_女性25-54,新規_静止画_レビュー訴求,2026-09-13,1,actions:offsite_conversion.fb_pixel_purchase,2555,1.08,2750,4311,4311.00,27,0.98,48,1567.64,159.67,23,1,6997,1.62,,,7日間のクリックまたは1日間のビュー
2026-09-14,2026-09-14,新規獲得_コンバージョン,ブロード_女性25-54,新規_静止画_レビュー訴求,2026-09-14,1,actions:offsite_conversion.fb_pixel_purchase,2888,1.20,3477,4690,4690.00,34,0.98,62,1348.86,137.94,25,1,6242,1.33,,,7日間のクリックまたは1日間のビュー
2026-09-15,2026-09-15,新規獲得_コンバージョン,ブロード_女性25-54,新規_静止画_レビュー訴求,2026-09-15,,actions:offsite_conversion.fb_pixel_purchase,2843,1.14,3244,4423,,28,0.86,47,1363.44,157.96,22,,,,,,7日間のクリックまたは1日間のビュー
2026-09-16,2026-09-16,新規獲得_コンバージョン,ブロード_女性25-54,新規_静止画_レビュー訴求,2026-09-16,,actions:offsite_conversion.fb_pixel_purchase,2460,1.23,3017,4698,,24,0.80,39,1557.18,195.75,21,,,,,,7日間のクリックまたは1日間のビュー
2026-09-17,2026-09-17,新規獲得_コンバージョン,ブロード_女性25-54,新規_静止画_レビュー訴求,2026-09-17,1,actions:offsite_conversion.fb_pixel_purchase,2758,1.14,3151,4324,4324.00,31,0.98,50,1372.26,139.48,22,1,6647,1.54,,,7日間のクリックまたは1日間のビュー
2026-09-18,2026-09-18,新規獲得_コンバージョン,ブロード_女性25-54,新規_静止画_レビュー訴求,2026-09-18,,actions:offsite_conversion.fb_pixel_purchase,3076,1.09,3343,4526,,33,0.99,55,1353.87,137.15,25,,,,,,7日間のクリックまたは1日間のビュー
2026-09-19,2026-09-19,新規獲得_コンバージョン,ブロード_女性25-54,新規_静止画_レビュー訴求,2026-09-19,1,actions:offsite_conversion.fb_pixel_purchase,3744,1.16,4355,6734,6734.00,40,0.92,70,1546.27,168.35,31,1,7810,1.16,,,7日間のクリックまたは1日間のビュー
2026-09-20,2026-09-20,新規獲得_コンバージョン,ブロード_女性25-54,新規_静止画_レビュー訴求,2026-09-20,1,actions:offsite_conversion.fb_pixel_purchase,2931,1.19,3493,5465,5465.00,36,1.03,58,1564.56,151.81,31,1,7551,1.38,,,7日間のクリックまたは1日間のビュー
2026-09-21,2026-09-21,新規獲得_コンバージョン,ブロード_女性25-54,新規_静止画_レビュー訴求,2026-09-21,1,actions:offsite_conversion.fb_pixel_purchase,2977,1.10,3268,5050,5050.00,35,1.07,62,1545.29,144.29,27,1,6810,1.35,,,7日間のクリックまたは1日間のビュー
2026-09-22,2026-09-22,新規獲得_コンバージョン,ブロード_女性25-54,新規_静止画_レビュー訴求,2026-09-22,1,actions:offsite_conversion.fb_pixel_purchase,3639,1.19,4324,5829,5829.00,48,1.11,81,1348.06,121.44,41,1,6190,1.06,,,7日間のクリックまたは1日間のビュー
2026-09-23,2026-09-23,新規獲得_コンバージョン,ブロード_女性25-54,新規_静止画_レビュー訴求,2026-09-23,1,actions:offsite_conversion.fb_pixel_purchase,3948,1.06,4175,5492,5492.00,43,1.03,85,1315.45,127.72,35,1,6692,1.22,,,7日間のクリックまたは1日間のビュー
2026-09-24,2026-09-24,新規獲得_コンバージョン,ブロード_女性25-54,新規_静止画_レビュー訴求,2026-09-24,,actions:offsite_conversion.fb_pixel_purchase,2432,1.09,2645,3765,,28,1.06,49,1423.44,134.46,20,,,,,,7日間のクリックまたは1日間のビュー
2026-09-25,2026-09-25,新規獲得_コンバージョン,ブロード_女性25-54,新規_静止画_レビュー訴求,2026-09-25,1,actions:offsite_conversion.fb_pixel_purchase,3036,1.16,3529,5413,5413.00,38,1.08,62,1533.86,142.45,28,1,7670,1.42,,,7日間のクリックまたは1日間のビュー
2026-09-26,2026-09-26,新規獲得_コンバージョン,ブロード_女性25-54,新規_静止画_レビュー訴求,2026-09-26,1,actions:offsite_conversion.fb_pixel_purchase,2841,1.24,3517,5236,5236.00,33,0.94,54,1488.77,158.67,27,1,7995,1.53,,,7日間のクリックまたは1日間のビュー
2026-09-27,2026-09-27,新規獲得_コンバージョン,ブロード_女性25-54,新規_静止画_レビュー訴求,2026-09-27,1,actions:offsite_conversion.fb_pixel_purchase,3428,1.08,3697,5644,5644.00,37,1.00,72,1526.64,152.54,29,1,7762,1.38,,,7日間のクリックまたは1日間のビュー
2026-09-28,2026-09-28,新規獲得_コンバージョン,ブロード_女性25-54,新規_静止画_レビュー訴求,2026-09-28,,actions:offsite_conversion.fb_pixel_purchase,2290,1.20,2749,3739,,27,0.98,50,1360.13,138.48,24,,,,,,7日間のクリックまたは1日間のビュー
2026-09-29,2026-09-29,新規獲得_コンバージョン,ブロード_女性25-54,新規_静止画_レビュー訴求,2026-09-29,,actions:offsite_conversion.fb_pixel_purchase,2257,1.17,2644,4052,,24,0.91,47,1532.53,168.83,17,,,,,,7日間のクリックまたは1日間のビュー
2026-09-30,2026-09-30,新規獲得_コンバージョン,ブロード_女性25-54,新規_静止画_レビュー訴求,2026-09-30,1,actions:offsite_conversion.fb_pixel_purchase,2522,1.22,3076,4872,4872.00,25,0.81,50,1583.88,194.88,18,1,7546,1.55,,,7日間のクリックまたは1日間のビュー
2026-09-15,2026-09-15,新規獲得_コンバージョン,ブロード_女性25-54,新規_UGC動画_9月新作,2026-09-15,1,actions:offsite_conversion.fb_pixel_purchase,2876,1.09,3122,4444,4444.00,46,1.47,83,1423.45,96.61,40,1,8112,1.83,639,198,7日間のクリックまたは1日間のビュー
2026-09-16,2026-09-16,新規獲得_コンバージョン,ブロード_女性25-54,新規_UGC動画_9月新作,2026-09-16,1,actions:offsite_conversion.fb_pixel_purchase,2776,1.23,3409,4673,4673.00,51,1.50,82,1370.78,91.63,43,1,7762,1.66,818,212,7日間のクリックまたは1日間のビュー
2026-09-17,2026-09-17,新規獲得_コンバージョン,ブロード_女性25-54,新規_UGC動画_9月新作,2026-09-17,1,actions:offsite_conversion.fb_pixel_purchase,2391,1.24,2962,4473,4473.00,54,1.82,91,1510.13,82.83,44,1,7244,1.62,706,219,7日間のクリックまたは1日間のビュー
2026-09-18,2026-09-18,新規獲得_コンバージョン,ブロード_女性25-54,新規_UGC動画_9月新作,2026-09-18,1,actions:offsite_conversion.fb_pixel_purchase,2373,1.14,2706,3830,3830.00,37,1.37,69,1415.37,103.51,31,1,6254,1.63,687,262,7日間のクリックまたは1日間のビュー
2026-09-19,2026-09-19,新規獲得_コンバージョン,ブロード_女性25-54,新規_UGC動画_9月新作,2026-09-19,2,actions:offsite_conversion.fb_pixel_purchase,3129,1.25,3904,5814,2907.00,59,1.51,106,1489.24,98.54,47,2,14832,2.55,1022,385,7日間のクリックまたは1日間のビュー
2026-09-20,2026-09-20,新規獲得_コンバージョン,ブロード_女性25-54,新規_UGC動画_9月新作,2026-09-20,2,actions:offsite_conversion.fb_pixel_purchase,3638,1.12,4059,5464,2732.00,65,1.60,122,1346.14,84.06,56,2,14825,2.71,1085,331,7日間のクリックまたは1日間のビュー
2026-09-21,2026-09-21,新規獲得_コンバージョン,ブロード_女性25-54,新規_UGC動画_9月新作,2026-09-21,2,actions:offsite_conversion.fb_pixel_purchase,2907,1.24,3618,5160,2580.00,51,1.41,102,1426.20,101.18,40,2,12877,2.50,1052,231,7日間のクリックまたは1日間のビュー
2026-09-22,2026-09-22,新規獲得_コンバージョン,ブロード_女性25-54,新規_UGC動画_9月新作,2026-09-22,2,actions:offsite_conversion.fb_pixel_purchase,3340,1.18,3953,6004,3002.00,77,1.95,126,1518.85,77.97,58,2,11768,1.96,868,314,7日間のクリックまたは1日間のビュー
2026-09-23,2026-09-23,新規獲得_コンバージョン,ブロード_女性25-54,新規_UGC動画_9月新作,2026-09-23,1,actions:offsite_conversion.fb_pixel_purchase,3167,1.06,3359,4817,4817.00,58,1.73,103,1434.06,83.05,48,1,6468,1.34,686,330,7日間のクリックまたは1日間のビュー
2026-09-24,2026-09-24,新規獲得_コンバージョン,ブロード_女性25-54,新規_UGC動画_9月新作,2026-09-24,2,actions:offsite_conversion.fb_pixel_purchase,3074,1.12,3456,4788,2394.00,66,1.91,126,1385.42,72.55,56,2,13093,2.73,710,225,7日間のクリックまたは1日間のビュー
2026-09-25,2026-09-25,新規獲得_コンバージョン,ブロード_女性25-54,新規_UGC動画_9月新作,2026-09-25,1,actions:offsite_conversion.fb_pixel_purchase,2402,1.16,2796,4272,4272.00,44,1.57,75,1527.90,97.09,32,1,6679,1.56,728,244,7日間のクリックまたは1日間のビュー
2026-09-26,2026-09-26,新規獲得_コンバージョン,ブロード_女性25-54,新規_UGC動画_9月新作,2026-09-26,1,actions:offsite_conversion.fb_pixel_purchase,2597,1.16,3021,4510,4510.00,53,1.75,94,1492.88,85.09,46,1,6079,1.35,742,220,7日間のクリックまたは1日間のビュー
2026-09-27,2026-09-27,新規獲得_コンバージョン,ブロード_女性25-54,新規_UGC動画_9月新作,2026-09-27,1,actions:offsite_conversion.fb_pixel_purchase,3040,1.09,3316,4482,4482.00,45,1.36,73,1351.63,99.60,33,1,7251,1.62,777,296,7日間のクリックまたは1日間のビュー
2026-09-28,2026-09-28,新規獲得_コンバージョン,ブロード_女性25-54,新規_UGC動画_9月新作,2026-09-28,,actions:offsite_conversion.fb_pixel_purchase,2858,1.12,3206,4203,,49,1.53,80,1310.98,85.78,42,,,,661,231,7日間のクリックまたは1日間のビュー
2026-09-29,2026-09-29,新規獲得_コンバージョン,ブロード_女性25-54,新規_UGC動画_9月新作,2026-09-29,1,actions:offsite_conversion.fb_pixel_purchase,2150,1.21,2603,3687,3687.00,44,1.69,81,1416.44,83.80,38,1,7688,2.09,631,187,7日間のクリックまたは1日間のビュー
2026-09-30,2026-09-30,新規獲得_コンバージョン,ブロード_女性25-54,新規_UGC動画_9月新作,2026-09-30,1,actions:offsite_conversion.fb_pixel_purchase,3044,1.14,3478,5137,5137.00,57,1.64,94,1477.00,90.12,46,1,8133,1.58,999,279,7日間のクリックまたは1日間のビュー
2026-09-01,2026-09-01,リターゲティング,カート放棄_7日,RT_クーポン訴求,2026-09-01,1,actions:offsite_conversion.fb_pixel_purchase,828,1.09,906,1847,1847.00,16,1.77,28,2038.63,115.44,12,1,6759,3.66,,,7日間のクリックまたは1日間のビュー
2026-09-02,2026-09-02,リターゲティング,カート放棄_7日,RT_クーポン訴求,2026-09-02,1,actions:offsite_conversion.fb_pixel_purchase,524,1.18,617,1513,1513.00,10,1.62,16,2452.19,151.30,8,1,8063,5.33,,,7日間のクリックまたは1日間のビュー
2026-09-03,2026-09-03,リターゲティング,カート放棄_7日,RT_クーポン訴求,2026-09-03,2,actions:offsite_conversion.fb_pixel_purchase,803,1.12,903,1965,982.50,16,1.77,27,2176.08,122.81,12,2,16186,8.24,,,7日間のクリックまたは1日間のビュー
2026-09-04,2026-09-04,リターゲティング,カート放棄_7日,RT_クーポン訴求,2026-09-04,1,actions:offsite_conversion.fb_pixel_purchase,537,1.20,645,1555,1555.00,9,1.40,16,2410.85,172.78,7,1,7103,4.57,,,7日間のクリックまたは1日間のビュー
2026-09-05,2026-09-05,リターゲティング,カート放棄_7日,RT_クーポン訴求,2026-09-05,2,actions:offsite_conversion.fb_pixel_purchase,921,1.14,1046,2172,1086.00,17,1.63,29,2076.48,127.76,14,2,15177,6.99,,,7日間のクリックまたは1日間のビュー
2026-09-06,2026-09-06,リターゲティング,カート放棄_7日,RT_クーポン訴求,2026-09-06,,actions:offsite_conversion.fb_pixel_purchase,746,1.18,877,1826,,13,1.48,24,2082.10,140.46,10,,,,,,7日間のクリックまたは1日間のビュー
2026-09-07,2026-09-07,リターゲティング,カート放棄_7日,RT_クーポン訴求,2026-09-07,1,actions:offsite_conversion.fb_pixel_purchase,626,1.08,675,1576,1576.00,10,1.48,19,2334.81,157.60,8,1,8794,5.58,,,7日間のクリックまたは1日間のビュー
2026-09-08,2026-09-08,リターゲティング,カート放棄_7日,RT_クーポン訴求,2026-09-08,1,actions:offsite_conversion.fb_pixel_purchase,747,1.05,787,1688,1688.00,12,1.52,22,2144.85,140.67,10,1,7994,4.74,,,7日間のクリックまたは1日間のビュー
2026-09-09,2026-09-09,リターゲティング,カート放棄_7日,RT_クーポン訴求,2026-09-09,2,actions:offsite_conversion.fb_pixel_purchase,661,1.21,803,1957,978.50,13,1.62,24,2437.11,150.54,10,2,15795,8.07,,,7日間のクリックまたは1日間のビュー
2026-09-10,2026-09-10,リターゲティング,カート放棄_7日,RT_クーポン訴求,2026-09-10,,actions:offsite_conversion.fb_pixel_purchase,565,1.14,643,1513,,9,1.40,16,2353.03,168.11,7,,,,,,7日間のクリックまたは1日間のビュー
2026-09-11,2026-09-11,リターゲティング,カート放棄_7日,RT_クーポン訴求,2026-09-11,1,actions:offsite_conversion.fb_pixel_purchase,837,1.13,949,2015,2015.00,16,1.69,29,2123.29,125.94,12,1,7029,3.49,,,7日間のクリックまたは1日間のビュー
2026-09-12,2026-09-12,リターゲティング,カート放棄_7日,RT_クーポン訴求,2026-09-12,1,actions:offsite_conversion.fb_pixel_purchase,901,1.12,1010,2159,2159.00,13,1.29,22,2137.62,166.08,10,1,7750,3.59,,,7日間のクリックまたは1日間のビュー
2026-09-13,2026-09-13,リターゲティング,カート放棄_7日,RT_クーポン訴求,2026-09-13,,actions:offsite_conversion.fb_pixel_purchase,599,1.11,664,1612,,10,1.51,17,2427.71,161.20,8,,,,,,7日間のクリックまたは1日間のビュー
2026-09-14,2026-09-14,リターゲティング,カート放棄_7日,RT_クーポン訴求,2026-09-14,1,actions:offsite_conversion.fb_pixel_purchase,533,1.23,653,1588,1588.00,12,1.84,21,2431.85,132.33,10,1,8300,5.23,,,7日間のクリックまたは1日間のビュー
2026-09-15,2026-09-15,リターゲティング,カート放棄_7日,RT_クーポン訴求,2026-09-15,1,actions:offsite_conversion.fb_pixel_purchase,494,1.14,562,1384,1384.00,8,1.42,14,2462.63,173.00,7,1,7158,5.17,,,7日間のクリックまたは1日間のビュー
2026-09-16,2026-09-16,リターゲティング,カート放棄_7日,RT_クーポン訴求,2026-09-16,1,actions:offsite_conversion.fb_pixel_purchase,599,1.14,682,1632,1632.00,9,1.32,17,2392.96,181.33,7,1,7228,4.43,,,7日間のクリックまたは1日間のビュー
2026-09-17,2026-09-17,リターゲティング,カート放棄_7日,RT_クーポン訴求,2026-09-17,2,actions:offsite_conversion.fb_pixel_purchase,707,1.18,836,1734,867.00,16,1.91,28,2074.16,108.38,13,2,15842,9.14,,,7日間のクリックまたは1日間のビュー
2026-09-18,2026-09-18,リターゲティング,カート放棄_7日,RT_クーポン訴求,2026-09-18,1,actions:offsite_conversion.fb_pixel_purchase,676,1.19,804,1855,1855.00,13,1.62,24,2307.21,142.69,10,1,6911,3.73,,,7日間のクリックまたは1日間のビュー
2026-09-19,2026-09-19,リターゲティング,カート放棄_7日,RT_クーポン訴求,2026-09-19,2,actions:offsite_conversion.fb_pixel_purchase,821,1.22,1001,2252,1126.00,13,1.30,23,2249.75,173.23,11,2,15977,7.09,,,7日間のクリックまたは1日間のビュー
2026-09-20,2026-09-20,リターゲティング,カート放棄_7日,RT_クーポン訴求,2026-09-20,2,actions:offsite_conversion.fb_pixel_purchase,886,1.21,1069,2537,1268.50,19,1.78,34,2373.25,133.53,15,2,15660,6.17,,,7日間のクリックまたは1日間のビュー
2026-09-21,2026-09-21,リターゲティング,カート放棄_7日,RT_クーポン訴求,2026-09-21,1,actions:offsite_conversion.fb_pixel_purchase,789,1.18,933,1957,1957.00,12,1.29,21,2097.53,163.08,10,1,8681,4.44,,,7日間のクリックまたは1日間のビュー
2026-09-22,2026-09-22,リターゲティング,カート放棄_7日,RT_クーポン訴求,2026-09-22,2,actions:offsite_conversion.fb_pixel_purchase,955,1.07,1023,2209,1104.50,14,1.37,24,2159.34,157.79,11,2,14689,6.65,,,7日間のクリックまたは1日間のビュー
2026-09-23,2026-09-23,リターゲティング,カート放棄_7日,RT_クーポン訴求,2026-09-23,1,actions:offsite_conversion.fb_pixel_purchase,829,1.05,874,1960,1960.00,15,1.72,24,2242.56,130.67,11,1,6892,3.52,,,7日間のクリックまたは1日間のビュー
2026-09-24,2026-09-24,リターゲティング,カート放棄_7日,RT_クーポン訴求,2026-09-24,1,actions:offsite_conversion.fb_pixel_purchase,669,1.12,752,1752,1752.00,13,1.73,21,2329.79,134.77,11,1,7240,4.13,,,7日間のクリックまたは1日間のビュー
2026-09-25,2026-09-25,リターゲティング,カート放棄_7日,RT_クーポン訴求,2026-09-25,1,actions:offsite_conversion.fb_pixel_purchase,849,1.06,904,1922,1922.00,16,1.77,26,2126.11,120.12,13,1,7864,4.09,,,7日間のクリックまたは1日間のビュー
2026-09-26,2026-09-26,リターゲティング,カート放棄_7日,RT_クーポン訴求,2026-09-26,1,actions:offsite_conversion.fb_pixel_purchase,844,1.13,950,1946,1946.00,16,1.68,31,2048.42,121.62,12,1,7369,3.79,,,7日間のクリックまたは1日間のビュー
2026-09-27,2026-09-27,リターゲティング,カート放棄_7日,RT_クーポン訴求,2026-09-27,1,actions:offsite_conversion.fb_pixel_purchase,591,1.17,689,1662,1662.00,11,1.60,19,2412.19,151.09,9,1,6491,3.91,,,7日間のクリックまたは1日間のビュー
2026-09-28,2026-09-28,リターゲティング,カート放棄_7日,RT_クーポン訴求,2026-09-28,1,actions:offsite_conversion.fb_pixel_purchase,636,1.20,765,1760,1760.00,10,1.31,20,2300.65,176.00,7,1,7283,4.14,,,7日間のクリックまたは1日間のビュー
2026-09-29,2026-09-29,リターゲティング,カート放棄_7日,RT_クーポン訴求,2026-09-29,1,actions:offsite_conversion.fb_pixel_purchase,709,1.07,759,1603,1603.00,10,1.32,16,2111.99,160.30,7,1,8453,5.27,,,7日間のクリックまたは1日間のビュー
2026-09-30,2026-09-30,リターゲティング,カート放棄_7日,RT_クーポン訴求,2026-09-30,1,actions:offsite_conversion.fb_pixel_purchase,694,1.12,776,1859,1859.00,12,1.55,21,2395.62,154.92,9,1,6712,3.61,,,7日間のクリックまたは1日間のビュー
2026-09-01,2026-09-01,リターゲティング,カート放棄_7日,RT_動的_閲覧商品,2026-09-01,1,actions:offsite_conversion.fb_pixel_purchase,591,1.09,645,1369,1369.00,12,1.86,23,2122.48,114.08,10,1,8371,6.11,,,7日間のクリックまたは1日間のビュー
2026-09-02,2026-09-02,リターゲティング,カート放棄_7日,RT_動的_閲覧商品,2026-09-02,1,actions:offsite_conversion.fb_pixel_purchase,690,1.17,808,1932,1932.00,15,1.86,26,2391.09,128.80,11,1,7311,3.78,,,7日間のクリックまたは1日間のビュー
2026-09-03,2026-09-03,リターゲティング,カート放棄_7日,RT_動的_閲覧商品,2026-09-03,1,actions:offsite_conversion.fb_pixel_purchase,650,1.16,753,1711,1711.00,13,1.73,23,2272.24,131.62,11,1,6840,4.00,,,7日間のクリックまたは1日間のビュー
2026-09-04,2026-09-04,リターゲティング,カート放棄_7日,RT_動的_閲覧商品,2026-09-04,1,actions:offsite_conversion.fb_pixel_purchase,683,1.08,741,1707,1707.00,14,1.89,27,2303.64,121.93,11,1,6521,3.82,,,7日間のクリックまたは1日間のビュー
2026-09-05,2026-09-05,リターゲティング,カート放棄_7日,RT_動的_閲覧商品,2026-09-05,1,actions:offsite_conversion.fb_pixel_purchase,739,1.07,793,1889,1889.00,18,2.27,30,2382.09,104.94,15,1,8372,4.43,,,7日間のクリックまたは1日間のビュー
2026-09-06,2026-09-06,リターゲティング,カート放棄_7日,RT_動的_閲覧商品,2026-09-06,2,actions:offsite_conversion.fb_pixel_purchase,686,1.09,748,1606,803.00,16,2.14,31,2147.06,100.38,13,2,17174,10.69,,,7日間のクリックまたは1日間のビュー
2026-09-07,2026-09-07,リターゲティング,カート放棄_7日,RT_動的_閲覧商品,2026-09-07,1,actions:offsite_conversion.fb_pixel_purchase,668,1.12,746,1724,1724.00,18,2.41,29,2310.99,95.78,15,1,8203,4.76,,,7日間のクリックまたは1日間のビュー
2026-09-08,2026-09-08,リターゲティング,カート放棄_7日,RT_動的_閲覧商品,2026-09-08,1,actions:offsite_conversion.fb_pixel_purchase,584,1.07,625,1499,1499.00,12,1.92,22,2398.40,124.92,10,1,6766,4.51,,,7日間のクリックまたは1日間のビュー
2026-09-09,2026-09-09,リターゲティング,カート放棄_7日,RT_動的_閲覧商品,2026-09-09,1,actions:offsite_conversion.fb_pixel_purchase,794,1.08,861,1899,1899.00,15,1.74,27,2205.57,126.60,11,1,8030,4.23,,,7日間のクリックまたは1日間のビュー
2026-09-10,2026-09-10,リターゲティング,カート放棄_7日,RT_動的_閲覧商品,2026-09-10,1,actions:offsite_conversion.fb_pixel_purchase,839,1.13,951,1960,1960.00,18,1.89,32,2060.99,108.89,13,1,7043,3.59,,,7日間のクリックまたは1日間のビュー
2026-09-11,2026-09-11,リターゲティング,カート放棄_7日,RT_動的_閲覧商品,2026-09-11,1,actions:offsite_conversion.fb_pixel_purchase,834,1.15,955,2009,2009.00,19,1.99,32,2103.66,105.74,16,1,8254,4.11,,,7日間のクリックまたは1日間のビュー
2026-09-12,2026-09-12,リターゲティング,カート放棄_7日,RT_動的_閲覧商品,2026-09-12,1,actions:offsite_conversion.fb_pixel_purchase,626,1.20,751,1838,1838.00,17,2.26,28,2447.40,108.12,15,1,6526,3.55,,,7日間のクリックまたは1日間のビュー
2026-09-13,2026-09-13,リターゲティング,カート放棄_7日,RT_動的_閲覧商品,2026-09-13,2,actions:offsite_conversion.fb_pixel_purchase,695,1.15,796,1885,942.50,20,2.51,36,2368.09,94.25,16,2,13031,6.91,,,7日間のクリックまたは1日間のビュー
2026-09-14,2026-09-14,リターゲティング,カート放棄_7日,RT_動的_閲覧商品,2026-09-14,1,actions:offsite_conversion.fb_pixel_purchase,619,1.10,683,1622,1622.00,16,2.34,30,2374.82,101.38,13,1,8214,5.06,,,7日間のクリックまたは1日間のビュー
2026-09-15,2026-09-15,リターゲティング,カート放棄_7日,RT_動的_閲覧商品,2026-09-15,1,actions:offsite_conversion.fb_pixel_purchase,648,1.19,771,1875,1875.00,17,2.20,29,2431.91,110.29,14,1,7618,4.06,,,7日間のクリックまたは1日間のビュー
2026-09-16,2026-09-16,リターゲティング,カート放棄_7日,RT_動的_閲覧商品,2026-09-16,1,actions:offsite_conversion.fb_pixel_purchase,649,1.21,787,1787,1787.00,16,2.03,26,2270.65,111.69,13,1,6801,3.81,,,7日間のクリックまたは1日間のビュー
2026-09-17,2026-09-17,リターゲティング,カート放棄_7日,RT_動的_閲覧商品,2026-09-17,,actions:offsite_conversion.fb_pixel_purchase,703,1.16,815,1715,,15,1.84,25,2104.29,114.33,11,,,,,,7日間のクリックまたは1日間のビュー
2026-09-18,2026-09-18,リターゲティング,カート放棄_7日,RT_動的_閲覧商品,2026-09-18,,actions:offsite_conversion.fb_pixel_purchase,685,1.11,757,1572,,18,2.38,31,2076.62,87.33,15,,,,,,7日間のクリックまたは1日間のビュー
2026-09-19,2026-09-19,リターゲティング,カート放棄_7日,RT_動的_閲覧商品,2026-09-19,2,actions:offsite_conversion.fb_pixel_purchase,926,1.21,1121,2549,1274.50,20,1.78,33,2273.86,127.45,16,2,16517,6.48,,,7日間のクリックまたは1日間のビュー
2026-09-20,2026-09-20,リターゲティング,カート放棄_7日,RT_動的_閲覧商品,2026-09-20,2,actions:offsite_conversion.fb_pixel_purchase,970,1.07,1036,2416,1208.00,20,1.93,33,2332.05,120.80,17,2,16009,6.63,,,7日間のクリックまたは1日間のビュー
2026-09-21,2026-09-21,リターゲティング,カート放棄_7日,RT_動的_閲覧商品,2026-09-21,1,actions:offsite_conversion.fb_pixel_purchase,852,1.08,916,1892,1892.00,18,1.97,34,2065.50,105.11,15,1,7203,3.81,,,7日間のクリックまたは1日間のビュー
2026-09-22,2026-09-22,リターゲティング,カート放棄_7日,RT_動的_閲覧商品,2026-09-22,1,actions:offsite_conversion.fb_pixel_purchase,603,1.22,735,1654,1654.00,16,2.18,30,2250.34,103.38,12,1,8389,5.07,,,7日間のクリックまたは1日間のビュー
2026-09-23,2026-09-23,リターゲティング,カート放棄_7日,RT_動的_閲覧商品,2026-09-23,2,actions:offsite_conversion.fb_pixel_purchase,986,1.12,1101,2274,1137.00,25,2.27,45,2065.40,90.96,20,2,15703,6.91,,,7日間のクリックまたは1日間のビュー
2026-09-24,2026-09-24,リターゲティング,カート放棄_7日,RT_動的_閲覧商品,2026-09-24,1,actions:offsite_conversion.fb_pixel_purchase,740,1.07,792,1940,1940.00,15,1.89,30,2449.49,129.33,13,1,8094,4.17,,,7日間のクリックまたは1日間のビュー
2026-09-25,2026-09-25,リターゲティング,カート放棄_7日,RT_動的_閲覧商品,2026-09-25,2,actions:offsite_conversion.fb_pixel_purchase,702,1.11,777,1707,853.50,18,2.32,33,2196.91,94.83,14,2,14207,8.32,,,7日間のクリックまたは1日間のビュー
2026-09-26,2026-09-26,リターゲティング,カート放棄_7日,RT_動的_閲覧商品,2026-09-26,1,actions:offsite_conversion.fb_pixel_purchase,611,1.23,754,1674,1674.00,14,1.86,26,2220.16,119.57,12,1,8330,4.98,,,7日間のクリックまたは1日間のビュー
2026-09-27,2026-09-27,リターゲティング,カート放棄_7日,RT_動的_閲覧商品,2026-09-27,1,actions:offsite_conversion.fb_pixel_purchase,663,1.21,805,1649,1649.00,19,2.36,32,2048.45,86.79,14,1,7140,4.33,,,7日間のクリックまたは1日間のビュー
2026-09-28,2026-09-28,リターゲティング,カート放棄_7日,RT_動的_閲覧商品,2026-09-28,1,actions:offsite_conversion.fb_pixel_purchase,609,1.19,722,1679,1679.00,13,1.80,21,2325.48,129.15,10,1,6561,3.91,,,7日間のクリックまたは1日間のビュー
2026-09-29,2026-09-29,リターゲティング,カート放棄_7日,RT_動的_閲覧商品,2026-09-29,1,actions:offsite_conversion.fb_pixel_purchase,640,1.07,685,1688,1688.00,15,2.19,29,2464.23,112.53,12,1,6783,4.02,,,7日間のクリックまたは1日間のビュー
2026-09-30,2026-09-30,リターゲティング,カート放棄_7日,RT_動的_閲覧商品,2026-09-30,1,actions:offsite_conversion.fb_pixel_purchase,728,1.16,841,1800,1800.00,14,1.66,26,2140.31,128.57,12,1,7982,4.43,,,7日間のクリックまたは1日間のビュー
2026-09-01,2026-09-01,リターゲティング,カート放棄_7日,RT_レビュー動画,2026-09-01,,actions:offsite_conversion.fb_pixel_purchase,640,1.24,796,1808,,9,1.13,18,2271.36,200.89,7,,,,164,61,7日間のクリックまたは1日間のビュー
2026-09-02,2026-09-02,リターゲティング,カート放棄_7日,RT_レビュー動画,2026-09-02,1,actions:offsite_conversion.fb_pixel_purchase,668,1.22,812,1791,1791.00,9,1.11,18,2205.67,199.00,7,1,8681,4.85,229,75,7日間のクリックまたは1日間のビュー
2026-09-03,2026-09-03,リターゲティング,カート放棄_7日,RT_レビュー動画,2026-09-03,,actions:offsite_conversion.fb_pixel_purchase,741,1.19,882,1971,,9,1.02,16,2234.69,219.00,7,,,,256,77,7日間のクリックまたは1日間のビュー
2026-09-04,2026-09-04,リターゲティング,カート放棄_7日,RT_レビュー動画,2026-09-04,,actions:offsite_conversion.fb_pixel_purchase,637,1.15,734,1623,,9,1.23,17,2211.17,180.33,7,,,,176,51,7日間のクリックまたは1日間のビュー
2026-09-05,2026-09-05,リターゲティング,カート放棄_7日,RT_レビュー動画,2026-09-05,1,actions:offsite_conversion.fb_pixel_purchase,724,1.11,807,1875,1875.00,9,1.12,15,2323.42,208.33,7,1,7747,4.13,239,70,7日間のクリックまたは1日間のビュー
2026-09-06,2026-09-06,リターゲティング,カート放棄_7日,RT_レビュー動画,2026-09-06,,actions:offsite_conversion.fb_pixel_purchase,805,1.14,919,2021,,10,1.09,17,2199.13,202.10,9,,,,222,80,7日間のクリックまたは1日間のビュー
2026-09-07,2026-09-07,リターゲティング,カート放棄_7日,RT_レビュー動画,2026-09-07,,actions:offsite_conversion.fb_pixel_purchase,561,1.09,612,1365,,7,1.14,13,2230.39,195.00,6,,,,141,46,7日間のクリックまたは1日間のビュー
2026-09-08,2026-09-08,リターゲティング,カート放棄_7日,RT_レビュー動画,2026-09-08,,actions:offsite_conversion.fb_pixel_purchase,560,1.19,666,1570,,9,1.35,15,2357.36,174.44,7,,,,185,50,7日間のクリックまたは1日間のビュー
2026-09-09,2026-09-09,リターゲティング,カート放棄_7日,RT_レビュー動画,2026-09-09,1,actions:offsite_conversion.fb_pixel_purchase,831,1.09,906,1869,1869.00,9,0.99,16,2062.91,207.67,7,1,6422,3.44,211,73,7日間のクリックまたは1日間のビュー
2026-09-10,2026-09-10,リターゲティング,カート放棄_7日,RT_レビュー動画,2026-09-10,1,actions:offsite_conversion.fb_pixel_purchase,576,1.15,665,1512,1512.00,8,1.20,13,2273.68,189.00,7,1,8611,5.70,190,60,7日間のクリックまたは1日間のビュー
2026-09-11,2026-09-11,リターゲティング,カート放棄_7日,RT_レビュー動画,2026-09-11,1,actions:offsite_conversion.fb_pixel_purchase,656,1.18,775,1746,1746.00,9,1.16,17,2252.90,194.00,7,1,6638,3.80,228,62,7日間のクリックまたは1日間のビュー
2026-09-12,2026-09-12,リターゲティング,カート放棄_7日,RT_レビュー動画,2026-09-12,1,actions:offsite_conversion.fb_pixel_purchase,740,1.14,840,2033,2033.00,8,0.95,14,2420.24,254.12,7,1,8167,4.02,229,56,7日間のクリックまたは1日間のビュー
2026-09-13,2026-09-13,リターゲティング,カート放棄_7日,RT_レビュー動画,2026-09-13,,actions:offsite_conversion.fb_pixel_purchase,587,1.18,691,1560,,7,1.01,13,2257.60,222.86,5,,,,203,55,7日間のクリックまたは1日間のビュー
2026-09-14,2026-09-14,リターゲティング,カート放棄_7日,RT_レビュー動画,2026-09-14,1,actions:offsite_conversion.fb_pixel_purchase,604,1.21,730,1510,1510.00,8,1.10,15,2068.49,188.75,6,1,7767,5.14,211,54,7日間のクリックまたは1日間のビュー
2026-09-15,2026-09-15,リターゲティング,カート放棄_7日,RT_レビュー動画,2026-09-15,,actions:offsite_conversion.fb_pixel_purchase,575,1.14,656,1624,,6,0.91,12,2475.61,270.67,5,,,,142,50,7日間のクリックまたは1日間のビュー
2026-09-16,2026-09-16,リターゲティング,カート放棄_7日,RT_レビュー動画,2026-09-16,,actions:offsite_conversion.fb_pixel_purchase,668,1.22,814,1975,,7,0.86,12,2426.29,282.14,6,,,,217,73,7日間のクリックまたは1日間のビュー
2026-09-17,2026-09-17,リターゲティング,カート放棄_7日,RT_レビュー動画,2026-09-17,1,actions:offsite_conversion.fb_pixel_purchase,596,1.23,736,1708,1708.00,8,1.09,14,2320.65,213.50,7,1,6382,3.74,220,55,7日間のクリックまたは1日間のビュー
2026-09-18,2026-09-18,リターゲティング,カート放棄_7日,RT_レビュー動画,2026-09-18,1,actions:offsite_conversion.fb_pixel_purchase,724,1.15,833,1925,1925.00,8,0.96,14,2310.92,240.62,7,1,7304,3.79,241,61,7日間のクリックまたは1日間のビュー
2026-09-19,2026-09-19,リターゲティング,カート放棄_7日,RT_レビュー動画,2026-09-19,1,actions:offsite_conversion.fb_pixel_purchase,955,1.08,1036,2364,2364.00,9,0.87,17,2281.85,262.67,7,1,8254,3.49,294,101,7日間のクリックまたは1日間のビュー
2026-09-20,2026-09-20,リターゲティング,カート放棄_7日,RT_レビュー動画,2026-09-20,1,actions:offsite_conversion.fb_pixel_purchase,826,1.08,890,2072,2072.00,8,0.90,16,2328.09,259.00,7,1,6993,3.38,225,66,7日間のクリックまたは1日間のビュー
2026-09-21,2026-09-21,リターゲティング,カート放棄_7日,RT_レビュー動画,2026-09-21,1,actions:offsite_conversion.fb_pixel_purchase,785,1.09,857,1877,1877.00,8,0.93,14,2190.20,234.62,6,1,7106,3.79,181,52,7日間のクリックまたは1日間のビュー
2026-09-22,2026-09-22,リターゲティング,カート放棄_7日,RT_レビュー動画,2026-09-22,1,actions:offsite_conversion.fb_pixel_purchase,826,1.17,970,2261,2261.00,8,0.82,14,2330.93,282.62,6,1,7590,3.36,224,93,7日間のクリックまたは1日間のビュー
2026-09-23,2026-09-23,リターゲティング,カート放棄_7日,RT_レビュー動画,2026-09-23,1,actions:offsite_conversion.fb_pixel_purchase,641,1.21,777,1806,1806.00,8,1.03,16,2324.32,225.75,7,1,7023,3.89,204,63,7日間のクリックまたは1日間のビュー
2026-09-24,2026-09-24,リターゲティング,カート放棄_7日,RT_レビュー動画,2026-09-24,,actions:offsite_conversion.fb_pixel_purchase,769,1.05,809,1818,,6,0.74,11,2247.22,303.00,5,,,,169,56,7日間のクリックまたは1日間のビュー
2026-09-25,2026-09-25,リターゲティング,カート放棄_7日,RT_レビュー動画,2026-09-25,,actions:offsite_conversion.fb_pixel_purchase,749,1.13,847,1871,,7,0.83,13,2208.97,267.29,5,,,,234,83,7日間のクリックまたは1日間のビュー
2026-09-26,2026-09-26,リターゲティング,カート放棄_7日,RT_レビュー動画,2026-09-26,,actions:offsite_conversion.fb_pixel_purchase,799,1.13,900,1866,,6,0.67,11,2073.33,311.00,5,,,,264,67,7日間のクリックまたは1日間のビュー
2026-09-27,2026-09-27,リターゲティング,カート放棄_7日,RT_レビュー動画,2026-09-27,,actions:offsite_conversion.fb_pixel_purchase,559,1.22,681,1620,,4,0.59,6,2378.85,405.00,3,,,,161,42,7日間のクリックまたは1日間のビュー
2026-09-28,2026-09-28,リターゲティング,カート放棄_7日,RT_レビュー動画,2026-09-28,,actions:offsite_conversion.fb_pixel_purchase,673,1.23,829,1859,,6,0.72,10,2242.46,309.83,5,,,,177,70,7日間のクリックまたは1日間のビュー
2026-09-29,2026-09-29,リターゲティング,カート放棄_7日,RT_レビュー動画,2026-09-29,1,actions:offsite_conversion.fb_pixel_purchase,829,1.06,882,1876,1876.00,5,0.57,9,2126.98,375.20,4,1,8597,4.58,200,86,7日間のクリックまたは1日間のビュー
2026-09-30,2026-09-30,リターゲティング,カート放棄_7日,RT_レビュー動画,2026-09-30,,actions:offsite_conversion.fb_pixel_purchase,795,1.14,908,1851,,5,0.55,9,2038.55,370.20,4,,,,195,55,7日間のクリックまたは1日間のビュー
2026-09-01,2026-09-01,リターゲティング,サイト訪問_30日,RT_クーポン訴求,2026-09-01,1,actions:offsite_conversion.fb_pixel_purchase,797,1.22,971,2305,2305.00,17,1.75,34,2373.84,135.59,13,1,7450,3.23,,,7日間のクリックまたは1日間のビュー
2026-09-02,2026-09-02,リターゲティング,サイト訪問_30日,RT_クーポン訴求,2026-09-02,1,actions:offsite_conversion.fb_pixel_purchase,727,1.22,885,1808,1808.00,15,1.69,26,2042.94,120.53,11,1,7406,4.10,,,7日間のクリックまたは1日間のビュー
2026-09-03,2026-09-03,リターゲティング,サイト訪問_30日,RT_クーポン訴求,2026-09-03,1,actions:offsite_conversion.fb_pixel_purchase,937,1.08,1009,2443,2443.00,18,1.78,33,2421.21,135.72,14,1,7191,2.94,,,7日間のクリックまたは1日間のビュー
2026-09-04,2026-09-04,リターゲティング,サイト訪問_30日,RT_クーポン訴求,2026-09-04,1,actions:offsite_conversion.fb_pixel_purchase,934,1.09,1019,2384,2384.00,15,1.47,28,2339.55,158.93,12,1,8476,3.56,,,7日間のクリックまたは1日間のビュー
2026-09-05,2026-09-05,リターゲティング,サイト訪問_30日,RT_クーポン訴求,2026-09-05,1,actions:offsite_conversion.fb_pixel_purchase,915,1.19,1092,2662,2662.00,14,1.28,25,2437.73,190.14,11,1,6532,2.45,,,7日間のクリックまたは1日間のビュー
2026-09-06,2026-09-06,リターゲティング,サイト訪問_30日,RT_クーポン訴求,2026-09-06,1,actions:offsite_conversion.fb_pixel_purchase,848,1.10,929,2031,2031.00,13,1.40,25,2186.22,156.23,11,1,7790,3.84,,,7日間のクリックまたは1日間のビュー
2026-09-07,2026-09-07,リターゲティング,サイト訪問_30日,RT_クーポン訴求,2026-09-07,,actions:offsite_conversion.fb_pixel_purchase,906,1.11,1005,2123,,17,1.69,30,2112.44,124.88,14,,,,,,7日間のクリックまたは1日間のビュー
2026-09-08,2026-09-08,リターゲティング,サイト訪問_30日,RT_クーポン訴求,2026-09-08,1,actions:offsite_conversion.fb_pixel_purchase,728,1.12,814,1935,1935.00,11,1.35,20,2377.15,175.91,9,1,8378,4.33,,,7日間のクリックまたは1日間のビュー
2026-09-09,2026-09-09,リターゲティング,サイト訪問_30日,RT_クーポン訴求,2026-09-09,1,actions:offsite_conversion.fb_pixel_purchase,907,1.14,1032,2404,2404.00,20,1.94,39,2329.46,120.20,17,1,6660,2.77,,,7日間のクリックまたは1日間のビュー
2026-09-10,2026-09-10,リターゲティング,サイト訪問_30日,RT_クーポン訴求,2026-09-10,1,actions:offsite_conversion.fb_pixel_purchase,1044,1.07,1112,2335,2335.00,21,1.89,34,2099.82,111.19,18,1,8113,3.47,,,7日間のクリックまたは1日間のビュー
2026-09-11,2026-09-11,リターゲティング,サイト訪問_30日,RT_クーポン訴求,2026-09-11,1,actions:offsite_conversion.fb_pixel_purchase,950,1.10,1041,2454,2454.00,17,1.63,32,2357.35,144.35,15,1,8485,3.46,,,7日間のクリックまたは1日間のビュー
2026-09-12,2026-09-12,リターゲティング,サイト訪問_30日,RT_クーポン訴求,2026-09-12,,actions:offsite_conversion.fb_pixel_purchase,885,1.21,1069,2449,,14,1.31,25,2290.93,174.93,12,,,,,,7日間のクリックまたは1日間のビュー
2026-09-13,2026-09-13,リターゲティング,サイト訪問_30日,RT_クーポン訴求,2026-09-13,1,actions:offsite_conversion.fb_pixel_purchase,741,1.20,891,2091,2091.00,15,1.68,28,2346.80,139.40,12,1,7724,3.69,,,7日間のクリックまたは1日間のビュー
2026-09-14,2026-09-14,リターゲティング,サイト訪問_30日,RT_クーポン訴求,2026-09-14,1,actions:offsite_conversion.fb_pixel_purchase,829,1.19,989,2003,2003.00,13,1.31,21,2025.28,154.08,11,1,7397,3.69,,,7日間のクリックまたは1日間のビュー
2026-09-15,2026-09-15,リターゲティング,サイト訪問_30日,RT_クーポン訴求,2026-09-15,,actions:offsite_conversion.fb_pixel_purchase,767,1.18,903,2000,,13,1.44,23,2214.84,153.85,10,,,,,,7日間のクリックまたは1日間のビュー
2026-09-16,2026-09-16,リターゲティング,サイト訪問_30日,RT_クーポン訴求,2026-09-16,,actions:offsite_conversion.fb_pixel_purchase,709,1.25,883,1815,,16,1.81,30,2055.49,113.44,14,,,,,,7日間のクリックまたは1日間のビュー
2026-09-17,2026-09-17,リターゲティング,サイト訪問_30日,RT_クーポン訴求,2026-09-17,1,actions:offsite_conversion.fb_pixel_purchase,872,1.21,1059,2148,2148.00,18,1.70,29,2028.33,119.33,16,1,7502,3.49,,,7日間のクリックまたは1日間のビュー
2026-09-18,2026-09-18,リターゲティング,サイト訪問_30日,RT_クーポン訴求,2026-09-18,1,actions:offsite_conversion.fb_pixel_purchase,1149,1.06,1217,2533,2533.00,20,1.64,35,2081.35,126.65,17,1,7463,2.95,,,7日間のクリックまたは1日間のビュー
2026-09-19,2026-09-19,リターゲティング,サイト訪問_30日,RT_クーポン訴求,2026-09-19,2,actions:offsite_conversion.fb_pixel_purchase,1221,1.15,1408,3274,1637.00,21,1.49,35,2325.28,155.90,18,2,15643,4.78,,,7日間のクリックまたは1日間のビュー
2026-09-20,2026-09-20,リターゲティング,サイト訪問_30日,RT_クーポン訴求,2026-09-20,2,actions:offsite_conversion.fb_pixel_purchase,1274,1.09,1390,3087,1543.50,18,1.29,33,2220.86,171.50,15,2,17521,5.68,,,7日間のクリックまたは1日間のビュー
2026-09-21,2026-09-21,リターゲティング,サイト訪問_30日,RT_クーポン訴求,2026-09-21,1,actions:offsite_conversion.fb_pixel_purchase,817,1.11,908,2015,2015.00,13,1.43,21,2219.16,155.00,11,1,7030,3.49,,,7日間のクリックまたは1日間のビュー
2026-09-22,2026-09-22,リターゲティング,サイト訪問_30日,RT_クーポン訴求,2026-09-22,1,actions:offsite_conversion.fb_pixel_purchase,992,1.08,1068,2426,2426.00,16,1.50,30,2271.54,151.62,12,1,7209,2.97,,,7日間のクリックまたは1日間のビュー
2026-09-23,2026-09-23,リターゲティング,サイト訪問_30日,RT_クーポン訴求,2026-09-23,1,actions:offsite_conversion.fb_pixel_purchase,957,1.20,1149,2785,2785.00,21,1.83,37,2423.85,132.62,16,1,6415,2.30,,,7日間のクリックまたは1日間のビュー
2026-09-24,2026-09-24,リターゲティング,サイト訪問_30日,RT_クーポン訴求,2026-09-24,1,actions:offsite_conversion.fb_pixel_purchase,1031,1.13,1170,2419,2419.00,18,1.54,35,2067.52,134.39,14,1,7295,3.02,,,7日間のクリックまたは1日間のビュー
2026-09-25,2026-09-25,リターゲティング,サイト訪問_30日,RT_クーポン訴求,2026-09-25,1,actions:offsite_conversion.fb_pixel_purchase,1044,1.09,1136,2559,2559.00,17,1.50,30,2252.64,150.53,14,1,7320,2.86,,,7日間のクリックまたは1日間のビュー
2026-09-26,2026-09-26,リターゲティング,サイト訪問_30日,RT_クーポン訴求,2026-09-26,1,actions:offsite_conversion.fb_pixel_purchase,869,1.10,958,2126,2126.00,15,1.57,28,2219.21,141.73,11,1,6729,3.17,,,7日間のクリックまたは1日間のビュー
2026-09-27,2026-09-27,リターゲティング,サイト訪問_30日,RT_クーポン訴求,2026-09-27,1,actions:offsite_conversion.fb_pixel_purchase,895,1.13,1015,2476,2476.00,14,1.38,24,2439.41,176.86,12,1,6661,2.69,,,7日間のクリックまたは1日間のビュー
2026-09-28,2026-09-28,リターゲティング,サイト訪問_30日,RT_クーポン訴求,2026-09-28,,actions:offsite_conversion.fb_pixel_purchase,769,1.06,815,1989,,13,1.60,24,2440.49,153.00,11,,,,,,7日間のクリックまたは1日間のビュー
2026-09-29,2026-09-29,リターゲティング,サイト訪問_30日,RT_クーポン訴求,2026-09-29,1,actions:offsite_conversion.fb_pixel_purchase,886,1.10,977,2349,2349.00,14,1.43,26,2404.30,167.79,11,1,7134,3.04,,,7日間のクリックまたは1日間のビュー
2026-09-30,2026-09-30,リターゲティング,サイト訪問_30日,RT_クーポン訴求,2026-09-30,,actions:offsite_conversion.fb_pixel_purchase,779,1.09,852,1836,,12,1.41,20,2154.93,153.00,9,,,,,,7日間のクリックまたは1日間のビュー
2026-09-01,2026-09-01,リターゲティング,サイト訪問_30日,RT_動的_閲覧商品,2026-09-01,,actions:offsite_conversion.fb_pixel_purchase,693,1.12,778,1828,,17,2.19,30,2349.61,107.53,12,,,,,,7日間のクリックまたは1日間のビュー
2026-09-02,2026-09-02,リターゲティング,サイト訪問_30日,RT_動的_閲覧商品,2026-09-02,1,actions:offsite_conversion.fb_pixel_purchase,957,1.13,1083,2215,2215.00,18,1.66,30,2045.24,123.06,16,1,8570,3.87,,,7日間のクリックまたは1日間のビュー
2026-09-03,2026-09-03,リターゲティング,サイト訪問_30日,RT_動的_閲覧商品,2026-09-03,1,actions:offsite_conversion.fb_pixel_purchase,897,1.09,981,2353,2353.00,17,1.73,29,2398.57,138.41,13,1,7866,3.34,,,7日間のクリックまたは1日間のビュー
2026-09-04,2026-09-04,リターゲティング,サイト訪問_30日,RT_動的_閲覧商品,2026-09-04,1,actions:offsite_conversion.fb_pixel_purchase,889,1.09,967,2322,2322.00,19,1.96,35,2401.24,122.21,16,1,7359,3.17,,,7日間のクリックまたは1日間のビュー
2026-09-05,2026-09-05,リターゲティング,サイト訪問_30日,RT_動的_閲覧商品,2026-09-05,,actions:offsite_conversion.fb_pixel_purchase,730,1.10,805,1960,,16,1.99,30,2434.78,122.50,12,,,,,,7日間のクリックまたは1日間のビュー
2026-09-06,2026-09-06,リターゲティング,サイト訪問_30日,RT_動的_閲覧商品,2026-09-06,1,actions:offsite_conversion.fb_pixel_purchase,1025,1.09,1118,2395,2395.00,21,1.88,37,2142.22,114.05,15,1,6930,2.89,,,7日間のクリックまたは1日間のビュー
2026-09-07,2026-09-07,リターゲティング,サイト訪問_30日,RT_動的_閲覧商品,2026-09-07,,actions:offsite_conversion.fb_pixel_purchase,923,1.18,1092,2212,,20,1.83,39,2025.64,110.60,17,,,,,,7日間のクリックまたは1日間のビュー
2026-09-08,2026-09-08,リターゲティング,サイト訪問_30日,RT_動的_閲覧商品,2026-09-08,1,actions:offsite_conversion.fb_pixel_purchase,710,1.12,796,1925,1925.00,19,2.39,32,2418.34,101.32,16,1,7307,3.80,,,7日間のクリックまたは1日間のビュー
2026-09-09,2026-09-09,リターゲティング,サイト訪問_30日,RT_動的_閲覧商品,2026-09-09,,actions:offsite_conversion.fb_pixel_purchase,741,1.24,921,2223,,21,2.28,37,2413.68,105.86,16,,,,,,7日間のクリックまたは1日間のビュー
2026-09-10,2026-09-10,リターゲティング,サイト訪問_30日,RT_動的_閲覧商品,2026-09-10,1,actions:offsite_conversion.fb_pixel_purchase,791,1.09,864,1862,1862.00,20,2.31,37,2155.09,93.10,14,1,7982,4.29,,,7日間のクリックまたは1日間のビュー
2026-09-11,2026-09-11,リターゲティング,サイト訪問_30日,RT_動的_閲覧商品,2026-09-11,1,actions:offsite_conversion.fb_pixel_purchase,893,1.12,996,2264,2264.00,18,1.81,30,2273.09,125.78,14,1,7454,3.29,,,7日間のクリックまたは1日間のビュー
2026-09-12,2026-09-12,リターゲティング,サイト訪問_30日,RT_動的_閲覧商品,2026-09-12,1,actions:offsite_conversion.fb_pixel_purchase,1103,1.12,1232,2657,2657.00,25,2.03,42,2156.66,106.28,19,1,7730,2.91,,,7日間のクリックまたは1日間のビュー
2026-09-13,2026-09-13,リターゲティング,サイト訪問_30日,RT_動的_閲覧商品,2026-09-13,1,actions:offsite_conversion.fb_pixel_purchase,1022,1.10,1128,2326,2326.00,26,2.30,47,2062.06,89.46,19,1,7336,3.15,,,7日間のクリックまたは1日間のビュー
2026-09-14,2026-09-14,リターゲティング,サイト訪問_30日,RT_動的_閲覧商品,2026-09-14,1,actions:offsite_conversion.fb_pixel_purchase,779,1.24,966,2286,2286.00,19,1.97,31,2366.46,120.32,16,1,8445,3.69,,,7日間のクリックまたは1日間のビュー
2026-09-15,2026-09-15,リターゲティング,サイト訪問_30日,RT_動的_閲覧商品,2026-09-15,1,actions:offsite_conversion.fb_pixel_purchase,858,1.05,905,2138,2138.00,15,1.66,24,2362.43,142.53,12,1,6664,3.12,,,7日間のクリックまたは1日間のビュー
2026-09-16,2026-09-16,リターゲティング,サイト訪問_30日,RT_動的_閲覧商品,2026-09-16,1,actions:offsite_conversion.fb_pixel_purchase,753,1.18,886,1951,1951.00,17,1.92,29,2202.03,114.76,14,1,7589,3.89,,,7日間のクリックまたは1日間のビュー
2026-09-17,2026-09-17,リターゲティング,サイト訪問_30日,RT_動的_閲覧商品,2026-09-17,1,actions:offsite_conversion.fb_pixel_purchase,917,1.12,1027,2143,2143.00,21,2.04,36,2086.66,102.05,18,1,7145,3.33,,,7日間のクリックまたは1日間のビュー
2026-09-18,2026-09-18,リターゲティング,サイト訪問_30日,RT_動的_閲覧商品,2026-09-18,1,actions:offsite_conversion.fb_pixel_purchase,919,1.06,974,2103,2103.00,16,1.64,28,2159.14,131.44,12,1,7606,3.62,,,7日間のクリックまたは1日間のビュー
2026-09-19,2026-09-19,リターゲティング,サイト訪問_30日,RT_動的_閲覧商品,2026-09-19,2,actions:offsite_conversion.fb_pixel_purchase,1063,1.20,1277,2889,1444.50,30,2.35,58,2262.33,96.30,26,2,15088,5.22,,,7日間のクリックまたは1日間のビュー
2026-09-20,2026-09-20,リターゲティング,サイト訪問_30日,RT_動的_閲覧商品,2026-09-20,1,actions:offsite_conversion.fb_pixel_purchase,1124,1.18,1322,2705,2705.00,24,1.82,47,2046.14,112.71,18,1,8749,3.23,,,7日間のクリックまたは1日間のビュー
2026-09-21,2026-09-21,リターゲティング,サイト訪問_30日,RT_動的_閲覧商品,2026-09-21,1,actions:offsite_conversion.fb_pixel_purchase,982,1.09,1075,2638,2638.00,21,1.95,37,2453.95,125.62,16,1,6302,2.39,,,7日間のクリックまたは1日間のビュー
2026-09-22,2026-09-22,リターゲティング,サイト訪問_30日,RT_動的_閲覧商品,2026-09-22,1,actions:offsite_conversion.fb_pixel_purchase,907,1.20,1090,2273,2273.00,22,2.02,37,2085.32,103.32,16,1,7576,3.33,,,7日間のクリックまたは1日間のビュー
2026-09-23,2026-09-23,リターゲティング,サイト訪問_30日,RT_動的_閲覧商品,2026-09-23,1,actions:offsite_conversion.fb_pixel_purchase,1179,1.08,1279,2671,2671.00,23,1.80,40,2088.35,116.13,17,1,7979,2.99,,,7日間のクリックまたは1日間のビュー
2026-09-24,2026-09-24,リターゲティング,サイト訪問_30日,RT_動的_閲覧商品,2026-09-24,1,actions:offsite_conversion.fb_pixel_purchase,901,1.17,1057,2307,2307.00,18,1.70,36,2182.59,128.17,13,1,6776,2.94,,,7日間のクリックまたは1日間のビュー
2026-09-25,2026-09-25,リターゲティング,サイト訪問_30日,RT_動的_閲覧商品,2026-09-25,1,actions:offsite_conversion.fb_pixel_purchase,811,1.19,968,2257,2257.00,17,1.76,29,2331.61,132.76,14,1,6863,3.04,,,7日間のクリックまたは1日間のビュー
2026-09-26,2026-09-26,リターゲティング,サイト訪問_30日,RT_動的_閲覧商品,2026-09-26,1,actions:offsite_conversion.fb_pixel_purchase,787,1.20,944,2052,2052.00,20,2.12,38,2173.73,102.60,16,1,7627,3.72,,,7日間のクリックまたは1日間のビュー
2026-09-27,2026-09-27,リターゲティング,サイト訪問_30日,RT_動的_閲覧商品,2026-09-27,1,actions:offsite_conversion.fb_pixel_purchase,777,1.22,951,1986,1986.00,16,1.68,27,2088.33,124.12,12,1,7662,3.86,,,7日間のクリックまたは1日間のビュー
2026-09-28,2026-09-28,リターゲティング,サイト訪問_30日,RT_動的_閲覧商品,2026-09-28,,actions:offsite_conversion.fb_pixel_purchase,889,1.14,1011,2101,,18,1.78,35,2078.14,116.72,14,,,,,,7日間のクリックまたは1日間のビュー
2026-09-29,2026-09-29,リターゲティング,サイト訪問_30日,RT_動的_閲覧商品,2026-09-29,1,actions:offsite_conversion.fb_pixel_purchase,842,1.05,887,2051,2051.00,15,1.69,24,2312.29,136.73,11,1,7984,3.89,,,7日間のクリックまたは1日間のビュー
2026-09-30,2026-09-30,リターゲティング,サイト訪問_30日,RT_動的_閲覧商品,2026-09-30,1,actions:offsite_conversion.fb_pixel_purchase,813,1.17,955,2256,2256.00,19,1.99,31,2362.30,118.74,14,1,6519,2.89,,,7日間のクリックまたは1日間のビュー
2026-09-01,2026-09-01,リターゲティング,サイト訪問_30日,RT_レビュー動画,2026-09-01,,actions:offsite_conversion.fb_pixel_purchase,677,1.22,825,1860,,9,1.09,17,2254.55,206.67,7,,,,231,80,7日間のクリックまたは1日間のビュー
2026-09-02,2026-09-02,リターゲティング,サイト訪問_30日,RT_レビュー動画,2026-09-02,,actions:offsite_conversion.fb_pixel_purchase,772,1.18,912,2189,,12,1.32,22,2400.22,182.42,11,,,,264,68,7日間のクリックまたは1日間のビュー
2026-09-03,2026-09-03,リターゲティング,サイト訪問_30日,RT_レビュー動画,2026-09-03,,actions:offsite_conversion.fb_pixel_purchase,857,1.10,944,2092,,12,1.27,21,2216.10,174.33,9,,,,278,80,7日間のクリックまたは1日間のビュー
2026-09-04,2026-09-04,リターゲティング,サイト訪問_30日,RT_レビュー動画,2026-09-04,1,actions:offsite_conversion.fb_pixel_purchase,800,1.24,991,2231,2231.00,10,1.01,18,2251.26,223.10,8,1,7958,3.57,252,84,7日間のクリックまたは1日間のビュー
2026-09-05,2026-09-05,リターゲティング,サイト訪問_30日,RT_レビュー動画,2026-09-05,,actions:offsite_conversion.fb_pixel_purchase,957,1.08,1032,2133,,12,1.16,24,2066.86,177.75,9,,,,208,88,7日間のクリックまたは1日間のビュー
2026-09-06,2026-09-06,リターゲティング,サイト訪問_30日,RT_レビュー動画,2026-09-06,,actions:offsite_conversion.fb_pixel_purchase,926,1.18,1095,2426,,15,1.37,28,2215.53,161.73,13,,,,249,108,7日間のクリックまたは1日間のビュー
2026-09-07,2026-09-07,リターゲティング,サイト訪問_30日,RT_レビュー動画,2026-09-07,,actions:offsite_conversion.fb_pixel_purchase,790,1.07,849,2071,,12,1.41,20,2439.34,172.58,9,,,,216,80,7日間のクリックまたは1日間のビュー
2026-09-08,2026-09-08,リターゲティング,サイト訪問_30日,RT_レビュー動画,2026-09-08,1,actions:offsite_conversion.fb_pixel_purchase,755,1.15,872,1886,1886.00,11,1.26,20,2162.84,171.45,9,1,7209,3.82,214,69,7日間のクリックまたは1日間のビュー
2026-09-09,2026-09-09,リターゲティング,サイト訪問_30日,RT_レビュー動画,2026-09-09,,actions:offsite_conversion.fb_pixel_purchase,1028,1.18,1213,2471,,13,1.07,22,2037.10,190.08,11,,,,252,115,7日間のクリックまたは1日間のビュー
2026-09-10,2026-09-10,リターゲティング,サイト訪問_30日,RT_レビュー動画,2026-09-10,1,actions:offsite_conversion.fb_pixel_purchase,849,1.11,944,2291,2291.00,10,1.06,17,2426.91,229.10,8,1,6961,3.04,250,80,7日間のクリックまたは1日間のビュー
2026-09-11,2026-09-11,リターゲティング,サイト訪問_30日,RT_レビュー動画,2026-09-11,,actions:offsite_conversion.fb_pixel_purchase,988,1.12,1104,2338,,10,0.91,17,2117.75,233.80,8,,,,326,96,7日間のクリックまたは1日間のビュー
2026-09-12,2026-09-12,リターゲティング,サイト訪問_30日,RT_レビュー動画,2026-09-12,1,actions:offsite_conversion.fb_pixel_purchase,914,1.23,1128,2700,2700.00,13,1.15,26,2393.62,207.69,10,1,7075,2.62,324,68,7日間のクリックまたは1日間のビュー
2026-09-13,2026-09-13,リターゲティング,サイト訪問_30日,RT_レビュー動画,2026-09-13,1,actions:offsite_conversion.fb_pixel_purchase,1032,1.07,1104,2506,2506.00,13,1.18,24,2269.93,192.77,11,1,7055,2.82,276,100,7日間のクリックまたは1日間のビュー
2026-09-14,2026-09-14,リターゲティング,サイト訪問_30日,RT_レビュー動画,2026-09-14,1,actions:offsite_conversion.fb_pixel_purchase,726,1.11,803,1850,1850.00,9,1.12,17,2303.86,205.56,7,1,6925,3.74,236,78,7日間のクリックまたは1日間のビュー
2026-09-15,2026-09-15,リターゲティング,サイト訪問_30日,RT_レビュー動画,2026-09-15,,actions:offsite_conversion.fb_pixel_purchase,687,1.13,777,1735,,7,0.90,14,2232.95,247.86,5,,,,202,72,7日間のクリックまたは1日間のビュー
2026-09-16,2026-09-16,リターゲティング,サイト訪問_30日,RT_レビュー動画,2026-09-16,,actions:offsite_conversion.fb_pixel_purchase,793,1.18,936,2181,,10,1.07,18,2330.13,218.10,8,,,,234,72,7日間のクリックまたは1日間のビュー
2026-09-17,2026-09-17,リターゲティング,サイト訪問_30日,RT_レビュー動画,2026-09-17,,actions:offsite_conversion.fb_pixel_purchase,677,1.22,826,1723,,9,1.09,17,2085.96,191.44,8,,,,224,75,7日間のクリックまたは1日間のビュー
2026-09-18,2026-09-18,リターゲティング,サイト訪問_30日,RT_レビュー動画,2026-09-18,,actions:offsite_conversion.fb_pixel_purchase,1004,1.06,1066,2538,,11,1.03,19,2380.86,230.73,9,,,,231,78,7日間のクリックまたは1日間のビュー
2026-09-19,2026-09-19,リターゲティング,サイト訪問_30日,RT_レビュー動画,2026-09-19,1,actions:offsite_conversion.fb_pixel_purchase,1186,1.11,1317,2823,2823.00,10,0.76,17,2143.51,282.30,8,1,6916,2.45,264,87,7日間のクリックまたは1日間のビュー
2026-09-20,2026-09-20,リターゲティング,サイト訪問_30日,RT_レビュー動画,2026-09-20,,actions:offsite_conversion.fb_pixel_purchase,1102,1.16,1276,2882,,13,1.02,25,2258.62,221.69,10,,,,374,114,7日間のクリックまたは1日間のビュー
2026-09-21,2026-09-21,リターゲティング,サイト訪問_30日,RT_レビュー動画,2026-09-21,,actions:offsite_conversion.fb_pixel_purchase,1099,1.16,1277,2778,,9,0.70,14,2175.41,308.67,7,,,,331,90,7日間のクリックまたは1日間のビュー
2026-09-22,2026-09-22,リターゲティング,サイト訪問_30日,RT_レビュー動画,2026-09-22,,actions:offsite_conversion.fb_pixel_purchase,859,1.08,928,2181,,9,0.97,15,2350.22,242.33,7,,,,212,79,7日間のクリックまたは1日間のビュー
2026-09-23,2026-09-23,リターゲティング,サイト訪問_30日,RT_レビュー動画,2026-09-23,1,actions:offsite_conversion.fb_pixel_purchase,1076,1.06,1140,2812,2812.00,9,0.79,17,2466.67,312.44,7,1,7101,2.53,320,73,7日間のクリックまたは1日間のビュー
2026-09-24,2026-09-24,リターゲティング,サイト訪問_30日,RT_レビュー動画,2026-09-24,1,actions:offsite_conversion.fb_pixel_purchase,697,1.24,866,2129,2129.00,6,0.69,11,2458.43,354.83,5,1,7821,3.67,187,74,7日間のクリックまたは1日間のビュー
2026-09-25,2026-09-25,リターゲティング,サイト訪問_30日,RT_レビュー動画,2026-09-25,1,actions:offsite_conversion.fb_pixel_purchase,815,1.23,1006,2241,2241.00,9,0.89,15,2227.63,249.00,8,1,6927,3.09,255,67,7日間のクリックまたは1日間のビュー
2026-09-26,2026-09-26,リターゲティング,サイト訪問_30日,RT_レビュー動画,2026-09-26,,actions:offsite_conversion.fb_pixel_purchase,854,1.21,1035,2307,,8,0.77,14,2228.99,288.38,6,,,,241,69,7日間のクリックまたは1日間のビュー
2026-09-27,2026-09-27,リターゲティング,サイト訪問_30日,RT_レビュー動画,2026-09-27,1,actions:offsite_conversion.fb_pixel_purchase,1073,1.10,1184,2450,2450.00,8,0.68,15,2069.26,306.25,6,1,8031,3.28,328,105,7日間のクリックまたは1日間のビュー
2026-09-28,2026-09-28,リターゲティング,サイト訪問_30日,RT_レビュー動画,2026-09-28,,actions:offsite_conversion.fb_pixel_purchase,1055,1.06,1115,2268,,9,0.81,15,2034.08,252.00,7,,,,318,82,7日間のクリックまたは1日間のビュー
2026-09-29,2026-09-29,リターゲティング,サイト訪問_30日,RT_レビュー動画,2026-09-29,,actions:offsite_conversion.fb_pixel_purchase,793,1.12,886,1821,,6,0.68,11,2055.30,303.50,4,,,,262,76,7日間のクリックまたは1日間のビュー
2026-09-30,2026-09-30,リターゲティング,サイト訪問_30日,RT_レビュー動画,2026-09-30,1,actions:offsite_conversion.fb_pixel_purchase,810,1.18,957,2077,2077.00,7,0.73,12,2170.32,296.71,6,1,7941,3.82,241,83,7日間のクリックまたは1日間のビュー
2026-09-01,2026-09-01,リターゲティング,既存顧客_リピート,RT_クーポン訴求,2026-09-01,1,actions:offsite_conversion.fb_pixel_purchase,610,1.21,736,1533,1533.00,13,1.77,23,2082.88,117.92,10,1,6546,4.27,,,7日間のクリックまたは1日間のビュー
2026-09-02,2026-09-02,リターゲティング,既存顧客_リピート,RT_クーポン訴求,2026-09-02,1,actions:offsite_conversion.fb_pixel_purchase,756,1.15,866,1832,1832.00,13,1.50,21,2115.47,140.92,10,1,7400,4.04,,,7日間のクリックまたは1日間のビュー
2026-09-03,2026-09-03,リターゲティング,既存顧客_リピート,RT_クーポン訴求,2026-09-03,1,actions:offsite_conversion.fb_pixel_purchase,686,1.15,791,1678,1678.00,11,1.39,21,2121.37,152.55,10,1,6502,3.87,,,7日間のクリックまたは1日間のビュー
2026-09-04,2026-09-04,リターゲティング,既存顧客_リピート,RT_クーポン訴求,2026-09-04,1,actions:offsite_conversion.fb_pixel_purchase,638,1.14,728,1790,1790.00,12,1.65,23,2458.79,149.17,10,1,7229,4.04,,,7日間のクリックまたは1日間のビュー
2026-09-05,2026-09-05,リターゲティング,既存顧客_リピート,RT_クーポン訴求,2026-09-05,1,actions:offsite_conversion.fb_pixel_purchase,887,1.10,974,2041,2041.00,19,1.95,36,2095.48,107.42,14,1,6927,3.39,,,7日間のクリックまたは1日間のビュー
2026-09-06,2026-09-06,リターゲティング,既存顧客_リピート,RT_クーポン訴求,2026-09-06,,actions:offsite_conversion.fb_pixel_purchase,635,1.20,763,1769,,11,1.44,21,2318.48,160.82,9,,,,,,7日間のクリックまたは1日間のビュー
2026-09-07,2026-09-07,リターゲティング,既存顧客_リピート,RT_クーポン訴求,2026-09-07,,actions:offsite_conversion.fb_pixel_purchase,599,1.05,631,1534,,10,1.58,17,2431.06,153.40,8,,,,,,7日間のクリックまたは1日間のビュー
2026-09-08,2026-09-08,リターゲティング,既存顧客_リピート,RT_クーポン訴求,2026-09-08,1,actions:offsite_conversion.fb_pixel_purchase,663,1.08,715,1676,1676.00,13,1.82,22,2344.06,128.92,11,1,7234,4.32,,,7日間のクリックまたは1日間のビュー
2026-09-09,2026-09-09,リターゲティング,既存顧客_リピート,RT_クーポン訴求,2026-09-09,1,actions:offsite_conversion.fb_pixel_purchase,957,1.07,1021,2230,2230.00,18,1.76,30,2184.13,123.89,15,1,7552,3.39,,,7日間のクリックまたは1日間のビュー
2026-09-10,2026-09-10,リターゲティング,既存顧客_リピート,RT_クーポン訴求,2026-09-10,1,actions:offsite_conversion.fb_pixel_purchase,617,1.24,767,1776,1776.00,12,1.56,22,2315.51,148.00,10,1,6633,3.73,,,7日間のクリックまたは1日間のビュー
2026-09-11,2026-09-11,リターゲティング,既存顧客_リピート,RT_クーポン訴求,2026-09-11,1,actions:offsite_conversion.fb_pixel_purchase,647,1.16,753,1618,1618.00,12,1.59,22,2148.74,134.83,10,1,7605,4.70,,,7日間のクリックまたは1日間のビュー
2026-09-12,2026-09-12,リターゲティング,既存顧客_リピート,RT_クーポン訴求,2026-09-12,1,actions:offsite_conversion.fb_pixel_purchase,786,1.25,982,2134,2134.00,16,1.63,30,2173.12,133.38,14,1,8755,4.10,,,7日間のクリックまたは1日間のビュー
2026-09-13,2026-09-13,リターゲティング,既存顧客_リピート,RT_クーポン訴求,2026-09-13,1,actions:offsite_conversion.fb_pixel_purchase,833,1.06,882,2081,2081.00,14,1.59,25,2359.41,148.64,12,1,7926,3.81,,,7日間のクリックまたは1日間のビュー
2026-09-14,2026-09-14,リターゲティング,既存顧客_リピート,RT_クーポン訴求,2026-09-14,1,actions:offsite_conversion.fb_pixel_purchase,695,1.10,763,1709,1709.00,15,1.97,30,2239.84,113.93,13,1,7540,4.41,,,7日間のクリックまたは1日間のビュー
2026-09-15,2026-09-15,リターゲティング,既存顧客_リピート,RT_クーポン訴求,2026-09-15,2,actions:offsite_conversion.fb_pixel_purchase,644,1.22,786,1922,961.00,13,1.65,23,2445.29,147.85,11,2,16010,8.33,,,7日間のクリックまたは1日間のビュー
2026-09-16,2026-09-16,リターゲティング,既存顧客_リピート,RT_クーポン訴求,2026-09-16,1,actions:offsite_conversion.fb_pixel_purchase,656,1.23,807,1800,1800.00,12,1.49,21,2230.48,150.00,10,1,8213,4.56,,,7日間のクリックまたは1日間のビュー
2026-09-17,2026-09-17,リターゲティング,既存顧客_リピート,RT_クーポン訴求,2026-09-17,1,actions:offsite_conversion.fb_pixel_purchase,771,1.08,833,1949,1949.00,11,1.32,20,2339.74,177.18,9,1,7192,3.69,,,7日間のクリックまたは1日間のビュー
2026-09-18,2026-09-18,リターゲティング,既存顧客_リピート,RT_クーポン訴求,2026-09-18,2,actions:offsite_conversion.fb_pixel_purchase,784,1.08,847,1795,897.50,16,1.89,27,2119.24,112.19,12,2,12802,7.13,,,7日間のクリックまたは1日間のビュー
2026-09-19,2026-09-19,リターゲティング,既存顧客_リピート,RT_クーポン訴求,2026-09-19,2,actions:offsite_conversion.fb_pixel_purchase,937,1.12,1051,2523,1261.50,20,1.90,33,2400.57,126.15,17,2,14977,5.94,,,7日間のクリックまたは1日間のビュー
2026-09-20,2026-09-20,リターゲティング,既存顧客_リピート,RT_クーポン訴求,2026-09-20,2,actions:offsite_conversion.fb_pixel_purchase,1121,1.07,1194,2528,1264.00,21,1.76,35,2117.25,120.38,18,2,15881,6.28,,,7日間のクリックまたは1日間のビュー
2026-09-01,2026-09-01,リターゲティング,既存顧客_リピート,RT_動的_閲覧商品,2026-09-01,1,actions:offsite_conversion.fb_pixel_purchase,825,1.11,919,1886,1886.00,19,2.07,31,2052.23,99.26,16,1,7176,3.80,,,7日間のクリックまたは1日間のビュー
2026-09-02,2026-09-02,リターゲティング,既存顧客_リピート,RT_動的_閲覧商品,2026-09-02,1,actions:offsite_conversion.fb_pixel_purchase,619,1.21,747,1773,1773.00,13,1.74,22,2373.49,136.38,10,1,6827,3.85,,,7日間のクリックまたは1日間のビュー
2026-09-03,2026-09-03,リターゲティング,既存顧客_リピート,RT_動的_閲覧商品,2026-09-03,1,actions:offsite_conversion.fb_pixel_purchase,742,1.11,824,2009,2009.00,17,2.06,28,2438.11,118.18,14,1,7225,3.60,,,7日間のクリックまたは1日間のビュー
2026-09-04,2026-09-04,リターゲティング,既存顧客_リピート,RT_動的_閲覧商品,2026-09-04,1,actions:offsite_conversion.fb_pixel_purchase,665,1.12,747,1670,1670.00,15,2.01,28,2235.61,111.33,12,1,6374,3.82,,,7日間のクリックまたは1日間のビュー
2026-09-05,2026-09-05,リターゲティング,既存顧客_リピート,RT_動的_閲覧商品,2026-09-05,1,actions:offsite_conversion.fb_pixel_purchase,768,1.22,936,2093,2093.00,17,1.82,32,2236.11,123.12,15,1,7150,3.42,,,7日間のクリックまたは1日間のビュー
2026-09-06,2026-09-06,リターゲティング,既存顧客_リピート,RT_動的_閲覧商品,2026-09-06,1,actions:offsite_conversion.fb_pixel_purchase,657,1.13,740,1756,1756.00,16,2.16,31,2372.97,109.75,13,1,6660,3.79,,,7日間のクリックまたは1日間のビュー
2026-09-07,2026-09-07,リターゲティング,既存顧客_リピート,RT_動的_閲覧商品,2026-09-07,1,actions:offsite_conversion.fb_pixel_purchase,651,1.17,763,1791,1791.00,16,2.10,29,2347.31,111.94,14,1,7849,4.38,,,7日間のクリックまたは1日間のビュー
2026-09-08,2026-09-08,リターゲティング,既存顧客_リピート,RT_動的_閲覧商品,2026-09-08,1,actions:offsite_conversion.fb_pixel_purchase,757,1.08,818,1913,1913.00,14,1.71,24,2338.63,136.64,11,1,8629,4.51,,,7日間のクリックまたは1日間のビュー
2026-09-09,2026-09-09,リターゲティング,既存顧客_リピート,RT_動的_閲覧商品,2026-09-09,1,actions:offsite_conversion.fb_pixel_purchase,856,1.20,1031,2183,2183.00,21,2.04,38,2117.36,103.95,17,1,8793,4.03,,,7日間のクリックまたは1日間のビュー
2026-09-10,2026-09-10,リターゲティング,既存顧客_リピート,RT_動的_閲覧商品,2026-09-10,1,actions:offsite_conversion.fb_pixel_purchase,821,1.15,943,2226,2226.00,15,1.59,29,2360.55,148.40,13,1,6404,2.88,,,7日間のクリックまたは1日間のビュー
2026-09-11,2026-09-11,リターゲティング,既存顧客_リピート,RT_動的_閲覧商品,2026-09-11,1,actions:offsite_conversion.fb_pixel_purchase,890,1.24,1100,2256,2256.00,18,1.64,31,2050.91,125.33,13,1,6544,2.90,,,7日間のクリックまたは1日間のビュー
2026-09-12,2026-09-12,リターゲティング,既存顧客_リピート,RT_動的_閲覧商品,2026-09-12,1,actions:offsite_conversion.fb_pixel_purchase,750,1.12,842,2077,2077.00,15,1.78,30,2466.75,138.47,11,1,7653,3.68,,,7日間のクリックまたは1日間のビュー
2026-09-13,2026-09-13,リターゲティング,既存顧客_リピート,RT_動的_閲覧商品,2026-09-13,1,actions:offsite_conversion.fb_pixel_purchase,991,1.19,1178,2439,2439.00,19,1.61,36,2070.46,128.37,16,1,8207,3.36,,,7日間のクリックまたは1日間のビュー
2026-09-14,2026-09-14,リターゲティング,既存顧客_リピート,RT_動的_閲覧商品,2026-09-14,1,actions:offsite_conversion.fb_pixel_purchase,665,1.18,783,1720,1720.00,15,1.92,25,2196.68,114.67,13,1,8564,4.98,,,7日間のクリックまたは1日間のビュー
2026-09-15,2026-09-15,リターゲティング,既存顧客_リピート,RT_動的_閲覧商品,2026-09-15,1,actions:offsite_conversion.fb_pixel_purchase,838,1.08,907,1998,1998.00,16,1.76,27,2202.87,124.88,13,1,7945,3.98,,,7日間のクリックまたは1日間のビュー
2026-09-16,2026-09-16,リターゲティング,既存顧客_リピート,RT_動的_閲覧商品,2026-09-16,1,actions:offsite_conversion.fb_pixel_purchase,839,1.16,976,2171,2171.00,21,2.15,34,2224.39,103.38,18,1,6990,3.22,,,7日間のクリックまたは1日間のビュー
2026-09-17,2026-09-17,リターゲティング,既存顧客_リピート,RT_動的_閲覧商品,2026-09-17,1,actions:offsite_conversion.fb_pixel_purchase,837,1.08,907,1983,1983.00,14,1.54,23,2186.33,141.64,12,1,8482,4.28,,,7日間のクリックまたは1日間のビュー
2026-09-18,2026-09-18,リターゲティング,既存顧客_リピート,RT_動的_閲覧商品,2026-09-18,1,actions:offsite_conversion.fb_pixel_purchase,850,1.13,960,2258,2258.00,20,2.08,39,2352.08,112.90,17,1,8650,3.83,,,7日間のクリックまたは1日間のビュー
2026-09-19,2026-09-19,リターゲティング,既存顧客_リピート,RT_動的_閲覧商品,2026-09-19,2,actions:offsite_conversion.fb_pixel_purchase,840,1.15,968,2169,1084.50,17,1.76,33,2240.70,127.59,14,2,17419,8.03,,,7日間のクリックまたは1日間のビュー
2026-09-20,2026-09-20,リターゲティング,既存顧客_リピート,RT_動的_閲覧商品,2026-09-20,2,actions:offsite_conversion.fb_pixel_purchase,1031,1.08,1118,2377,1188.50,21,1.88,42,2126.12,113.19,16,2,17747,7.47,,,7日間のクリックまたは1日間のビュー
2026-09-21,2026-09-21,リターゲティング,既存顧客_リピート,RT_動的_閲覧商品,2026-09-21,2,actions:offsite_conversion.fb_pixel_purchase,882,1.25,1101,2281,1140.50,23,2.09,42,2071.75,99.17,19,2,14022,6.15,,,7日間のクリックまたは1日間のビュー
2026-09-22,2026-09-22,リターゲティング,既存顧客_リピート,RT_動的_閲覧商品,2026-09-22,1,actions:offsite_conversion.fb_pixel_purchase,760,1.13,856,1994,1994.00,17,1.99,30,2329.44,117.29,13,1,6610,3.31,,,7日間のクリックまたは1日間のビュー
2026-09-23,2026-09-23,リターゲティング,既存顧客_リピート,RT_動的_閲覧商品,2026-09-23,1,actions:offsite_conversion.fb_pixel_purchase,727,1.23,895,1970,1970.00,16,1.79,30,2201.12,123.12,13,1,8246,4.19,,,7日間のクリックまたは1日間のビュー
2026-09-24,2026-09-24,リターゲティング,既存顧客_リピート,RT_動的_閲覧商品,2026-09-24,,actions:offsite_conversion.fb_pixel_purchase,620,1.15,711,1663,,16,2.25,28,2338.96,103.94,12,,,,,,7日間のクリックまたは1日間のビュー
2026-09-25,2026-09-25,リターゲティング,既存顧客_リピート,RT_動的_閲覧商品,2026-09-25,1,actions:offsite_conversion.fb_pixel_purchase,698,1.18,822,1758,1758.00,17,2.07,28,2138.69,103.41,14,1,7181,4.08,,,7日間のクリックまたは1日間のビュー
2026-09-26,2026-09-26,リターゲティング,既存顧客_リピート,RT_動的_閲覧商品,2026-09-26,1,actions:offsite_conversion.fb_pixel_purchase,661,1.21,800,1788,1788.00,18,2.25,36,2235.00,99.33,14,1,7285,4.07,,,7日間のクリックまたは1日間のビュー
2026-09-27,2026-09-27,リターゲティング,既存顧客_リピート,RT_動的_閲覧商品,2026-09-27,1,actions:offsite_conversion.fb_pixel_purchase,908,1.16,1050,2316,2316.00,16,1.52,31,2205.71,144.75,14,1,6769,2.92,,,7日間のクリックまたは1日間のビュー
2026-09-28,2026-09-28,リターゲティング,既存顧客_リピート,RT_動的_閲覧商品,2026-09-28,1,actions:offsite_conversion.fb_pixel_purchase,902,1.08,971,1997,1997.00,15,1.54,24,2056.64,133.13,11,1,8313,4.16,,,7日間のクリックまたは1日間のビュー
2026-09-29,2026-09-29,リターゲティング,既存顧客_リピート,RT_動的_閲覧商品,2026-09-29,1,actions:offsite_conversion.fb_pixel_purchase,796,1.16,923,2141,2141.00,21,2.28,37,2319.61,101.95,18,1,8526,3.98,,,7日間のクリックまたは1日間のビュー
2026-09-30,2026-09-30,リターゲティング,既存顧客_リピート,RT_動的_閲覧商品,2026-09-30,1,actions:offsite_conversion.fb_pixel_purchase,537,1.24,668,1632,1632.00,14,2.10,25,2443.11,116.57,12,1,8464,5.19,,,7日間のクリックまたは1日間のビュー
2026-09-01,2026-09-01,リターゲティング,既存顧客_リピート,RT_レビュー動画,2026-09-01,,actions:offsite_conversion.fb_pixel_purchase,780,1.18,919,1887,,11,1.20,18,2053.32,171.55,8,,,,198,80,7日間のクリックまたは1日間のビュー
2026-09-02,2026-09-02,リターゲティング,既存顧客_リピート,RT_レビュー動画,2026-09-02,,actions:offsite_conversion.fb_pixel_purchase,693,1.25,865,1795,,13,1.50,26,2075.14,138.08,11,,,,252,75,7日間のクリックまたは1日間のビュー
2026-09-03,2026-09-03,リターゲティング,既存顧客_リピート,RT_レビュー動画,2026-09-03,1,actions:offsite_conversion.fb_pixel_purchase,947,1.08,1027,2188,2188.00,16,1.56,26,2130.48,136.75,12,1,8856,4.05,218,66,7日間のクリックまたは1日間のビュー
2026-09-04,2026-09-04,リターゲティング,既存顧客_リピート,RT_レビュー動画,2026-09-04,1,actions:offsite_conversion.fb_pixel_purchase,762,1.12,853,1925,1925.00,12,1.41,20,2256.74,160.42,10,1,7347,3.82,182,77,7日間のクリックまたは1日間のビュー
2026-09-05,2026-09-05,リターゲティング,既存顧客_リピート,RT_レビュー動画,2026-09-05,,actions:offsite_conversion.fb_pixel_purchase,762,1.23,935,2245,,10,1.07,18,2401.07,224.50,8,,,,276,87,7日間のクリックまたは1日間のビュー
2026-09-06,2026-09-06,リターゲティング,既存顧客_リピート,RT_レビュー動画,2026-09-06,1,actions:offsite_conversion.fb_pixel_purchase,785,1.21,953,2067,2067.00,12,1.26,22,2168.94,172.25,10,1,6435,3.11,192,90,7日間のクリックまたは1日間のビュー
2026-09-07,2026-09-07,リターゲティング,既存顧客_リピート,RT_レビュー動画,2026-09-07,,actions:offsite_conversion.fb_pixel_purchase,682,1.13,769,1899,,9,1.17,17,2469.44,211.00,7,,,,157,47,7日間のクリックまたは1日間のビュー
2026-09-08,2026-09-08,リターゲティング,既存顧客_リピート,RT_レビュー動画,2026-09-08,,actions:offsite_conversion.fb_pixel_purchase,881,1.05,926,2124,,14,1.51,25,2293.74,151.71,12,,,,241,73,7日間のクリックまたは1日間のビュー
2026-09-09,2026-09-09,リターゲティング,既存顧客_リピート,RT_レビュー動画,2026-09-09,,actions:offsite_conversion.fb_pixel_purchase,720,1.09,785,1754,,9,1.15,15,2234.39,194.89,6,,,,226,61,7日間のクリックまたは1日間のビュー
2026-09-10,2026-09-10,リターゲティング,既存顧客_リピート,RT_レビュー動画,2026-09-10,,actions:offsite_conversion.fb_pixel_purchase,888,1.10,973,2085,,11,1.13,21,2142.86,189.55,9,,,,265,87,7日間のクリックまたは1日間のビュー
2026-09-11,2026-09-11,リターゲティング,既存顧客_リピート,RT_レビュー動画,2026-09-11,1,actions:offsite_conversion.fb_pixel_purchase,784,1.08,846,1751,1751.00,12,1.42,24,2069.74,145.92,9,1,7987,4.56,218,70,7日間のクリックまたは1日間のビュー
2026-09-12,2026-09-12,リターゲティング,既存顧客_リピート,RT_レビュー動画,2026-09-12,,actions:offsite_conversion.fb_pixel_purchase,881,1.09,960,2188,,13,1.35,22,2279.17,168.31,11,,,,239,63,7日間のクリックまたは1日間のビュー
2026-09-13,2026-09-13,リターゲティング,既存顧客_リピート,RT_レビュー動画,2026-09-13,1,actions:offsite_conversion.fb_pixel_purchase,653,1.17,766,1851,1851.00,10,1.31,19,2416.45,185.10,8,1,7295,3.94,190,53,7日間のクリックまたは1日間のビュー
2026-09-14,2026-09-14,リターゲティング,既存顧客_リピート,RT_レビュー動画,2026-09-14,,actions:offsite_conversion.fb_pixel_purchase,691,1.23,852,1933,,10,1.17,19,2268.78,193.30,8,,,,180,58,7日間のクリックまたは1日間のビュー
2026-09-15,2026-09-15,リターゲティング,既存顧客_リピート,RT_レビュー動画,2026-09-15,,actions:offsite_conversion.fb_pixel_purchase,724,1.11,805,1961,,11,1.37,19,2436.02,178.27,8,,,,188,77,7日間のクリックまたは1日間のビュー
2026-09-16,2026-09-16,リターゲティング,既存顧客_リピート,RT_レビュー動画,2026-09-16,1,actions:offsite_conversion.fb_pixel_purchase,715,1.08,769,1564,1564.00,9,1.17,16,2033.81,173.78,7,1,8547,5.46,205,65,7日間のクリックまたは1日間のビュー
2026-09-17,2026-09-17,リターゲティング,既存顧客_リピート,RT_レビュー動画,2026-09-17,1,actions:offsite_conversion.fb_pixel_purchase,838,1.14,953,2124,2124.00,11,1.15,22,2228.75,193.09,8,1,7888,3.71,236,77,7日間のクリックまたは1日間のビュー
2026-09-18,2026-09-18,リターゲティング,既存顧客_リピート,RT_レビュー動画,2026-09-18,,actions:offsite_conversion.fb_pixel_purchase,586,1.25,733,1739,,8,1.09,14,2372.44,217.38,6,,,,186,61,7日間のクリックまたは1日間のビュー
2026-09-19,2026-09-19,リターゲティング,既存顧客_リピート,RT_レビュー動画,2026-09-19,1,actions:offsite_conversion.fb_pixel_purchase,1044,1.12,1172,2434,2434.00,15,1.28,26,2076.79,162.27,13,1,7223,2.97,265,79,7日間のクリックまたは1日間のビュー
2026-09-20,2026-09-20,リターゲティング,既存顧客_リピート,RT_レビュー動画,2026-09-20,1,actions:offsite_conversion.fb_pixel_purchase,875,1.22,1069,2611,2611.00,10,0.94,17,2442.47,261.10,8,1,7626,2.92,313,97,7日間のクリックまたは1日間のビュー
2026-09-21,2026-09-21,リターゲティング,既存顧客_リピート,RT_レビュー動画,2026-09-21,1,actions:offsite_conversion.fb_pixel_purchase,703,1.11,778,1892,1892.00,7,0.90,13,2431.88,270.29,6,1,7730,4.09,225,59,7日間のクリックまたは1日間のビュー
2026-09-22,2026-09-22,リターゲティング,既存顧客_リピート,RT_レビュー動画,2026-09-22,,actions:offsite_conversion.fb_pixel_purchase,711,1.19,845,2056,,8,0.95,13,2433.14,257.00,6,,,,220,82,7日間のクリックまたは1日間のビュー
2026-09-23,2026-09-23,リターゲティング,既存顧客_リピート,RT_レビュー動画,2026-09-23,1,actions:offsite_conversion.fb_pixel_purchase,846,1.15,970,1993,1993.00,12,1.24,21,2054.64,166.08,10,1,7066,3.55,249,87,7日間のクリックまたは1日間のビュー
2026-09-24,2026-09-24,リターゲティング,既存顧客_リピート,RT_レビュー動画,2026-09-24,1,actions:offsite_conversion.fb_pixel_purchase,691,1.11,767,1870,1870.00,8,1.04,15,2438.07,233.75,7,1,8163,4.37,203,61,7日間のクリックまたは1日間のビュー
2026-09-25,2026-09-25,リターゲティング,既存顧客_リピート,RT_レビュー動画,2026-09-25,,actions:offsite_conversion.fb_pixel_purchase,756,1.13,858,1960,,8,0.93,14,2284.38,245.00,6,,,,230,52,7日間のクリックまたは1日間のビュー
2026-09-26,2026-09-26,リターゲティング,既存顧客_リピート,RT_レビュー動画,2026-09-26,,actions:offsite_conversion.fb_pixel_purchase,709,1.24,880,2118,,10,1.14,18,2406.82,211.80,8,,,,240,68,7日間のクリックまたは1日間のビュー
2026-09-27,2026-09-27,リターゲティング,既存顧客_リピート,RT_レビュー動画,2026-09-27,1,actions:offsite_conversion.fb_pixel_purchase,897,1.22,1095,2339,2339.00,9,0.82,17,2136.07,259.89,7,1,7817,3.34,277,85,7日間のクリックまたは1日間のビュー
2026-09-28,2026-09-28,リターゲティング,既存顧客_リピート,RT_レビュー動画,2026-09-28,1,actions:offsite_conversion.fb_pixel_purchase,674,1.15,773,1606,1606.00,7,0.91,14,2077.62,229.43,5,1,7518,4.68,185,55,7日間のクリックまたは1日間のビュー
2026-09-29,2026-09-29,リターゲティング,既存顧客_リピート,RT_レビュー動画,2026-09-29,,actions:offsite_conversion.fb_pixel_purchase,630,1.13,713,1713,,8,1.12,13,2402.52,214.12,7,,,,168,47,7日間のクリックまたは1日間のビュー
2026-09-30,2026-09-30,リターゲティング,既存顧客_リピート,RT_レビュー動画,2026-09-30,,actions:offsite_conversion.fb_pixel_purchase,555,1.14,634,1561,,7,1.10,12,2462.15,223.00,6,,,,174,56,7日間のクリックまたは1日間のビュー
2026-09-01,2026-09-01,認知_動画,ブロード_全国,認知_ブランド紹介30秒,2026-09-01,2584,reach,2584,1.15,2979,1782,0.69,13,0.44,24,598.19,137.08,10,,,,681,234,
2026-09-02,2026-09-02,認知_動画,ブロード_全国,認知_ブランド紹介30秒,2026-09-02,3208,reach,3208,1.16,3723,2213,0.69,16,0.43,28,594.41,138.31,14,,,,1046,301,
2026-09-03,2026-09-03,認知_動画,ブロード_全国,認知_ブランド紹介30秒,2026-09-03,3658,reach,3658,1.07,3925,2428,0.66,15,0.38,28,618.60,161.87,12,,,,1122,294,
2026-09-04,2026-09-04,認知_動画,ブロード_全国,認知_ブランド紹介30秒,2026-09-04,3299,reach,3299,1.17,3862,2254,0.68,19,0.49,30,583.64,118.63,16,,,,1020,336,
2026-09-05,2026-09-05,認知_動画,ブロード_全国,認知_ブランド紹介30秒,2026-09-05,3592,reach,3592,1.20,4296,2757,0.77,15,0.35,25,641.76,183.80,13,,,,1067,387,
2026-09-06,2026-09-06,認知_動画,ブロード_全国,認知_ブランド紹介30秒,2026-09-06,3225,reach,3225,1.24,4014,2724,0.84,16,0.40,29,678.62,170.25,13,1,5922,2.17,1101,249,
2026-09-07,2026-09-07,認知_動画,ブロード_全国,認知_ブランド紹介30秒,2026-09-07,2870,reach,2870,1.11,3176,2100,0.73,14,0.44,26,661.21,150.00,10,,,,924,283,
2026-09-08,2026-09-08,認知_動画,ブロード_全国,認知_ブランド紹介30秒,2026-09-08,2820,reach,2820,1.12,3169,2121,0.75,16,0.50,28,669.30,132.56,13,,,,941,281,
2026-09-09,2026-09-09,認知_動画,ブロード_全国,認知_ブランド紹介30秒,2026-09-09,2497,reach,2497,1.21,3011,1836,0.74,10,0.33,19,609.76,183.60,8,,,,615,269,
2026-09-10,2026-09-10,認知_動画,ブロード_全国,認知_ブランド紹介30秒,2026-09-10,2604,reach,2604,1.13,2934,1724,0.66,13,0.44,21,587.59,132.62,10,,,,619,207,
2026-09-11,2026-09-11,認知_動画,ブロード_全国,認知_ブランド紹介30秒,2026-09-11,4046,reach,4046,1.05,4251,2513,0.62,14,0.33,24,591.16,179.50,12,,,,1107,401,
2026-09-12,2026-09-12,認知_動画,ブロード_全国,認知_ブランド紹介30秒,2026-09-12,3193,reach,3193,1.23,3917,2582,0.81,15,0.38,26,659.18,172.13,13,,,,890,259,
2026-09-13,2026-09-13,認知_動画,ブロード_全国,認知_ブランド紹介30秒,2026-09-13,3515,reach,3515,1.07,3775,2348,0.67,15,0.40,26,621.99,156.53,12,,,,917,312,
2026-09-14,2026-09-14,認知_動画,ブロード_全国,認知_ブランド紹介30秒,2026-09-14,3097,reach,3097,1.16,3589,2338,0.75,13,0.36,26,651.43,179.85,11,,,,971,305,
2026-09-15,2026-09-15,認知_動画,ブロード_全国,認知_ブランド紹介30秒,2026-09-15,2607,reach,2607,1.12,2914,1703,0.65,13,0.45,22,584.42,131.00,10,,,,701,239,
2026-09-16,2026-09-16,認知_動画,ブロード_全国,認知_ブランド紹介30秒,2026-09-16,3012,reach,3012,1.12,3371,2078,0.69,17,0.50,29,616.43,122.24,13,,,,762,263,
2026-09-17,2026-09-17,認知_動画,ブロード_全国,認知_ブランド紹介30秒,2026-09-17,2837,reach,2837,1.07,3040,1877,0.66,15,0.49,28,617.43,125.13,13,,,,819,284,
2026-09-18,2026-09-18,認知_動画,ブロード_全国,認知_ブランド紹介30秒,2026-09-18,2178,reach,2178,1.24,2701,1808,0.83,9,0.33,18,669.38,200.89,8,,,,553,262,
2026-09-19,2026-09-19,認知_動画,ブロード_全国,認知_ブランド紹介30秒,2026-09-19,3246,reach,3246,1.15,3740,2337,0.72,15,0.40,24,624.87,155.80,12,1,5529,2.37,1068,244,
2026-09-20,2026-09-20,認知_動画,ブロード_全国,認知_ブランド紹介30秒,2026-09-20,5155,reach,5155,1.09,5596,3222,0.63,22,0.39,38,575.77,146.45,19,,,,1364,482,
2026-09-21,2026-09-21,認知_動画,ブロード_全国,認知_ブランド紹介30秒,2026-09-21,3057,reach,3057,1.08,3313,2069,0.68,13,0.39,23,624.51,159.15,11,,,,860,310,
2026-09-22,2026-09-22,認知_動画,ブロード_全国,認知_ブランド紹介30秒,2026-09-22,3272,reach,3272,1.14,3731,2195,0.67,17,0.46,28,588.31,129.12,13,,,,809,307,
2026-09-23,2026-09-23,認知_動画,ブロード_全国,認知_ブランド紹介30秒,2026-09-23,4320,reach,4320,1.06,4560,2614,0.61,18,0.39,33,573.25,145.22,15,1,5818,2.23,1143,350,
2026-09-24,2026-09-24,認知_動画,ブロード_全国,認知_ブランド紹介30秒,2026-09-24,2911,reach,2911,1.24,3624,2196,0.75,17,0.47,28,605.96,129.18,12,,,,750,293,
2026-09-25,2026-09-25,認知_動画,ブロード_全国,認知_ブランド紹介30秒,2026-09-25,3434,reach,3434,1.13,3869,2566,0.75,17,0.44,29,663.22,150.94,13,,,,942,310,
2026-09-26,2026-09-26,認知_動画,ブロード_全国,認知_ブランド紹介30秒,2026-09-26,3729,reach,3729,1.15,4281,2521,0.68,21,0.49,39,588.88,120.05,18,,,,1284,281,
2026-09-27,2026-09-27,認知_動画,ブロード_全国,認知_ブランド紹介30秒,2026-09-27,3583,reach,3583,1.10,3958,2287,0.64,13,0.33,23,577.82,175.92,10,1,5968,2.61,1063,383,
2026-09-28,2026-09-28,認知_動画,ブロード_全国,認知_ブランド紹介30秒,2026-09-28,2932,reach,2932,1.21,3551,2221,0.76,13,0.37,21,625.46,170.85,10,,,,980,308,
2026-09-29,2026-09-29,認知_動画,ブロード_全国,認知_ブランド紹介30秒,2026-09-29,3443,reach,3443,1.14,3927,2302,0.67,19,0.48,33,586.20,121.16,16,1,6950,3.02,1175,307,
2026-09-30,2026-09-30,認知_動画,ブロード_全国,認知_ブランド紹介30秒,2026-09-30,3262,reach,3262,1.09,3568,2207,0.68,13,0.36,25,618.55,169.77,11,,,,806,344,
2026-09-01,2026-09-01,認知_動画,ブロード_全国,認知_職人インタビュー,2026-09-01,2579,reach,2579,1.13,2902,1805,0.70,9,0.31,18,621.98,200.56,7,,,,743,197,
2026-09-02,2026-09-02,認知_動画,ブロード_全国,認知_職人インタビュー,2026-09-02,2442,reach,2442,1.24,3020,1874,0.77,13,0.43,25,620.53,144.15,10,,,,646,271,
2026-09-03,2026-09-03,認知_動画,ブロード_全国,認知_職人インタビュー,2026-09-03,3270,reach,3270,1.08,3516,2289,0.70,16,0.46,27,651.02,143.06,12,,,,992,299,
2026-09-04,2026-09-04,認知_動画,ブロード_全国,認知_職人インタビュー,2026-09-04,3058,reach,3058,1.11,3395,2220,0.73,15,0.44,27,653.90,148.00,12,,,,749,302,
2026-09-05,2026-09-05,認知_動画,ブロード_全国,認知_職人インタビュー,2026-09-05,2939,reach,2939,1.14,3347,2076,0.71,12,0.36,22,620.26,173.00,10,,,,841,239,
2026-09-06,2026-09-06,認知_動画,ブロード_全国,認知_職人インタビュー,2026-09-06,4193,reach,4193,1.08,4514,2591,0.62,16,0.35,30,573.99,161.94,14,,,,1091,336,
2026-09-07,2026-09-07,認知_動画,ブロード_全国,認知_職人インタビュー,2026-09-07,2486,reach,2486,1.06,2644,1672,0.67,11,0.42,21,632.38,152.00,9,,,,724,252,
2026-09-08,2026-09-08,認知_動画,ブロード_全国,認知_職人インタビュー,2026-09-08,3519,reach,3519,1.09,3820,2200,0.63,12,0.31,19,575.92,183.33,10,,,,1134,248,
2026-09-09,2026-09-09,認知_動画,ブロード_全国,認知_職人インタビュー,2026-09-09,2318,reach,2318,1.15,2676,1823,0.79,11,0.41,20,681.24,165.73,9,,,,685,172,
2026-09-10,2026-09-10,認知_動画,ブロード_全国,認知_職人インタビュー,2026-09-10,3096,reach,3096,1.21,3752,2420,0.78,12,0.32,23,644.99,201.67,10,,,,1009,239,
2026-09-11,2026-09-11,認知_動画,ブロード_全国,認知_職人インタビュー,2026-09-11,2387,reach,2387,1.13,2704,1816,0.76,9,0.33,17,671.60,201.78,7,,,,746,224,
2026-09-12,2026-09-12,認知_動画,ブロード_全国,認知_職人インタビュー,2026-09-12,2842,reach,2842,1.10,3140,1979,0.70,10,0.32,19,630.25,197.90,9,,,,887,219,
2026-09-13,2026-09-13,認知_動画,ブロード_全国,認知_職人インタビュー,2026-09-13,3831,reach,3831,1.07,4113,2414,0.63,18,0.44,32,586.92,134.11,15,,,,1090,303,
2026-09-14,2026-09-14,認知_動画,ブロード_全国,認知_職人インタビュー,2026-09-14,2320,reach,2320,1.16,2698,1833,0.79,12,0.44,21,679.39,152.75,9,,,,690,165,
2026-09-15,2026-09-15,認知_動画,ブロード_全国,認知_職人インタビュー,2026-09-15,3077,reach,3077,1.08,3315,2089,0.68,14,0.42,26,630.17,149.21,11,,,,992,297,
2026-09-16,2026-09-16,認知_動画,ブロード_全国,認知_職人インタビュー,2026-09-16,2392,reach,2392,1.13,2713,1805,0.75,12,0.44,20,665.32,150.42,10,,,,655,243,
2026-09-17,2026-09-17,認知_動画,ブロード_全国,認知_職人インタビュー,2026-09-17,2752,reach,2752,1.18,3248,1842,0.67,10,0.31,16,567.12,184.20,9,,,,918,208,
2026-09-18,2026-09-18,認知_動画,ブロード_全国,認知_職人インタビュー,2026-09-18,2787,reach,2787,1.21,3362,2078,0.75,13,0.39,24,618.08,159.85,11,,,,710,312,
2026-09-19,2026-09-19,認知_動画,ブロード_全国,認知_職人インタビュー,2026-09-19,3647,reach,3647,1.18,4319,2545,0.70,16,0.37,31,589.26,159.06,12,,,,1118,321,
2026-09-20,2026-09-20,認知_動画,ブロード_全国,認知_職人インタビュー,2026-09-20,4619,reach,4619,1.16,5368,3042,0.66,23,0.43,45,566.69,132.26,18,1,7102,2.33,1247,397,
2026-09-21,2026-09-21,認知_動画,ブロード_全国,認知_職人インタビュー,2026-09-21,3557,reach,3557,1.06,3776,2253,0.63,12,0.32,21,596.66,187.75,9,,,,890,288,
2026-09-22,2026-09-22,認知_動画,ブロード_全国,認知_職人インタビュー,2026-09-22,3623,reach,3623,1.16,4196,2619,0.72,14,0.33,26,624.17,187.07,11,,,,1136,353,
2026-09-23,2026-09-23,認知_動画,ブロード_全国,認知_職人インタビュー,2026-09-23,3888,reach,3888,1.18,4571,2757,0.71,18,0.39,32,603.15,153.17,15,,,,989,398,
2026-09-24,2026-09-24,認知_動画,ブロード_全国,認知_職人インタビュー,2026-09-24,3254,reach,3254,1.20,3909,2331,0.72,17,0.43,29,596.32,137.12,13,,,,1025,345,
2026-09-25,2026-09-25,認知_動画,ブロード_全国,認知_職人インタビュー,2026-09-25,2995,reach,2995,1.16,3488,1954,0.65,15,0.43,25,560.21,130.27,12,,,,1009,233,
2026-09-26,2026-09-26,認知_動画,ブロード_全国,認知_職人インタビュー,2026-09-26,2779,reach,2779,1.08,2988,2004,0.72,13,0.44,22,670.68,154.15,10,,,,867,247,
2026-09-27,2026-09-27,認知_動画,ブロード_全国,認知_職人インタビュー,2026-09-27,2797,reach,2797,1.21,3382,2141,0.77,13,0.38,23,633.06,164.69,10,,,,816,322,
2026-09-28,2026-09-28,認知_動画,ブロード_全国,認知_職人インタビュー,2026-09-28,3125,reach,3125,1.12,3485,2109,0.67,14,0.40,23,605.16,150.64,11,,,,874,238,
2026-09-29,2026-09-29,認知_動画,ブロード_全国,認知_職人インタビュー,2026-09-29,2979,reach,2979,1.12,3338,2253,0.76,12,0.36,22,674.96,187.75,9,,,,719,243,
2026-09-30,2026-09-30,認知_動画,ブロード_全国,認知_職人インタビュー,2026-09-30,3622,reach,3622,1.15,4172,2414,0.67,18,0.43,32,578.62,134.11,14,,,,988,330,
2026-09-01,2026-09-01,認知_動画,ブロード_全国,認知_季節の新商品,2026-09-01,2685,reach,2685,1.18,3165,2133,0.79,13,0.41,25,673.93,164.08,11,1,6790,3.18,874,210,
2026-09-02,2026-09-02,認知_動画,ブロード_全国,認知_季節の新商品,2026-09-02,3428,reach,3428,1.22,4179,2383,0.70,20,0.48,36,570.23,119.15,16,1,5420,2.27,1180,324,
2026-09-03,2026-09-03,認知_動画,ブロード_全国,認知_季節の新商品,2026-09-03,2922,reach,2922,1.10,3203,2140,0.73,17,0.53,28,668.12,125.88,14,,,,856,248,
2026-09-04,2026-09-04,認知_動画,ブロード_全国,認知_季節の新商品,2026-09-04,3502,reach,3502,1.09,3825,2486,0.71,19,0.50,36,649.93,130.84,14,1,5502,2.21,951,308,
2026-09-05,2026-09-05,認知_動画,ブロード_全国,認知_季節の新商品,2026-09-05,3075,reach,3075,1.22,3744,2153,0.70,18,0.48,29,575.05,119.61,15,,,,803,353,
2026-09-06,2026-09-06,認知_動画,ブロード_全国,認知_季節の新商品,2026-09-06,3219,reach,3219,1.15,3688,2286,0.71,17,0.46,27,619.85,134.47,13,,,,950,259,
2026-09-07,2026-09-07,認知_動画,ブロード_全国,認知_季節の新商品,2026-09-07,2753,reach,2753,1.22,3357,2287,0.83,15,0.45,29,681.26,152.47,13,,,,722,224,
2026-09-08,2026-09-08,認知_動画,ブロード_全国,認知_季節の新商品,2026-09-08,2163,reach,2163,1.20,2604,1677,0.78,13,0.50,26,644.01,129.00,11,,,,714,205,
2026-09-09,2026-09-09,認知_動画,ブロード_全国,認知_季節の新商品,2026-09-09,3028,reach,3028,1.18,3575,2048,0.68,19,0.53,37,572.87,107.79,14,,,,958,350,
2026-09-10,2026-09-10,認知_動画,ブロード_全国,認知_季節の新商品,2026-09-10,2904,reach,2904,1.18,3425,2257,0.78,20,0.58,37,658.98,112.85,15,,,,869,260,
2026-09-11,2026-09-11,認知_動画,ブロード_全国,認知_季節の新商品,2026-09-11,2987,reach,2987,1.18,3519,2353,0.79,16,0.45,27,668.66,147.06,12,,,,964,336,
2026-09-12,2026-09-12,認知_動画,ブロード_全国,認知_季節の新商品,2026-09-12,2785,reach,2785,1.22,3391,2222,0.80,17,0.50,33,655.26,130.71,14,,,,784,245,
2026-09-13,2026-09-13,認知_動画,ブロード_全国,認知_季節の新商品,2026-09-13,2420,reach,2420,1.17,2821,1923,0.79,13,0.46,22,681.67,147.92,10,,,,745,224,
2026-09-14,2026-09-14,認知_動画,ブロード_全国,認知_季節の新商品,2026-09-14,2729,reach,2729,1.15,3145,1793,0.66,14,0.45,25,570.11,128.07,11,,,,750,229,
2026-09-15,2026-09-15,認知_動画,ブロード_全国,認知_季節の新商品,2026-09-15,3401,reach,3401,1.06,3614,2366,0.70,19,0.53,32,654.68,124.53,16,,,,809,260,
2026-09-16,2026-09-16,認知_動画,ブロード_全国,認知_季節の新商品,2026-09-16,3554,reach,3554,1.15,4091,2330,0.66,22,0.54,35,569.54,105.91,18,,,,1023,309,
2026-09-17,2026-09-17,認知_動画,ブロード_全国,認知_季節の新商品,2026-09-17,2324,reach,2324,1.23,2851,1899,0.82,13,0.46,21,666.08,146.08,10,,,,786,248,
2026-09-18,2026-09-18,認知_動画,ブロード_全国,認知_季節の新商品,2026-09-18,2582,reach,2582,1.19,3068,1974,0.76,15,0.49,30,643.42,131.60,13,1,6425,3.25,850,284,
2026-09-19,2026-09-19,認知_動画,ブロード_全国,認知_季節の新商品,2026-09-19,3141,reach,3141,1.14,3587,2319,0.74,18,0.50,30,646.50,128.83,15,,,,865,341,
2026-09-20,2026-09-20,認知_動画,ブロード_全国,認知_季節の新商品,2026-09-20,4497,reach,4497,1.08,4862,2996,0.67,22,0.45,37,616.21,136.18,16,1,6025,2.01,1268,423,
2026-09-21,2026-09-21,認知_動画,ブロード_全国,認知_季節の新商品,2026-09-21,3862,reach,3862,1.07,4118,2646,0.69,23,0.56,46,642.54,115.04,20,1,5186,1.96,915,354,
2026-09-22,2026-09-22,認知_動画,ブロード_全国,認知_季節の新商品,2026-09-22,4192,reach,4192,1.08,4518,2819,0.67,21,0.46,38,623.95,134.24,16,,,,992,305,
2026-09-23,2026-09-23,認知_動画,ブロード_全国,認知_季節の新商品,2026-09-23,3800,reach,3800,1.12,4250,2594,0.68,23,0.54,42,610.35,112.78,19,,,,1223,319,
2026-09-24,2026-09-24,認知_動画,ブロード_全国,認知_季節の新商品,2026-09-24,4023,reach,4023,1.07,4323,2472,0.61,24,0.56,43,571.83,103.00,19,,,,1245,421,
2026-09-25,2026-09-25,認知_動画,ブロード_全国,認知_季節の新商品,2026-09-25,3450,reach,3450,1.11,3814,2543,0.74,22,0.58,41,666.75,115.59,19,1,5326,2.09,811,320,
2026-09-26,2026-09-26,認知_動画,ブロード_全国,認知_季節の新商品,2026-09-26,3468,reach,3468,1.17,4046,2592,0.75,18,0.44,30,640.63,144.00,13,,,,881,314,
2026-09-27,2026-09-27,認知_動画,ブロード_全国,認知_季節の新商品,2026-09-27,4262,reach,4262,1.08,4594,2711,0.64,20,0.44,37,590.12,135.55,15,1,7258,2.68,961,343,
2026-09-28,2026-09-28,認知_動画,ブロード_全国,認知_季節の新商品,2026-09-28,3237,reach,3237,1.08,3512,2291,0.71,15,0.43,29,652.33,152.73,11,,,,719,272,
2026-09-29,2026-09-29,認知_動画,ブロード_全国,認知_季節の新商品,2026-09-29,2311,reach,2311,1.08,2497,1675,0.72,14,0.56,28,670.80,119.64,12,1,6100,3.64,690,242,
2026-09-30,2026-09-30,認知_動画,ブロード_全国,認知_季節の新商品,2026-09-30,2497,reach,2497,1.24,3091,1809,0.72,15,0.49,26,585.25,120.60,12,,,,917,194,
2026-09-01,2026-09-01,認知_動画,興味関心_料理,認知_ブランド紹介30秒,2026-09-01,2396,reach,2396,1.12,2693,1737,0.72,10,0.37,19,645.01,173.70,8,,,,616,217,
2026-09-02,2026-09-02,認知_動画,興味関心_料理,認知_ブランド紹介30秒,2026-09-02,2377,reach,2377,1.14,2716,1667,0.70,13,0.48,25,613.77,128.23,11,,,,741,262,
2026-09-03,2026-09-03,認知_動画,興味関心_料理,認知_ブランド紹介30秒,2026-09-03,2245,reach,2245,1.14,2568,1712,0.76,12,0.47,21,666.67,142.67,9,,,,660,181,
2026-09-04,2026-09-04,認知_動画,興味関心_料理,認知_ブランド紹介30秒,2026-09-04,2191,reach,2191,1.10,2406,1514,0.69,12,0.50,20,629.26,126.17,10,,,,704,233,
2026-09-05,2026-09-05,認知_動画,興味関心_料理,認知_ブランド紹介30秒,2026-09-05,3093,reach,3093,1.14,3516,2169,0.70,19,0.54,34,616.89,114.16,15,1,5459,2.52,1052,274,
2026-09-06,2026-09-06,認知_動画,興味関心_料理,認知_ブランド紹介30秒,2026-09-06,2335,reach,2335,1.18,2752,1866,0.80,13,0.47,22,678.05,143.54,9,,,,566,273,
2026-09-07,2026-09-07,認知_動画,興味関心_料理,認知_ブランド紹介30秒,2026-09-07,2233,reach,2233,1.08,2419,1417,0.63,11,0.45,18,585.78,128.82,9,,,,580,235,
2026-09-08,2026-09-08,認知_動画,興味関心_料理,認知_ブランド紹介30秒,2026-09-08,2011,reach,2011,1.11,2233,1492,0.74,8,0.36,13,668.16,186.50,7,,,,469,207,
2026-09-09,2026-09-09,認知_動画,興味関心_料理,認知_ブランド紹介30秒,2026-09-09,2338,reach,2338,1.07,2506,1518,0.65,12,0.48,21,605.75,126.50,10,,,,672,226,
2026-09-10,2026-09-10,認知_動画,興味関心_料理,認知_ブランド紹介30秒,2026-09-10,3338,reach,3338,1.05,3516,2055,0.62,15,0.43,26,584.47,137.00,11,,,,864,319,
2026-09-11,2026-09-11,認知_動画,興味関心_料理,認知_ブランド紹介30秒,2026-09-11,2517,reach,2517,1.13,2842,1857,0.74,13,0.46,26,653.41,142.85,11,,,,635,231,
2026-09-12,2026-09-12,認知_動画,興味関心_料理,認知_ブランド紹介30秒,2026-09-12,2822,reach,2822,1.12,3172,1924,0.68,13,0.41,21,606.56,148.00,9,,,,884,236,
2026-09-13,2026-09-13,認知_動画,興味関心_料理,認知_ブランド紹介30秒,2026-09-13,2456,reach,2456,1.18,2889,1731,0.70,13,0.45,24,599.17,133.15,10,,,,704,223,
2026-09-14,2026-09-14,認知_動画,興味関心_料理,認知_ブランド紹介30秒,2026-09-14,2348,reach,2348,1.07,2503,1414,0.60,11,0.44,20,564.92,128.55,9,,,,608,168,
2026-09-15,2026-09-15,認知_動画,興味関心_料理,認知_ブランド紹介30秒,2026-09-15,2338,reach,2338,1.08,2515,1506,0.64,11,0.44,19,598.81,136.91,8,,,,607,230,
2026-09-16,2026-09-16,認知_動画,興味関心_料理,認知_ブランド紹介30秒,2026-09-16,2208,reach,2208,1.18,2610,1695,0.77,12,0.46,22,649.43,141.25,9,1,5380,3.17,549,243,
2026-09-17,2026-09-17,認知_動画,興味関心_料理,認知_ブランド紹介30秒,2026-09-17,2595,reach,2595,1.17,3043,1849,0.71,11,0.36,22,607.62,168.09,9,,,,681,222,
2026-09-18,2026-09-18,認知_動画,興味関心_料理,認知_ブランド紹介30秒,2026-09-18,2428,reach,2428,1.20,2919,1905,0.78,11,0.38,22,652.62,173.18,8,,,,673,226,
2026-09-19,2026-09-19,認知_動画,興味関心_料理,認知_ブランド紹介30秒,2026-09-19,3507,reach,3507,1.07,3745,2495,0.71,18,0.48,33,666.22,138.61,15,,,,887,283,
2026-09-20,2026-09-20,認知_動画,興味関心_料理,認知_ブランド紹介30秒,2026-09-20,3468,reach,3468,1.22,4222,2674,0.77,15,0.36,24,633.35,178.27,12,1,7252,2.71,1108,320,
2026-09-21,2026-09-21,認知_動画,興味関心_料理,認知_ブランド紹介30秒,2026-09-21,2629,reach,2629,1.13,2968,1709,0.65,13,0.44,25,575.81,131.46,11,,,,768,197,
2026-09-22,2026-09-22,認知_動画,興味関心_料理,認知_ブランド紹介30秒,2026-09-22,3449,reach,3449,1.15,3983,2303,0.67,18,0.45,36,578.21,127.94,16,,,,1004,325,
2026-09-23,2026-09-23,認知_動画,興味関心_料理,認知_ブランド紹介30秒,2026-09-23,2600,reach,2600,1.13,2932,1920,0.74,11,0.38,21,654.84,174.55,9,,,,645,255,
2026-09-24,2026-09-24,認知_動画,興味関心_料理,認知_ブランド紹介30秒,2026-09-24,2193,reach,2193,1.21,2647,1736,0.79,10,0.38,20,655.84,173.60,7,,,,632,234,
2026-09-25,2026-09-25,認知_動画,興味関心_料理,認知_ブランド紹介30秒,2026-09-25,2032,reach,2032,1.19,2416,1555,0.77,9,0.37,15,643.63,172.78,7,,,,490,221,
2026-09-26,2026-09-26,認知_動画,興味関心_料理,認知_ブランド紹介30秒,2026-09-26,2734,reach,2734,1.06,2910,1634,0.60,15,0.52,24,561.51,108.93,12,,,,795,185,
2026-09-27,2026-09-27,認知_動画,興味関心_料理,認知_ブランド紹介30秒,2026-09-27,2202,reach,2202,1.19,2625,1613,0.73,13,0.50,22,614.48,124.08,11,,,,574,187,
2026-09-28,2026-09-28,認知_動画,興味関心_料理,認知_ブランド紹介30秒,2026-09-28,2171,reach,2171,1.06,2291,1458,0.67,8,0.35,14,636.40,182.25,6,,,,628,147,
2026-09-29,2026-09-29,認知_動画,興味関心_料理,認知_ブランド紹介30秒,2026-09-29,2711,reach,2711,1.22,3299,1968,0.73,15,0.45,27,596.54,131.20,11,,,,780,249,
2026-09-30,2026-09-30,認知_動画,興味関心_料理,認知_ブランド紹介30秒,2026-09-30,2154,reach,2154,1.05,2267,1456,0.68,11,0.49,18,642.26,132.36,9,,,,569,152,
2026-09-01,2026-09-01,認知_動画,興味関心_料理,認知_職人インタビュー,2026-09-01,2513,reach,2513,1.13,2830,1774,0.71,10,0.35,16,626.86,177.40,7,,,,587,247,
2026-09-02,2026-09-02,認知_動画,興味関心_料理,認知_職人インタビュー,2026-09-02,2423,reach,2423,1.06,2571,1508,0.62,11,0.43,19,586.54,137.09,9,,,,763,228,
2026-09-03,2026-09-03,認知_動画,興味関心_料理,認知_職人インタビュー,2026-09-03,2328,reach,2328,1.21,2812,1717,0.74,11,0.39,18,610.60,156.09,9,,,,630,212,
2026-09-04,2026-09-04,認知_動画,興味関心_料理,認知_職人インタビュー,2026-09-04,2647,reach,2647,1.11,2944,1748,0.66,12,0.41,24,593.75,145.67,10,,,,815,278,
2026-09-05,2026-09-05,認知_動画,興味関心_料理,認知_職人インタビュー,2026-09-05,2808,reach,2808,1.15,3218,2158,0.77,11,0.34,18,670.60,196.18,9,,,,919,287,
2026-09-06,2026-09-06,認知_動画,興味関心_料理,認知_職人インタビュー,2026-09-06,2422,reach,2422,1.06,2577,1716,0.71,12,0.47,22,665.89,143.00,10,,,,579,202,
2026-09-07,2026-09-07,認知_動画,興味関心_料理,認知_職人インタビュー,2026-09-07,1897,reach,1897,1.16,2206,1400,0.74,7,0.32,13,634.63,200.00,6,,,,496,175,
2026-09-08,2026-09-08,認知_動画,興味関心_料理,認知_職人インタビュー,2026-09-08,2295,reach,2295,1.22,2795,1661,0.72,12,0.43,23,594.28,138.42,9,,,,652,236,
2026-09-09,2026-09-09,認知_動画,興味関心_料理,認知_職人インタビュー,2026-09-09,2724,reach,2724,1.09,2978,1877,0.69,11,0.37,18,630.29,170.64,9,,,,688,244,
2026-09-10,2026-09-10,認知_動画,興味関心_料理,認知_職人インタビュー,2026-09-10,2700,reach,2700,1.12,3017,2047,0.76,12,0.40,21,678.49,170.58,9,,,,809,209,
2026-09-11,2026-09-11,認知_動画,興味関心_料理,認知_職人インタビュー,2026-09-11,2022,reach,2022,1.24,2511,1708,0.84,11,0.44,18,680.21,155.27,9,,,,634,231,
2026-09-12,2026-09-12,認知_動画,興味関心_料理,認知_職人インタビュー,2026-09-12,2407,reach,2407,1.11,2669,1647,0.68,10,0.37,19,617.09,164.70,9,,,,593,190,
2026-09-13,2026-09-13,認知_動画,興味関心_料理,認知_職人インタビュー,2026-09-13,2294,reach,2294,1.23,2830,1724,0.75,13,0.46,23,609.19,132.62,11,,,,804,231,
2026-09-14,2026-09-14,認知_動画,興味関心_料理,認知_職人インタビュー,2026-09-14,2309,reach,2309,1.10,2533,1698,0.74,8,0.32,14,670.35,212.25,6,,,,507,199,
2026-09-15,2026-09-15,認知_動画,興味関心_料理,認知_職人インタビュー,2026-09-15,2424,reach,2424,1.20,2912,1637,0.68,11,0.38,20,562.16,148.82,8,,,,604,195,
2026-09-16,2026-09-16,認知_動画,興味関心_料理,認知_職人インタビュー,2026-09-16,2679,reach,2679,1.15,3077,1769,0.66,14,0.45,25,574.91,126.36,11,,,,669,237,
2026-09-17,2026-09-17,認知_動画,興味関心_料理,認知_職人インタビュー,2026-09-17,2381,reach,2381,1.20,2869,1921,0.81,12,0.42,22,669.57,160.08,10,,,,810,236,
2026-09-18,2026-09-18,認知_動画,興味関心_料理,認知_職人インタビュー,2026-09-18,2131,reach,2131,1.19,2536,1617,0.76,11,0.43,19,637.62,147.00,9,,,,538,247,
2026-09-19,2026-09-19,認知_動画,興味関心_料理,認知_職人インタビュー,2026-09-19,3869,reach,3869,1.16,4475,2771,0.72,18,0.40,30,619.22,153.94,15,,,,1340,442,
2026-09-20,2026-09-20,認知_動画,興味関心_料理,認知_職人インタビュー,2026-09-20,3302,reach,3302,1.23,4049,2666,0.81,19,0.47,31,658.43,140.32,14,,,,982,394,
2026-09-21,2026-09-21,認知_動画,興味関心_料理,認知_職人インタビュー,2026-09-21,2783,reach,2783,1.08,3001,1973,0.71,14,0.47,26,657.45,140.93,12,,,,664,210,
2026-09-22,2026-09-22,認知_動画,興味関心_料理,認知_職人インタビュー,2026-09-22,2961,reach,2961,1.15,3401,2021,0.68,14,0.41,25,594.24,144.36,12,,,,733,232,
2026-09-23,2026-09-23,認知_動画,興味関心_料理,認知_職人インタビュー,2026-09-23,2726,reach,2726,1.14,3118,2049,0.75,14,0.45,26,657.15,146.36,11,,,,772,191,
2026-09-24,2026-09-24,認知_動画,興味関心_料理,認知_職人インタビュー,2026-09-24,2634,reach,2634,1.10,2886,1829,0.69,11,0.38,21,633.75,166.27,9,,,,682,225,
2026-09-25,2026-09-25,認知_動画,興味関心_料理,認知_職人インタビュー,2026-09-25,2291,reach,2291,1.25,2860,1840,0.80,12,0.42,23,643.36,153.33,10,,,,738,218,
2026-09-26,2026-09-26,認知_動画,興味関心_料理,認知_職人インタビュー,2026-09-26,3217,reach,3217,1.16,3732,2084,0.65,16,0.43,30,558.41,130.25,13,,,,992,312,
2026-09-27,2026-09-27,認知_動画,興味関心_料理,認知_職人インタビュー,2026-09-27,2634,reach,2634,1.15,3034,1822,0.69,10,0.33,18,600.53,182.20,8,,,,741,240,
2026-09-28,2026-09-28,認知_動画,興味関心_料理,認知_職人インタビュー,2026-09-28,2103,reach,2103,1.23,2579,1574,0.75,9,0.35,17,610.31,174.89,7,,,,549,220,
2026-09-29,2026-09-29,認知_動画,興味関心_料理,認知_職人インタビュー,2026-09-29,2289,reach,2289,1.16,2659,1770,0.77,12,0.45,22,665.66,147.50,9,,,,576,199,
2026-09-30,2026-09-30,認知_動画,興味関心_料理,認知_職人インタビュー,2026-09-30,2161,reach,2161,1.21,2611,1775,0.82,10,0.38,18,679.82,177.50,8,,,,527,228,
2026-09-01,2026-09-01,認知_動画,興味関心_料理,認知_季節の新商品,2026-09-01,2656,reach,2656,1.15,3052,1918,0.72,12,0.39,21,628.44,159.83,10,1,6047,3.15,868,222,
2026-09-02,2026-09-02,認知_動画,興味関心_料理,認知_季節の新商品,2026-09-02,2791,reach,2791,1.18,3307,1954,0.70,16,0.48,28,590.87,122.12,12,,,,911,206,
2026-09-03,2026-09-03,認知_動画,興味関心_料理,認知_季節の新商品,2026-09-03,2266,reach,2266,1.10,2493,1613,0.71,11,0.44,19,647.01,146.64,8,,,,560,242,
2026-09-04,2026-09-04,認知_動画,興味関心_料理,認知_季節の新商品,2026-09-04,2980,reach,2980,1.14,3387,2127,0.71,14,0.41,26,627.99,151.93,11,,,,828,337,
2026-09-05,2026-09-05,認知_動画,興味関心_料理,認知_季節の新商品,2026-09-05,2967,reach,2967,1.24,3679,2283,0.77,18,0.49,36,620.55,126.83,14,1,6254,2.74,752,273,
2026-09-06,2026-09-06,認知_動画,興味関心_料理,認知_季節の新商品,2026-09-06,2966,reach,2966,1.09,3241,2128,0.72,13,0.40,21,656.59,163.69,11,,,,933,294,
2026-09-07,2026-09-07,認知_動画,興味関心_料理,認知_季節の新商品,2026-09-07,2406,reach,2406,1.24,2983,1847,0.77,12,0.40,20,619.18,153.92,11,,,,831,247,
2026-09-08,2026-09-08,認知_動画,興味関心_料理,認知_季節の新商品,2026-09-08,2398,reach,2398,1.11,2659,1527,0.64,12,0.45,23,574.28,127.25,10,,,,740,199,
2026-09-09,2026-09-09,認知_動画,興味関心_料理,認知_季節の新商品,2026-09-09,2389,reach,2389,1.22,2907,1739,0.73,12,0.41,22,598.21,144.92,10,,,,651,213,
2026-09-10,2026-09-10,認知_動画,興味関心_料理,認知_季節の新商品,2026-09-10,1895,reach,1895,1.25,2361,1534,0.81,10,0.42,17,649.72,153.40,7,,,,669,190,
2026-09-11,2026-09-11,認知_動画,興味関心_料理,認知_季節の新商品,2026-09-11,2608,reach,2608,1.06,2752,1596,0.61,10,0.36,16,579.94,159.60,9,,,,780,250,
2026-09-12,2026-09-12,認知_動画,興味関心_料理,認知_季節の新商品,2026-09-12,2695,reach,2695,1.21,3251,2049,0.76,12,0.37,22,630.27,170.75,9,,,,715,230,
2026-09-13,2026-09-13,認知_動画,興味関心_料理,認知_季節の新商品,2026-09-13,2501,reach,2501,1.20,3011,1758,0.70,15,0.50,30,583.86,117.20,11,,,,873,270,
2026-09-14,2026-09-14,認知_動画,興味関心_料理,認知_季節の新商品,2026-09-14,2638,reach,2638,1.17,3083,1885,0.71,16,0.52,27,611.42,117.81,14,,,,790,234,
2026-09-15,2026-09-15,認知_動画,興味関心_料理,認知_季節の新商品,2026-09-15,2160,reach,2160,1.18,2547,1496,0.69,12,0.47,20,587.36,124.67,10,,,,552,212,
2026-09-16,2026-09-16,認知_動画,興味関心_料理,認知_季節の新商品,2026-09-16,2742,reach,2742,1.12,3061,2059,0.75,14,0.46,24,672.66,147.07,12,1,6993,3.40,825,295,
2026-09-17,2026-09-17,認知_動画,興味関心_料理,認知_季節の新商品,2026-09-17,2194,reach,2194,1.15,2528,1552,0.71,10,0.40,18,613.92,155.20,8,,,,712,235,
2026-09-18,2026-09-18,認知_動画,興味関心_料理,認知_季節の新商品,2026-09-18,2708,reach,2708,1.18,3197,2143,0.79,12,0.38,24,670.32,178.58,9,,,,861,274,
2026-09-19,2026-09-19,認知_動画,興味関心_料理,認知_季節の新商品,2026-09-19,2899,reach,2899,1.17,3393,2244,0.77,15,0.44,27,661.36,149.60,12,,,,818,205,
2026-09-20,2026-09-20,認知_動画,興味関心_料理,認知_季節の新商品,2026-09-20,2861,reach,2861,1.16,3314,1987,0.69,14,0.42,22,599.58,141.93,12,,,,722,303,
2026-09-21,2026-09-21,認知_動画,興味関心_料理,認知_季節の新商品,2026-09-21,3324,reach,3324,1.18,3928,2316,0.70,19,0.48,38,589.61,121.89,16,,,,1177,296,
2026-09-22,2026-09-22,認知_動画,興味関心_料理,認知_季節の新商品,2026-09-22,2466,reach,2466,1.23,3039,1949,0.79,15,0.49,26,641.33,129.93,11,,,,727,297,
2026-09-23,2026-09-23,認知_動画,興味関心_料理,認知_季節の新商品,2026-09-23,3510,reach,3510,1.06,3704,2327,0.66,19,0.51,33,628.24,122.47,15,1,5652,2.43,822,230,
2026-09-24,2026-09-24,認知_動画,興味関心_料理,認知_季節の新商品,2026-09-24,2969,reach,2969,1.05,3125,1978,0.67,16,0.51,26,632.96,123.62,13,,,,888,258,
2026-09-25,2026-09-25,認知_動画,興味関心_料理,認知_季節の新商品,2026-09-25,2691,reach,2691,1.11,2980,1694,0.63,12,0.40,23,568.46,141.17,9,,,,646,264,
2026-09-26,2026-09-26,認知_動画,興味関心_料理,認知_季節の新商品,2026-09-26,2930,reach,2930,1.11,3265,2211,0.75,12,0.37,21,677.18,184.25,9,,,,821,241,
2026-09-27,2026-09-27,認知_動画,興味関心_料理,認知_季節の新商品,2026-09-27,2455,reach,2455,1.20,2935,1988,0.81,13,0.44,25,677.34,152.92,10,,,,674,230,
2026-09-28,2026-09-28,認知_動画,興味関心_料理,認知_季節の新商品,2026-09-28,2344,reach,2344,1.22,2865,1869,0.80,12,0.42,24,652.36,155.75,10,,,,672,230,
2026-09-29,2026-09-29,認知_動画,興味関心_料理,認知_季節の新商品,2026-09-29,2886,reach,2886,1.06,3053,1752,0.61,15,0.49,25,573.86,116.80,12,,,,753,288,
2026-09-30,2026-09-30,認知_動画,興味関心_料理,認知_季節の新商品,2026-09-30,3107,reach,3107,1.08,3347,1978,0.64,17,0.51,33,590.98,116.35,14,,,,926,324,
2026-09-01,2026-09-01,認知_動画,類似_サイト訪問者3%,認知_ブランド紹介30秒,2026-09-01,2195,reach,2195,1.17,2561,1546,0.70,12,0.47,22,603.67,128.83,10,,,,522,239,
2026-09-02,2026-09-02,認知_動画,類似_サイト訪問者3%,認知_ブランド紹介30秒,2026-09-02,1982,reach,1982,1.23,2431,1586,0.80,11,0.45,18,652.41,144.18,9,,,,597,228,
2026-09-03,2026-09-03,認知_動画,類似_サイト訪問者3%,認知_ブランド紹介30秒,2026-09-03,2371,reach,2371,1.12,2644,1770,0.75,10,0.38,17,669.44,177.00,8,,,,782,199,
2026-09-04,2026-09-04,認知_動画,類似_サイト訪問者3%,認知_ブランド紹介30秒,2026-09-04,2099,reach,2099,1.23,2584,1689,0.80,10,0.39,19,653.64,168.90,7,,,,670,233,
2026-09-05,2026-09-05,認知_動画,類似_サイト訪問者3%,認知_ブランド紹介30秒,2026-09-05,2696,reach,2696,1.20,3237,1975,0.73,16,0.49,29,610.13,123.44,14,,,,754,199,
2026-09-06,2026-09-06,認知_動画,類似_サイト訪問者3%,認知_ブランド紹介30秒,2026-09-06,2642,reach,2642,1.07,2823,1798,0.68,10,0.35,17,636.91,179.80,8,1,7067,3.93,751,183,
2026-09-07,2026-09-07,認知_動画,類似_サイト訪問者3%,認知_ブランド紹介30秒,2026-09-07,2121,reach,2121,1.13,2402,1354,0.64,11,0.46,19,563.70,123.09,9,,,,688,183,
2026-09-08,2026-09-08,認知_動画,類似_サイト訪問者3%,認知_ブランド紹介30秒,2026-09-08,1945,reach,1945,1.21,2363,1323,0.68,9,0.38,16,559.88,147.00,7,,,,663,157,
2026-09-09,2026-09-09,認知_動画,類似_サイト訪問者3%,認知_ブランド紹介30秒,2026-09-09,2703,reach,2703,1.14,3071,1785,0.66,15,0.49,26,581.24,119.00,13,,,,620,272,
2026-09-10,2026-09-10,認知_動画,類似_サイト訪問者3%,認知_ブランド紹介30秒,2026-09-10,2787,reach,2787,1.12,3120,1794,0.64,12,0.38,21,575.00,149.50,9,,,,651,273,
2026-09-11,2026-09-11,認知_動画,類似_サイト訪問者3%,認知_ブランド紹介30秒,2026-09-11,1886,reach,1886,1.25,2351,1424,0.76,8,0.34,15,605.70,178.00,7,,,,636,157,
2026-09-12,2026-09-12,認知_動画,類似_サイト訪問者3%,認知_ブランド紹介30秒,2026-09-12,2755,reach,2755,1.21,3328,1926,0.70,14,0.42,26,578.73,137.57,11,1,7161,3.72,987,331,
2026-09-13,2026-09-13,認知_動画,類似_サイト訪問者3%,認知_ブランド紹介30秒,2026-09-13,2684,reach,2684,1.08,2901,1934,0.72,13,0.45,21,666.67,148.77,11,,,,818,216,
2026-09-14,2026-09-14,認知_動画,類似_サイト訪問者3%,認知_ブランド紹介30秒,2026-09-14,1765,reach,1765,1.11,1962,1273,0.72,8,0.41,15,648.83,159.12,6,,,,569,190,
2026-09-15,2026-09-15,認知_動画,類似_サイト訪問者3%,認知_ブランド紹介30秒,2026-09-15,1668,reach,1668,1.14,1907,1296,0.78,8,0.42,15,679.60,162.00,7,,,,553,136,
2026-09-16,2026-09-16,認知_動画,類似_サイト訪問者3%,認知_ブランド紹介30秒,2026-09-16,1900,reach,1900,1.22,2321,1470,0.77,11,0.47,22,633.35,133.64,8,,,,487,202,
2026-09-17,2026-09-17,認知_動画,類似_サイト訪問者3%,認知_ブランド紹介30秒,2026-09-17,1914,reach,1914,1.20,2303,1548,0.81,9,0.39,16,672.17,172.00,7,,,,474,145,
2026-09-18,2026-09-18,認知_動画,類似_サイト訪問者3%,認知_ブランド紹介30秒,2026-09-18,2197,reach,2197,1.12,2460,1614,0.73,10,0.41,19,656.10,161.40,8,,,,619,187,
2026-09-19,2026-09-19,認知_動画,類似_サイト訪問者3%,認知_ブランド紹介30秒,2026-09-19,3589,reach,3589,1.17,4188,2445,0.68,21,0.50,39,583.81,116.43,18,1,6846,2.80,1066,282,
2026-09-20,2026-09-20,認知_動画,類似_サイト訪問者3%,認知_ブランド紹介30秒,2026-09-20,2996,reach,2996,1.23,3681,2349,0.78,18,0.49,30,638.14,130.50,15,1,6979,2.97,1088,366,
2026-09-21,2026-09-21,認知_動画,類似_サイト訪問者3%,認知_ブランド紹介30秒,2026-09-21,2760,reach,2760,1.08,2990,2017,0.73,14,0.47,27,674.58,144.07,11,,,,755,222,
2026-09-22,2026-09-22,認知_動画,類似_サイト訪問者3%,認知_ブランド紹介30秒,2026-09-22,2464,reach,2464,1.06,2608,1688,0.69,10,0.38,17,647.24,168.80,8,,,,655,246,
2026-09-23,2026-09-23,認知_動画,類似_サイト訪問者3%,認知_ブランド紹介30秒,2026-09-23,2332,reach,2332,1.21,2820,1772,0.76,10,0.35,20,628.37,177.20,8,,,,597,195,
2026-09-24,2026-09-24,認知_動画,類似_サイト訪問者3%,認知_ブランド紹介30秒,2026-09-24,1801,reach,1801,1.20,2167,1299,0.72,9,0.42,16,599.45,144.33,7,,,,565,189,
2026-09-25,2026-09-25,認知_動画,類似_サイト訪問者3%,認知_ブランド紹介30秒,2026-09-25,1960,reach,1960,1.13,2218,1500,0.77,9,0.41,16,676.28,166.67,8,,,,629,214,
2026-09-26,2026-09-26,認知_動画,類似_サイト訪問者3%,認知_ブランド紹介30秒,2026-09-26,2310,reach,2310,1.18,2715,1585,0.69,11,0.41,22,583.79,144.09,8,,,,794,222,
2026-09-27,2026-09-27,認知_動画,類似_サイト訪問者3%,認知_ブランド紹介30秒,2026-09-27,2158,reach,2158,1.13,2447,1652,0.77,9,0.37,16,675.11,183.56,8,,,,543,162,
2026-09-28,2026-09-28,認知_動画,類似_サイト訪問者3%,認知_ブランド紹介30秒,2026-09-28,1585,reach,1585,1.23,1955,1239,0.78,10,0.51,18,633.76,123.90,8,,,,452,194,
2026-09-29,2026-09-29,認知_動画,類似_サイト訪問者3%,認知_ブランド紹介30秒,2026-09-29,2319,reach,2319,1.16,2695,1677,0.72,11,0.41,20,622.26,152.45,9,1,5537,3.30,737,242,
2026-09-30,2026-09-30,認知_動画,類似_サイト訪問者3%,認知_ブランド紹介30秒,2026-09-30,2122,reach,2122,1.17,2483,1447,0.68,10,0.40,18,582.76,144.70,8,,,,644,223,
2026-09-01,2026-09-01,認知_動画,類似_サイト訪問者3%,認知_職人インタビュー,2026-09-01,2298,reach,2298,1.17,2683,1669,0.73,9,0.34,16,622.06,185.44,7,,,,783,206,
2026-09-02,2026-09-02,認知_動画,類似_サイト訪問者3%,認知_職人インタビュー,2026-09-02,2404,reach,2404,1.23,2968,1752,0.73,13,0.44,24,590.30,134.77,10,,,,751,276,
2026-09-03,2026-09-03,認知_動画,類似_サイト訪問者3%,認知_職人インタビュー,2026-09-03,2095,reach,2095,1.13,2374,1430,0.68,9,0.38,18,602.36,158.89,7,,,,496,228,
2026-09-04,2026-09-04,認知_動画,類似_サイト訪問者3%,認知_職人インタビュー,2026-09-04,2536,reach,2536,1.15,2909,1766,0.70,10,0.34,17,607.08,176.60,8,,,,753,222,
2026-09-05,2026-09-05,認知_動画,類似_サイト訪問者3%,認知_職人インタビュー,2026-09-05,2374,reach,2374,1.23,2918,1953,0.82,12,0.41,23,669.29,162.75,10,,,,803,185,
2026-09-06,2026-09-06,認知_動画,類似_サイト訪問者3%,認知_職人インタビュー,2026-09-06,2542,reach,2542,1.24,3146,1913,0.75,12,0.38,21,608.07,159.42,9,,,,788,249,
2026-09-07,2026-09-07,認知_動画,類似_サイト訪問者3%,認知_職人インタビュー,2026-09-07,2093,reach,2093,1.23,2565,1747,0.83,8,0.31,15,681.09,218.38,6,,,,611,194,
2026-09-08,2026-09-08,認知_動画,類似_サイト訪問者3%,認知_職人インタビュー,2026-09-08,2874,reach,2874,1.05,3019,1696,0.59,12,0.40,21,561.78,141.33,9,,,,862,219,
2026-09-09,2026-09-09,認知_動画,類似_サイト訪問者3%,認知_職人インタビュー,2026-09-09,2029,reach,2029,1.16,2348,1571,0.77,8,0.34,15,669.08,196.38,6,,,,702,148,
2026-09-10,2026-09-10,認知_動画,類似_サイト訪問者3%,認知_職人インタビュー,2026-09-10,2430,reach,2430,1.06,2583,1581,0.65,9,0.35,16,612.08,175.67,7,,,,552,200,
2026-09-11,2026-09-11,認知_動画,類似_サイト訪問者3%,認知_職人インタビュー,2026-09-11,2042,reach,2042,1.19,2433,1585,0.78,10,0.41,18,651.46,158.50,8,,,,673,207,
2026-09-12,2026-09-12,認知_動画,類似_サイト訪問者3%,認知_職人インタビュー,2026-09-12,2793,reach,2793,1.08,3010,1872,0.67,12,0.40,22,621.93,156.00,10,,,,640,233,
2026-09-13,2026-09-13,認知_動画,類似_サイト訪問者3%,認知_職人インタビュー,2026-09-13,2543,reach,2543,1.06,2701,1811,0.71,11,0.41,20,670.49,164.64,8,,,,767,261,
2026-09-14,2026-09-14,認知_動画,類似_サイト訪問者3%,認知_職人インタビュー,2026-09-14,2074,reach,2074,1.21,2511,1610,0.78,8,0.32,16,641.18,201.25,7,,,,534,160,
2026-09-15,2026-09-15,認知_動画,類似_サイト訪問者3%,認知_職人インタビュー,2026-09-15,2297,reach,2297,1.23,2814,1666,0.73,10,0.36,17,592.04,166.60,8,1,5428,3.26,651,192,
2026-09-16,2026-09-16,認知_動画,類似_サイト訪問者3%,認知_職人インタビュー,2026-09-16,2593,reach,2593,1.07,2766,1668,0.64,11,0.40,21,603.04,151.64,8,,,,590,229,
2026-09-17,2026-09-17,認知_動画,類似_サイト訪問者3%,認知_職人インタビュー,2026-09-17,1950,reach,1950,1.18,2305,1564,0.80,8,0.35,15,678.52,195.50,6,,,,541,156,
2026-09-18,2026-09-18,認知_動画,類似_サイト訪問者3%,認知_職人インタビュー,2026-09-18,2686,reach,2686,1.14,3067,1911,0.71,12,0.39,22,623.08,159.25,9,1,6984,3.65,824,212,
2026-09-19,2026-09-19,認知_動画,類似_サイト訪問者3%,認知_職人インタビュー,2026-09-19,3451,reach,3451,1.12,3877,2298,0.67,17,0.44,30,592.73,135.18,14,,,,836,299,
2026-09-20,2026-09-20,認知_動画,類似_サイト訪問者3%,認知_職人インタビュー,2026-09-20,2133,reach,2133,1.22,2609,1773,0.83,12,0.46,23,679.57,147.75,10,,,,583,254,
2026-09-21,2026-09-21,認知_動画,類似_サイト訪問者3%,認知_職人インタビュー,2026-09-21,2261,reach,2261,1.24,2813,1893,0.84,11,0.39,21,672.95,172.09,10,,,,812,243,
2026-09-22,2026-09-22,認知_動画,類似_サイト訪問者3%,認知_職人インタビュー,2026-09-22,2900,reach,2900,1.19,3462,2042,0.70,16,0.46,29,589.83,127.62,12,,,,958,217,
2026-09-23,2026-09-23,認知_動画,類似_サイト訪問者3%,認知_職人インタビュー,2026-09-23,2628,reach,2628,1.07,2801,1788,0.68,11,0.39,19,638.34,162.55,8,,,,742,222,
2026-09-24,2026-09-24,認知_動画,類似_サイト訪問者3%,認知_職人インタビュー,2026-09-24,2069,reach,2069,1.18,2445,1485,0.72,9,0.37,17,607.36,165.00,7,,,,545,158,
2026-09-25,2026-09-25,認知_動画,類似_サイト訪問者3%,認知_職人インタビュー,2026-09-25,1891,reach,1891,1.22,2308,1557,0.82,8,0.35,14,674.61,194.62,6,,,,546,211,
2026-09-26,2026-09-26,認知_動画,類似_サイト訪問者3%,認知_職人インタビュー,2026-09-26,2722,reach,2722,1.05,2863,1902,0.70,12,0.42,20,664.34,158.50,9,,,,830,217,
2026-09-27,2026-09-27,認知_動画,類似_サイト訪問者3%,認知_職人インタビュー,2026-09-27,2147,reach,2147,1.24,2656,1626,0.76,9,0.34,17,612.20,180.67,8,,,,791,184,
2026-09-28,2026-09-28,認知_動画,類似_サイト訪問者3%,認知_職人インタビュー,2026-09-28,2116,reach,2116,1.11,2359,1584,0.75,10,0.42,17,671.47,158.40,7,,,,594,182,
2026-09-29,2026-09-29,認知_動画,類似_サイト訪問者3%,認知_職人インタビュー,2026-09-29,1901,reach,1901,1.06,2009,1295,0.68,9,0.45,17,644.60,143.89,7,,,,446,138,
2026-09-30,2026-09-30,認知_動画,類似_サイト訪問者3%,認知_職人インタビュー,2026-09-30,2207,reach,2207,1.21,2666,1626,0.74,9,0.34,18,609.90,180.67,7,,,,533,266,
2026-09-01,2026-09-01,認知_動画,類似_サイト訪問者3%,認知_季節の新商品,2026-09-01,1881,reach,1881,1.18,2223,1499,0.80,12,0.54,24,674.31,124.92,10,,,,640,203,
2026-09-02,2026-09-02,認知_動画,類似_サイト訪問者3%,認知_季節の新商品,2026-09-02,2545,reach,2545,1.08,2759,1669,0.66,11,0.40,20,604.93,151.73,9,,,,650,243,
2026-09-03,2026-09-03,認知_動画,類似_サイト訪問者3%,認知_季節の新商品,2026-09-03,1921,reach,1921,1.18,2268,1355,0.71,11,0.49,18,597.44,123.18,8,,,,631,146,
2026-09-04,2026-09-04,認知_動画,類似_サイト訪問者3%,認知_季節の新商品,2026-09-04,1770,reach,1770,1.23,2171,1412,0.80,13,0.60,22,650.39,108.62,11,,,,528,217,
2026-09-05,2026-09-05,認知_動画,類似_サイト訪問者3%,認知_季節の新商品,2026-09-05,3222,reach,3222,1.05,3386,1948,0.60,20,0.59,35,575.31,97.40,16,,,,749,293,
2026-09-06,2026-09-06,認知_動画,類似_サイト訪問者3%,認知_季節の新商品,2026-09-06,2156,reach,2156,1.14,2467,1633,0.76,13,0.53,22,661.94,125.62,10,,,,708,187,
2026-09-07,2026-09-07,認知_動画,類似_サイト訪問者3%,認知_季節の新商品,2026-09-07,2162,reach,2162,1.19,2569,1630,0.75,13,0.51,26,634.49,125.38,11,,,,639,220,
2026-09-08,2026-09-08,認知_動画,類似_サイト訪問者3%,認知_季節の新商品,2026-09-08,2490,reach,2490,1.08,2695,1705,0.68,16,0.59,26,632.65,106.56,14,1,7240,4.25,790,231,
2026-09-09,2026-09-09,認知_動画,類似_サイト訪問者3%,認知_季節の新商品,2026-09-09,1865,reach,1865,1.24,2309,1377,0.74,11,0.48,22,596.36,125.18,9,,,,612,166,
2026-09-10,2026-09-10,認知_動画,類似_サイト訪問者3%,認知_季節の新商品,2026-09-10,2143,reach,2143,1.08,2323,1422,0.66,13,0.56,25,612.14,109.38,10,,,,484,169,
2026-09-11,2026-09-11,認知_動画,類似_サイト訪問者3%,認知_季節の新商品,2026-09-11,2432,reach,2432,1.23,2987,1805,0.74,17,0.57,29,604.29,106.18,14,1,6079,3.37,721,218,
2026-09-12,2026-09-12,認知_動画,類似_サイト訪問者3%,認知_季節の新商品,2026-09-12,2660,reach,2660,1.19,3173,1891,0.71,13,0.41,25,595.97,145.46,11,,,,661,244,
2026-09-13,2026-09-13,認知_動画,類似_サイト訪問者3%,認知_季節の新商品,2026-09-13,2486,reach,2486,1.07,2655,1602,0.64,15,0.56,27,603.39,106.80,12,,,,544,229,
2026-09-14,2026-09-14,認知_動画,類似_サイト訪問者3%,認知_季節の新商品,2026-09-14,2140,reach,2140,1.18,2528,1620,0.76,14,0.55,28,640.82,115.71,10,,,,643,232,
2026-09-15,2026-09-15,認知_動画,類似_サイト訪問者3%,認知_季節の新商品,2026-09-15,2337,reach,2337,1.07,2505,1457,0.62,12,0.48,22,581.64,121.42,9,,,,582,217,
2026-09-16,2026-09-16,認知_動画,類似_サイト訪問者3%,認知_季節の新商品,2026-09-16,2551,reach,2551,1.21,3077,1847,0.72,17,0.55,34,600.26,108.65,15,,,,865,306,
2026-09-17,2026-09-17,認知_動画,類似_サイト訪問者3%,認知_季節の新商品,2026-09-17,1951,reach,1951,1.17,2273,1419,0.73,10,0.44,19,624.29,141.90,8,,,,547,157,
2026-09-18,2026-09-18,認知_動画,類似_サイト訪問者3%,認知_季節の新商品,2026-09-18,1948,reach,1948,1.09,2116,1431,0.73,10,0.47,19,676.28,143.10,8,1,6311,4.41,625,139,
2026-09-19,2026-09-19,認知_動画,類似_サイト訪問者3%,認知_季節の新商品,2026-09-19,2435,reach,2435,1.16,2830,1838,0.75,12,0.42,20,649.47,153.17,9,,,,738,249,
2026-09-20,2026-09-20,認知_動画,類似_サイト訪問者3%,認知_季節の新商品,2026-09-20,2805,reach,2805,1.24,3482,1986,0.71,16,0.46,31,570.36,124.12,13,,,,963,294,
2026-09-21,2026-09-21,認知_動画,類似_サイト訪問者3%,認知_季節の新商品,2026-09-21,2658,reach,2658,1.11,2959,1698,0.64,15,0.51,26,573.84,113.20,12,,,,802,191,
2026-09-22,2026-09-22,認知_動画,類似_サイト訪問者3%,認知_季節の新商品,2026-09-22,2781,reach,2781,1.24,3443,2002,0.72,16,0.46,29,581.47,125.12,12,,,,965,306,
2026-09-23,2026-09-23,認知_動画,類似_サイト訪問者3%,認知_季節の新商品,2026-09-23,2643,reach,2643,1.17,3081,2037,0.77,12,0.39,22,661.15,169.75,10,,,,847,307,
2026-09-24,2026-09-24,認知_動画,類似_サイト訪問者3%,認知_季節の新商品,2026-09-24,2258,reach,2258,1.24,2807,1802,0.80,14,0.50,23,641.97,128.71,11,1,5463,3.03,569,200,
2026-09-25,2026-09-25,認知_動画,類似_サイト訪問者3%,認知_季節の新商品,2026-09-25,2404,reach,2404,1.07,2584,1449,0.60,11,0.43,22,560.76,131.73,9,,,,648,157,
2026-09-26,2026-09-26,認知_動画,類似_サイト訪問者3%,認知_季節の新商品,2026-09-26,2508,reach,2508,1.23,3087,1885,0.75,18,0.58,34,610.63,104.72,16,,,,857,214,
2026-09-27,2026-09-27,認知_動画,類似_サイト訪問者3%,認知_季節の新商品,2026-09-27,2362,reach,2362,1.10,2602,1679,0.71,11,0.42,19,645.27,152.64,8,,,,732,229,
2026-09-28,2026-09-28,認知_動画,類似_サイト訪問者3%,認知_季節の新商品,2026-09-28,2698,reach,2698,1.12,3020,1688,0.63,13,0.43,25,558.94,129.85,11,,,,701,185,
2026-09-29,2026-09-29,認知_動画,類似_サイト訪問者3%,認知_季節の新商品,2026-09-29,1993,reach,1993,1.18,2355,1591,0.80,14,0.59,25,675.58,113.64,10,,,,608,235,
2026-09-30,2026-09-30,認知_動画,類似_サイト訪問者3%,認知_季節の新商品,2026-09-30,1915,reach,1915,1.15,2203,1294,0.68,11,0.50,21,587.38,117.64,9,1,5380,4.16,581,203,
