レポート開始日,レポート終了日,キャンペーン名,広告セット名,広告名,日,結果,結果インジケーター,リーチ,フリークエンシー,インプレッション,消化金額 (JPY),結果の単価,リンクのクリック,CTR(リンククリックスルー率),クリック(すべて),"CPM(1,000インプレッション単価) (JPY)",CPC(リンククリックの単価) (JPY),ランディングページビュー,購入,購入のコンバージョン値,購入ROAS(広告費用対効果),動画の3秒再生数,ThruPlay,アトリビューション設定
2026-08-01,2026-08-01,新規獲得_コンバージョン,類似オーディエンス_購入者1%,新規_動画_使い方15秒,2026-08-01,2,actions:offsite_conversion.fb_pixel_purchase,3816,1.13,4321,6462,3231.00,60,1.39,104,1495.49,107.70,51,2,15464,2.39,925,429,7日間のクリックまたは1日間のビュー
2026-08-02,2026-08-02,新規獲得_コンバージョン,類似オーディエンス_購入者1%,新規_動画_使い方15秒,2026-08-02,3,actions:offsite_conversion.fb_pixel_purchase,5254,1.17,6161,8139,2713.00,96,1.56,178,1321.05,84.78,76,3,19207,2.36,1266,582,7日間のクリックまたは1日間のビュー
2026-08-03,2026-08-03,新規獲得_コンバージョン,類似オーディエンス_購入者1%,新規_動画_使い方15秒,2026-08-03,1,actions:offsite_conversion.fb_pixel_purchase,3141,1.16,3652,5268,5268.00,52,1.42,99,1442.50,101.31,41,1,6275,1.19,886,312,7日間のクリックまたは1日間のビュー
2026-08-04,2026-08-04,新規獲得_コンバージョン,類似オーディエンス_購入者1%,新規_動画_使い方15秒,2026-08-04,2,actions:offsite_conversion.fb_pixel_purchase,3394,1.19,4032,5602,2801.00,62,1.54,122,1389.38,90.35,47,2,16251,2.90,971,272,7日間のクリックまたは1日間のビュー
2026-08-05,2026-08-05,新規獲得_コンバージョン,類似オーディエンス_購入者1%,新規_動画_使い方15秒,2026-08-05,2,actions:offsite_conversion.fb_pixel_purchase,4210,1.10,4626,7375,3687.50,60,1.30,103,1594.25,122.92,51,2,15822,2.15,1280,406,7日間のクリックまたは1日間のビュー
2026-08-06,2026-08-06,新規獲得_コンバージョン,類似オーディエンス_購入者1%,新規_動画_使い方15秒,2026-08-06,2,actions:offsite_conversion.fb_pixel_purchase,4940,1.09,5405,7082,3541.00,89,1.65,170,1310.27,79.57,67,2,11763,1.66,1185,347,7日間のクリックまたは1日間のビュー
2026-08-07,2026-08-07,新規獲得_コンバージョン,類似オーディエンス_購入者1%,新規_動画_使い方15秒,2026-08-07,2,actions:offsite_conversion.fb_pixel_purchase,5232,1.06,5556,7445,3722.50,78,1.40,156,1339.99,95.45,57,2,13410,1.80,1631,547,7日間のクリックまたは1日間のビュー
2026-08-08,2026-08-08,新規獲得_コンバージョン,類似オーディエンス_購入者1%,新規_動画_使い方15秒,2026-08-08,2,actions:offsite_conversion.fb_pixel_purchase,5060,1.23,6244,8356,4178.00,84,1.35,148,1338.24,99.48,68,2,13736,1.64,1525,497,7日間のクリックまたは1日間のビュー
2026-08-09,2026-08-09,新規獲得_コンバージョン,類似オーディエンス_購入者1%,新規_動画_使い方15秒,2026-08-09,2,actions:offsite_conversion.fb_pixel_purchase,3824,1.22,4659,6679,3339.50,61,1.31,101,1433.57,109.49,53,2,13515,2.02,1076,338,7日間のクリックまたは1日間のビュー
2026-08-10,2026-08-10,新規獲得_コンバージョン,類似オーディエンス_購入者1%,新規_動画_使い方15秒,2026-08-10,1,actions:offsite_conversion.fb_pixel_purchase,3225,1.11,3570,5126,5126.00,41,1.15,69,1435.85,125.02,31,1,6865,1.34,978,346,7日間のクリックまたは1日間のビュー
2026-08-11,2026-08-11,新規獲得_コンバージョン,類似オーディエンス_購入者1%,新規_動画_使い方15秒,2026-08-11,1,actions:offsite_conversion.fb_pixel_purchase,3775,1.18,4463,6458,6458.00,69,1.55,121,1447.01,93.59,51,1,6837,1.06,1004,415,7日間のクリックまたは1日間のビュー
2026-08-12,2026-08-12,新規獲得_コンバージョン,類似オーディエンス_購入者1%,新規_動画_使い方15秒,2026-08-12,1,actions:offsite_conversion.fb_pixel_purchase,3842,1.13,4344,5790,5790.00,62,1.43,119,1332.87,93.39,51,1,6470,1.12,966,367,7日間のクリックまたは1日間のビュー
2026-08-13,2026-08-13,新規獲得_コンバージョン,類似オーディエンス_購入者1%,新規_動画_使い方15秒,2026-08-13,1,actions:offsite_conversion.fb_pixel_purchase,3931,1.23,4817,6878,6878.00,71,1.47,119,1427.86,96.87,56,1,7683,1.12,1088,295,7日間のクリックまたは1日間のビュー
2026-08-14,2026-08-14,新規獲得_コンバージョン,類似オーディエンス_購入者1%,新規_動画_使い方15秒,2026-08-14,1,actions:offsite_conversion.fb_pixel_purchase,4105,1.10,4501,6915,6915.00,74,1.64,120,1536.33,93.45,56,1,6382,0.92,936,417,7日間のクリックまたは1日間のビュー
2026-08-15,2026-08-15,新規獲得_コンバージョン,類似オーディエンス_購入者1%,新規_動画_使い方15秒,2026-08-15,2,actions:offsite_conversion.fb_pixel_purchase,3911,1.25,4872,7384,3692.00,66,1.35,108,1515.60,111.88,49,2,16171,2.19,1206,389,7日間のクリックまたは1日間のビュー
2026-08-16,2026-08-16,新規獲得_コンバージョン,類似オーディエンス_購入者1%,新規_動画_使い方15秒,2026-08-16,1,actions:offsite_conversion.fb_pixel_purchase,3880,1.16,4516,6542,6542.00,57,1.26,98,1448.63,114.77,42,1,5842,0.89,961,366,7日間のクリックまたは1日間のビュー
2026-08-17,2026-08-17,新規獲得_コンバージョン,類似オーディエンス_購入者1%,新規_動画_使い方15秒,2026-08-17,1,actions:offsite_conversion.fb_pixel_purchase,3518,1.12,3929,5627,5627.00,52,1.32,98,1432.17,108.21,38,1,6499,1.15,1125,336,7日間のクリックまたは1日間のビュー
2026-08-18,2026-08-18,新規獲得_コンバージョン,類似オーディエンス_購入者1%,新規_動画_使い方15秒,2026-08-18,2,actions:offsite_conversion.fb_pixel_purchase,3188,1.11,3525,5500,2750.00,48,1.36,94,1560.28,114.58,37,2,13212,2.40,940,213,7日間のクリックまたは1日間のビュー
2026-08-19,2026-08-19,新規獲得_コンバージョン,類似オーディエンス_購入者1%,新規_動画_使い方15秒,2026-08-19,2,actions:offsite_conversion.fb_pixel_purchase,3351,1.17,3906,5660,2830.00,52,1.33,95,1449.05,108.85,45,2,15165,2.68,970,380,7日間のクリックまたは1日間のビュー
2026-08-20,2026-08-20,新規獲得_コンバージョン,類似オーディエンス_購入者1%,新規_動画_使い方15秒,2026-08-20,1,actions:offsite_conversion.fb_pixel_purchase,3436,1.17,4012,6172,6172.00,46,1.15,81,1538.38,134.17,34,1,6391,1.04,1045,321,7日間のクリックまたは1日間のビュー
2026-08-21,2026-08-21,新規獲得_コンバージョン,類似オーディエンス_購入者1%,新規_動画_使い方15秒,2026-08-21,2,actions:offsite_conversion.fb_pixel_purchase,4591,1.10,5060,6974,3487.00,59,1.17,104,1378.26,118.20,52,2,13869,1.99,1315,432,7日間のクリックまたは1日間のビュー
2026-08-22,2026-08-22,新規獲得_コンバージョン,類似オーディエンス_購入者1%,新規_動画_使い方15秒,2026-08-22,1,actions:offsite_conversion.fb_pixel_purchase,4395,1.06,4650,6961,6961.00,55,1.18,89,1496.99,126.56,44,1,6466,0.93,1254,304,7日間のクリックまたは1日間のビュー
2026-08-23,2026-08-23,新規獲得_コンバージョン,類似オーディエンス_購入者1%,新規_動画_使い方15秒,2026-08-23,1,actions:offsite_conversion.fb_pixel_purchase,3629,1.11,4043,6153,6153.00,48,1.19,77,1521.89,128.19,36,1,6161,1.00,913,276,7日間のクリックまたは1日間のビュー
2026-08-24,2026-08-24,新規獲得_コンバージョン,類似オーディエンス_購入者1%,新規_動画_使い方15秒,2026-08-24,1,actions:offsite_conversion.fb_pixel_purchase,3500,1.25,4361,6068,6068.00,71,1.63,119,1391.42,85.46,55,1,5999,0.99,1058,265,7日間のクリックまたは1日間のビュー
2026-08-25,2026-08-25,新規獲得_コンバージョン,類似オーディエンス_購入者1%,新規_動画_使い方15秒,2026-08-25,1,actions:offsite_conversion.fb_pixel_purchase,4231,1.19,5047,6840,6840.00,61,1.21,99,1355.26,112.13,53,1,5893,0.86,1185,486,7日間のクリックまたは1日間のビュー
2026-08-26,2026-08-26,新規獲得_コンバージョン,類似オーディエンス_購入者1%,新規_動画_使い方15秒,2026-08-26,2,actions:offsite_conversion.fb_pixel_purchase,4000,1.11,4434,6396,3198.00,55,1.24,109,1442.49,116.29,48,2,11630,1.82,1008,344,7日間のクリックまたは1日間のビュー
2026-08-27,2026-08-27,新規獲得_コンバージョン,類似オーディエンス_購入者1%,新規_動画_使い方15秒,2026-08-27,1,actions:offsite_conversion.fb_pixel_purchase,3090,1.25,3850,5806,5806.00,55,1.43,100,1508.05,105.56,43,1,5951,1.02,811,307,7日間のクリックまたは1日間のビュー
2026-08-28,2026-08-28,新規獲得_コンバージョン,類似オーディエンス_購入者1%,新規_動画_使い方15秒,2026-08-28,1,actions:offsite_conversion.fb_pixel_purchase,3791,1.21,4591,6303,6303.00,75,1.63,146,1372.90,84.04,66,1,6158,0.98,1216,324,7日間のクリックまたは1日間のビュー
2026-08-29,2026-08-29,新規獲得_コンバージョン,類似オーディエンス_購入者1%,新規_動画_使い方15秒,2026-08-29,2,actions:offsite_conversion.fb_pixel_purchase,4205,1.08,4547,7010,3505.00,75,1.65,133,1541.68,93.47,56,2,11648,1.66,968,323,7日間のクリックまたは1日間のビュー
2026-08-30,2026-08-30,新規獲得_コンバージョン,類似オーディエンス_購入者1%,新規_動画_使い方15秒,2026-08-30,2,actions:offsite_conversion.fb_pixel_purchase,4332,1.06,4604,7140,3570.00,60,1.30,112,1550.83,119.00,48,2,13226,1.85,1335,353,7日間のクリックまたは1日間のビュー
2026-08-31,2026-08-31,新規獲得_コンバージョン,類似オーディエンス_購入者1%,新規_動画_使い方15秒,2026-08-31,1,actions:offsite_conversion.fb_pixel_purchase,3414,1.07,3658,5815,5815.00,58,1.59,112,1589.67,100.26,45,1,6621,1.14,912,276,7日間のクリックまたは1日間のビュー
2026-08-01,2026-08-01,新規獲得_コンバージョン,類似オーディエンス_購入者1%,新規_静止画_レビュー訴求,2026-08-01,2,actions:offsite_conversion.fb_pixel_purchase,4236,1.24,5243,8120,4060.00,59,1.13,95,1548.73,137.63,45,2,14262,1.76,,,7日間のクリックまたは1日間のビュー
2026-08-02,2026-08-02,新規獲得_コンバージョン,類似オーディエンス_購入者1%,新規_静止画_レビュー訴求,2026-08-02,2,actions:offsite_conversion.fb_pixel_purchase,3495,1.24,4348,5913,2956.50,46,1.06,86,1359.94,128.54,39,2,15672,2.65,,,7日間のクリックまたは1日間のビュー
2026-08-03,2026-08-03,新規獲得_コンバージョン,類似オーディエンス_購入者1%,新規_静止画_レビュー訴求,2026-08-03,2,actions:offsite_conversion.fb_pixel_purchase,4073,1.13,4615,6533,3266.50,55,1.19,88,1415.60,118.78,48,2,16088,2.46,,,7日間のクリックまたは1日間のビュー
2026-08-04,2026-08-04,新規獲得_コンバージョン,類似オーディエンス_購入者1%,新規_静止画_レビュー訴求,2026-08-04,1,actions:offsite_conversion.fb_pixel_purchase,3716,1.07,3974,6262,6262.00,46,1.16,74,1575.74,136.13,36,1,6745,1.08,,,7日間のクリックまたは1日間のビュー
2026-08-05,2026-08-05,新規獲得_コンバージョン,類似オーディエンス_購入者1%,新規_静止画_レビュー訴求,2026-08-05,1,actions:offsite_conversion.fb_pixel_purchase,3886,1.24,4816,6627,6627.00,47,0.98,78,1376.04,141.00,38,1,6029,0.91,,,7日間のクリックまたは1日間のビュー
2026-08-06,2026-08-06,新規獲得_コンバージョン,類似オーディエンス_購入者1%,新規_静止画_レビュー訴求,2026-08-06,1,actions:offsite_conversion.fb_pixel_purchase,3805,1.13,4318,6314,6314.00,36,0.83,58,1462.25,175.39,29,1,7931,1.26,,,7日間のクリックまたは1日間のビュー
2026-08-07,2026-08-07,新規獲得_コンバージョン,類似オーディエンス_購入者1%,新規_静止画_レビュー訴求,2026-08-07,1,actions:offsite_conversion.fb_pixel_purchase,3369,1.17,3943,5676,5676.00,40,1.01,73,1439.51,141.90,31,1,6052,1.07,,,7日間のクリックまたは1日間のビュー
2026-08-08,2026-08-08,新規獲得_コンバージョン,類似オーディエンス_購入者1%,新規_静止画_レビュー訴求,2026-08-08,1,actions:offsite_conversion.fb_pixel_purchase,3822,1.08,4111,6036,6036.00,40,0.97,65,1468.26,150.90,30,1,5908,0.98,,,7日間のクリックまたは1日間のビュー
2026-08-09,2026-08-09,新規獲得_コンバージョン,類似オーディエンス_購入者1%,新規_静止画_レビュー訴求,2026-08-09,1,actions:offsite_conversion.fb_pixel_purchase,3562,1.10,3911,6054,6054.00,46,1.18,76,1547.94,131.61,39,1,7922,1.31,,,7日間のクリックまたは1日間のビュー
2026-08-10,2026-08-10,新規獲得_コンバージョン,類似オーディエンス_購入者1%,新規_静止画_レビュー訴求,2026-08-10,1,actions:offsite_conversion.fb_pixel_purchase,3680,1.19,4372,6931,6931.00,42,0.96,70,1585.32,165.02,31,1,7632,1.10,,,7日間のクリックまたは1日間のビュー
2026-08-11,2026-08-11,新規獲得_コンバージョン,類似オーディエンス_購入者1%,新規_静止画_レビュー訴求,2026-08-11,1,actions:offsite_conversion.fb_pixel_purchase,3436,1.16,3989,5826,5826.00,38,0.95,73,1460.52,153.32,28,1,7472,1.28,,,7日間のクリックまたは1日間のビュー
2026-08-12,2026-08-12,新規獲得_コンバージョン,類似オーディエンス_購入者1%,新規_静止画_レビュー訴求,2026-08-12,1,actions:offsite_conversion.fb_pixel_purchase,4035,1.09,4394,6135,6135.00,44,1.00,76,1396.22,139.43,35,1,7493,1.22,,,7日間のクリックまたは1日間のビュー
2026-08-13,2026-08-13,新規獲得_コンバージョン,類似オーディエンス_購入者1%,新規_静止画_レビュー訴求,2026-08-13,1,actions:offsite_conversion.fb_pixel_purchase,3507,1.19,4171,6366,6366.00,36,0.86,71,1526.25,176.83,30,1,8001,1.26,,,7日間のクリックまたは1日間のビュー
2026-08-14,2026-08-14,新規獲得_コンバージョン,類似オーディエンス_購入者1%,新規_静止画_レビュー訴求,2026-08-14,1,actions:offsite_conversion.fb_pixel_purchase,4013,1.11,4462,6755,6755.00,42,0.94,76,1513.90,160.83,36,1,6039,0.89,,,7日間のクリックまたは1日間のビュー
2026-08-15,2026-08-15,新規獲得_コンバージョン,類似オーディエンス_購入者1%,新規_静止画_レビュー訴求,2026-08-15,1,actions:offsite_conversion.fb_pixel_purchase,4083,1.15,4684,7135,7135.00,46,0.98,81,1523.27,155.11,40,1,7057,0.99,,,7日間のクリックまたは1日間のビュー
2026-08-16,2026-08-16,新規獲得_コンバージョン,類似オーディエンス_購入者1%,新規_静止画_レビュー訴求,2026-08-16,2,actions:offsite_conversion.fb_pixel_purchase,3975,1.21,4790,6553,3276.50,53,1.11,85,1368.06,123.64,39,2,13385,2.04,,,7日間のクリックまたは1日間のビュー
2026-08-17,2026-08-17,新規獲得_コンバージョン,類似オーディエンス_購入者1%,新規_静止画_レビュー訴求,2026-08-17,1,actions:offsite_conversion.fb_pixel_purchase,3954,1.18,4648,6863,6863.00,50,1.08,99,1476.55,137.26,38,1,7178,1.05,,,7日間のクリックまたは1日間のビュー
2026-08-18,2026-08-18,新規獲得_コンバージョン,類似オーディエンス_購入者1%,新規_静止画_レビュー訴求,2026-08-18,2,actions:offsite_conversion.fb_pixel_purchase,4257,1.15,4907,6943,3471.50,52,1.06,89,1414.92,133.52,40,2,14430,2.08,,,7日間のクリックまたは1日間のビュー
2026-08-19,2026-08-19,新規獲得_コンバージョン,類似オーディエンス_購入者1%,新規_静止画_レビュー訴求,2026-08-19,1,actions:offsite_conversion.fb_pixel_purchase,3705,1.07,3950,5937,5937.00,40,1.01,74,1503.04,148.43,34,1,6920,1.17,,,7日間のクリックまたは1日間のビュー
2026-08-20,2026-08-20,新規獲得_コンバージョン,類似オーディエンス_購入者1%,新規_静止画_レビュー訴求,2026-08-20,1,actions:offsite_conversion.fb_pixel_purchase,3353,1.09,3666,5548,5548.00,35,0.95,66,1513.37,158.51,31,1,8081,1.46,,,7日間のクリックまたは1日間のビュー
2026-08-21,2026-08-21,新規獲得_コンバージョン,類似オーディエンス_購入者1%,新規_静止画_レビュー訴求,2026-08-21,1,actions:offsite_conversion.fb_pixel_purchase,3388,1.13,3818,5639,5639.00,46,1.20,76,1476.95,122.59,38,1,7956,1.41,,,7日間のクリックまたは1日間のビュー
2026-08-22,2026-08-22,新規獲得_コンバージョン,類似オーディエンス_購入者1%,新規_静止画_レビュー訴求,2026-08-22,2,actions:offsite_conversion.fb_pixel_purchase,5430,1.08,5880,7926,3963.00,49,0.83,85,1347.96,161.76,36,2,15188,1.92,,,7日間のクリックまたは1日間のビュー
2026-08-23,2026-08-23,新規獲得_コンバージョン,類似オーディエンス_購入者1%,新規_静止画_レビュー訴求,2026-08-23,2,actions:offsite_conversion.fb_pixel_purchase,3867,1.22,4727,6818,3409.00,50,1.06,81,1442.35,136.36,36,2,13164,1.93,,,7日間のクリックまたは1日間のビュー
2026-08-24,2026-08-24,新規獲得_コンバージョン,類似オーディエンス_購入者1%,新規_静止画_レビュー訴求,2026-08-24,,actions:offsite_conversion.fb_pixel_purchase,3185,1.12,3563,5607,,31,0.87,52,1573.67,180.87,27,,,,,,7日間のクリックまたは1日間のビュー
2026-08-25,2026-08-25,新規獲得_コンバージョン,類似オーディエンス_購入者1%,新規_静止画_レビュー訴求,2026-08-25,2,actions:offsite_conversion.fb_pixel_purchase,3931,1.18,4622,6611,3305.50,54,1.17,88,1430.33,122.43,44,2,13595,2.06,,,7日間のクリックまたは1日間のビュー
2026-08-26,2026-08-26,新規獲得_コンバージョン,類似オーディエンス_購入者1%,新規_静止画_レビュー訴求,2026-08-26,1,actions:offsite_conversion.fb_pixel_purchase,2998,1.21,3620,5458,5458.00,39,1.08,70,1507.73,139.95,33,1,6665,1.22,,,7日間のクリックまたは1日間のビュー
2026-08-27,2026-08-27,新規獲得_コンバージョン,類似オーディエンス_購入者1%,新規_静止画_レビュー訴求,2026-08-27,1,actions:offsite_conversion.fb_pixel_purchase,3999,1.14,4571,6245,6245.00,51,1.12,87,1366.22,122.45,40,1,6596,1.06,,,7日間のクリックまたは1日間のビュー
2026-08-28,2026-08-28,新規獲得_コンバージョン,類似オーディエンス_購入者1%,新規_静止画_レビュー訴求,2026-08-28,1,actions:offsite_conversion.fb_pixel_purchase,3931,1.19,4690,7259,7259.00,46,0.98,89,1547.76,157.80,35,1,7314,1.01,,,7日間のクリックまたは1日間のビュー
2026-08-29,2026-08-29,新規獲得_コンバージョン,類似オーディエンス_購入者1%,新規_静止画_レビュー訴求,2026-08-29,2,actions:offsite_conversion.fb_pixel_purchase,3911,1.18,4613,6936,3468.00,53,1.15,104,1503.58,130.87,43,2,14339,2.07,,,7日間のクリックまたは1日間のビュー
2026-08-30,2026-08-30,新規獲得_コンバージョン,類似オーディエンス_購入者1%,新規_静止画_レビュー訴求,2026-08-30,1,actions:offsite_conversion.fb_pixel_purchase,3489,1.21,4219,6235,6235.00,51,1.21,84,1477.84,122.25,45,1,7397,1.19,,,7日間のクリックまたは1日間のビュー
2026-08-31,2026-08-31,新規獲得_コンバージョン,類似オーディエンス_購入者1%,新規_静止画_レビュー訴求,2026-08-31,2,actions:offsite_conversion.fb_pixel_purchase,4160,1.22,5095,6690,3345.00,57,1.12,113,1313.05,117.37,43,2,12600,1.88,,,7日間のクリックまたは1日間のビュー
2026-08-01,2026-08-01,新規獲得_コンバージョン,類似オーディエンス_購入者1%,新規_カルーセル_人気5選,2026-08-01,1,actions:offsite_conversion.fb_pixel_purchase,3950,1.24,4881,6579,6579.00,56,1.15,106,1347.88,117.48,46,1,6009,0.91,,,7日間のクリックまたは1日間のビュー
2026-08-02,2026-08-02,新規獲得_コンバージョン,類似オーディエンス_購入者1%,新規_カルーセル_人気5選,2026-08-02,1,actions:offsite_conversion.fb_pixel_purchase,3826,1.13,4310,6771,6771.00,46,1.07,84,1571.00,147.20,37,1,7448,1.10,,,7日間のクリックまたは1日間のビュー
2026-08-03,2026-08-03,新規獲得_コンバージョン,類似オーディエンス_購入者1%,新規_カルーセル_人気5選,2026-08-03,1,actions:offsite_conversion.fb_pixel_purchase,3479,1.08,3747,5633,5633.00,43,1.15,79,1503.34,131.00,34,1,7566,1.34,,,7日間のクリックまたは1日間のビュー
2026-08-04,2026-08-04,新規獲得_コンバージョン,類似オーディエンス_購入者1%,新規_カルーセル_人気5選,2026-08-04,1,actions:offsite_conversion.fb_pixel_purchase,3069,1.24,3793,5669,5669.00,45,1.19,89,1494.60,125.98,37,1,6238,1.10,,,7日間のクリックまたは1日間のビュー
2026-08-05,2026-08-05,新規獲得_コンバージョン,類似オーディエンス_購入者1%,新規_カルーセル_人気5選,2026-08-05,1,actions:offsite_conversion.fb_pixel_purchase,3855,1.23,4757,7111,7111.00,53,1.11,104,1494.85,134.17,39,1,7502,1.05,,,7日間のクリックまたは1日間のビュー
2026-08-06,2026-08-06,新規獲得_コンバージョン,類似オーディエンス_購入者1%,新規_カルーセル_人気5選,2026-08-06,1,actions:offsite_conversion.fb_pixel_purchase,3510,1.13,3970,5478,5478.00,39,0.98,64,1379.85,140.46,34,1,7897,1.44,,,7日間のクリックまたは1日間のビュー
2026-08-07,2026-08-07,新規獲得_コンバージョン,類似オーディエンス_購入者1%,新規_カルーセル_人気5選,2026-08-07,1,actions:offsite_conversion.fb_pixel_purchase,3720,1.17,4351,6250,6250.00,42,0.97,70,1436.45,148.81,33,1,8110,1.30,,,7日間のクリックまたは1日間のビュー
2026-08-08,2026-08-08,新規獲得_コンバージョン,類似オーディエンス_購入者1%,新規_カルーセル_人気5選,2026-08-08,1,actions:offsite_conversion.fb_pixel_purchase,3903,1.14,4467,6134,6134.00,43,0.96,69,1373.18,142.65,32,1,5819,0.95,,,7日間のクリックまたは1日間のビュー
2026-08-09,2026-08-09,新規獲得_コンバージョン,類似オーディエンス_購入者1%,新規_カルーセル_人気5選,2026-08-09,1,actions:offsite_conversion.fb_pixel_purchase,4241,1.06,4487,6757,6757.00,52,1.16,87,1505.91,129.94,45,1,5965,0.88,,,7日間のクリックまたは1日間のビュー
2026-08-10,2026-08-10,新規獲得_コンバージョン,類似オーディエンス_購入者1%,新規_カルーセル_人気5選,2026-08-10,1,actions:offsite_conversion.fb_pixel_purchase,3919,1.25,4882,7123,7123.00,63,1.29,106,1459.03,113.06,52,1,7866,1.10,,,7日間のクリックまたは1日間のビュー
2026-08-11,2026-08-11,新規獲得_コンバージョン,類似オーディエンス_購入者1%,新規_カルーセル_人気5選,2026-08-11,2,actions:offsite_conversion.fb_pixel_purchase,3972,1.17,4631,6174,3087.00,62,1.34,111,1333.19,99.58,50,2,15163,2.46,,,7日間のクリックまたは1日間のビュー
2026-08-12,2026-08-12,新規獲得_コンバージョン,類似オーディエンス_購入者1%,新規_カルーセル_人気5選,2026-08-12,1,actions:offsite_conversion.fb_pixel_purchase,4165,1.11,4617,6974,6974.00,63,1.36,118,1510.50,110.70,50,1,7133,1.02,,,7日間のクリックまたは1日間のビュー
2026-08-13,2026-08-13,新規獲得_コンバージョン,類似オーディエンス_購入者1%,新規_カルーセル_人気5選,2026-08-13,1,actions:offsite_conversion.fb_pixel_purchase,3051,1.15,3494,5384,5384.00,37,1.06,66,1540.93,145.51,28,1,6075,1.13,,,7日間のクリックまたは1日間のビュー
2026-08-14,2026-08-14,新規獲得_コンバージョン,類似オーディエンス_購入者1%,新規_カルーセル_人気5選,2026-08-14,1,actions:offsite_conversion.fb_pixel_purchase,3593,1.06,3817,5621,5621.00,42,1.10,73,1472.62,133.83,31,1,7390,1.31,,,7日間のクリックまたは1日間のビュー
2026-08-15,2026-08-15,新規獲得_コンバージョン,類似オーディエンス_購入者1%,新規_カルーセル_人気5選,2026-08-15,1,actions:offsite_conversion.fb_pixel_purchase,3613,1.17,4220,6367,6367.00,47,1.11,78,1508.77,135.47,38,1,7170,1.13,,,7日間のクリックまたは1日間のビュー
2026-08-16,2026-08-16,新規獲得_コンバージョン,類似オーディエンス_購入者1%,新規_カルーセル_人気5選,2026-08-16,1,actions:offsite_conversion.fb_pixel_purchase,4998,1.09,5425,7188,7188.00,67,1.24,128,1324.98,107.28,59,1,7461,1.04,,,7日間のクリックまたは1日間のビュー
2026-08-17,2026-08-17,新規獲得_コンバージョン,類似オーディエンス_購入者1%,新規_カルーセル_人気5選,2026-08-17,1,actions:offsite_conversion.fb_pixel_purchase,4610,1.11,5097,7102,7102.00,67,1.31,117,1393.37,106.00,54,1,7554,1.06,,,7日間のクリックまたは1日間のビュー
2026-08-18,2026-08-18,新規獲得_コンバージョン,類似オーディエンス_購入者1%,新規_カルーセル_人気5選,2026-08-18,1,actions:offsite_conversion.fb_pixel_purchase,2969,1.22,3608,5387,5387.00,37,1.03,71,1493.07,145.59,31,1,5974,1.11,,,7日間のクリックまたは1日間のビュー
2026-08-19,2026-08-19,新規獲得_コンバージョン,類似オーディエンス_購入者1%,新規_カルーセル_人気5選,2026-08-19,,actions:offsite_conversion.fb_pixel_purchase,3647,1.08,3942,5788,,38,0.96,70,1468.29,152.32,32,,,,,,7日間のクリックまたは1日間のビュー
2026-08-20,2026-08-20,新規獲得_コンバージョン,類似オーディエンス_購入者1%,新規_カルーセル_人気5選,2026-08-20,,actions:offsite_conversion.fb_pixel_purchase,3185,1.21,3846,5326,,37,0.96,68,1384.82,143.95,27,,,,,,7日間のクリックまたは1日間のビュー
2026-08-21,2026-08-21,新規獲得_コンバージョン,類似オーディエンス_購入者1%,新規_カルーセル_人気5選,2026-08-21,1,actions:offsite_conversion.fb_pixel_purchase,3609,1.11,4021,5781,5781.00,51,1.27,86,1437.70,113.35,40,1,7946,1.37,,,7日間のクリックまたは1日間のビュー
2026-08-22,2026-08-22,新規獲得_コンバージョン,類似オーディエンス_購入者1%,新規_カルーセル_人気5選,2026-08-22,2,actions:offsite_conversion.fb_pixel_purchase,5537,1.11,6155,8087,4043.50,74,1.20,139,1313.89,109.28,57,2,13532,1.67,,,7日間のクリックまたは1日間のビュー
2026-08-23,2026-08-23,新規獲得_コンバージョン,類似オーディエンス_購入者1%,新規_カルーセル_人気5選,2026-08-23,1,actions:offsite_conversion.fb_pixel_purchase,3958,1.06,4202,6672,6672.00,42,1.00,84,1587.82,158.86,32,1,7089,1.06,,,7日間のクリックまたは1日間のビュー
2026-08-24,2026-08-24,新規獲得_コンバージョン,類似オーディエンス_購入者1%,新規_カルーセル_人気5選,2026-08-24,1,actions:offsite_conversion.fb_pixel_purchase,3312,1.20,3960,6286,6286.00,46,1.16,75,1587.37,136.65,37,1,5793,0.92,,,7日間のクリックまたは1日間のビュー
2026-08-25,2026-08-25,新規獲得_コンバージョン,類似オーディエンス_購入者1%,新規_カルーセル_人気5選,2026-08-25,1,actions:offsite_conversion.fb_pixel_purchase,3065,1.06,3258,5119,5119.00,45,1.38,83,1571.21,113.76,39,1,7676,1.50,,,7日間のクリックまたは1日間のビュー
2026-08-26,2026-08-26,新規獲得_コンバージョン,類似オーディエンス_購入者1%,新規_カルーセル_人気5選,2026-08-26,1,actions:offsite_conversion.fb_pixel_purchase,3835,1.24,4738,6237,6237.00,49,1.03,94,1316.38,127.29,41,1,5812,0.93,,,7日間のクリックまたは1日間のビュー
2026-08-27,2026-08-27,新規獲得_コンバージョン,類似オーディエンス_購入者1%,新規_カルーセル_人気5選,2026-08-27,1,actions:offsite_conversion.fb_pixel_purchase,4113,1.14,4680,7407,7407.00,54,1.15,91,1582.69,137.17,43,1,7279,0.98,,,7日間のクリックまたは1日間のビュー
2026-08-28,2026-08-28,新規獲得_コンバージョン,類似オーディエンス_購入者1%,新規_カルーセル_人気5選,2026-08-28,1,actions:offsite_conversion.fb_pixel_purchase,3320,1.21,4009,6169,6169.00,41,1.02,70,1538.79,150.46,30,1,6101,0.99,,,7日間のクリックまたは1日間のビュー
2026-08-29,2026-08-29,新規獲得_コンバージョン,類似オーディエンス_購入者1%,新規_カルーセル_人気5選,2026-08-29,2,actions:offsite_conversion.fb_pixel_purchase,4264,1.10,4672,6684,3342.00,60,1.28,118,1430.65,111.40,47,2,12562,1.88,,,7日間のクリックまたは1日間のビュー
2026-08-30,2026-08-30,新規獲得_コンバージョン,類似オーディエンス_購入者1%,新規_カルーセル_人気5選,2026-08-30,,actions:offsite_conversion.fb_pixel_purchase,3449,1.23,4257,6332,,58,1.36,114,1487.43,109.17,42,,,,,,7日間のクリックまたは1日間のビュー
2026-08-31,2026-08-31,新規獲得_コンバージョン,類似オーディエンス_購入者1%,新規_カルーセル_人気5選,2026-08-31,1,actions:offsite_conversion.fb_pixel_purchase,3516,1.23,4314,5672,5672.00,58,1.34,109,1314.79,97.79,42,1,7512,1.32,,,7日間のクリックまたは1日間のビュー
2026-08-01,2026-08-01,新規獲得_コンバージョン,興味関心_キッチン雑貨,新規_動画_使い方15秒,2026-08-01,1,actions:offsite_conversion.fb_pixel_purchase,2839,1.09,3104,4879,4879.00,32,1.03,56,1571.84,152.47,28,1,6755,1.38,625,283,7日間のクリックまたは1日間のビュー
2026-08-02,2026-08-02,新規獲得_コンバージョン,興味関心_キッチン雑貨,新規_動画_使い方15秒,2026-08-02,1,actions:offsite_conversion.fb_pixel_purchase,2691,1.17,3143,4582,4582.00,39,1.24,74,1457.84,117.49,29,1,6434,1.40,752,243,7日間のクリックまたは1日間のビュー
2026-08-03,2026-08-03,新規獲得_コンバージョン,興味関心_キッチン雑貨,新規_動画_使い方15秒,2026-08-03,1,actions:offsite_conversion.fb_pixel_purchase,3141,1.12,3528,4808,4808.00,50,1.42,86,1362.81,96.16,43,1,5840,1.21,839,340,7日間のクリックまたは1日間のビュー
2026-08-04,2026-08-04,新規獲得_コンバージョン,興味関心_キッチン雑貨,新規_動画_使い方15秒,2026-08-04,,actions:offsite_conversion.fb_pixel_purchase,2971,1.10,3273,4543,,45,1.37,73,1388.02,100.96,38,,,,685,302,7日間のクリックまたは1日間のビュー
2026-08-05,2026-08-05,新規獲得_コンバージョン,興味関心_キッチン雑貨,新規_動画_使い方15秒,2026-08-05,1,actions:offsite_conversion.fb_pixel_purchase,2978,1.18,3524,4962,4962.00,47,1.33,93,1408.06,105.57,38,1,7352,1.48,786,314,7日間のクリックまたは1日間のビュー
2026-08-06,2026-08-06,新規獲得_コンバージョン,興味関心_キッチン雑貨,新規_動画_使い方15秒,2026-08-06,,actions:offsite_conversion.fb_pixel_purchase,2930,1.07,3125,4585,,37,1.18,67,1467.20,123.92,27,,,,738,296,7日間のクリックまたは1日間のビュー
2026-08-07,2026-08-07,新規獲得_コンバージョン,興味関心_キッチン雑貨,新規_動画_使い方15秒,2026-08-07,,actions:offsite_conversion.fb_pixel_purchase,2995,1.16,3482,5205,,42,1.21,80,1494.83,123.93,34,,,,1033,221,7日間のクリックまたは1日間のビュー
2026-08-08,2026-08-08,新規獲得_コンバージョン,興味関心_キッチン雑貨,新規_動画_使い方15秒,2026-08-08,1,actions:offsite_conversion.fb_pixel_purchase,4061,1.21,4914,6417,6417.00,66,1.34,106,1305.86,97.23,49,1,5882,0.92,1175,327,7日間のクリックまたは1日間のビュー
2026-08-09,2026-08-09,新規獲得_コンバージョン,興味関心_キッチン雑貨,新規_動画_使い方15秒,2026-08-09,1,actions:offsite_conversion.fb_pixel_purchase,3157,1.14,3592,5715,5715.00,46,1.28,92,1591.04,124.24,38,1,8102,1.42,948,315,7日間のクリックまたは1日間のビュー
2026-08-10,2026-08-10,新規獲得_コンバージョン,興味関心_キッチン雑貨,新規_動画_使い方15秒,2026-08-10,,actions:offsite_conversion.fb_pixel_purchase,2364,1.17,2757,4175,,41,1.49,78,1514.33,101.83,30,,,,696,224,7日間のクリックまたは1日間のビュー
2026-08-11,2026-08-11,新規獲得_コンバージョン,興味関心_キッチン雑貨,新規_動画_使い方15秒,2026-08-11,,actions:offsite_conversion.fb_pixel_purchase,3009,1.11,3343,5119,,51,1.53,85,1531.26,100.37,40,,,,972,291,7日間のクリックまたは1日間のビュー
2026-08-12,2026-08-12,新規獲得_コンバージョン,興味関心_キッチン雑貨,新規_動画_使い方15秒,2026-08-12,1,actions:offsite_conversion.fb_pixel_purchase,3044,1.17,3564,5414,5414.00,42,1.18,72,1519.08,128.90,35,1,7079,1.31,969,292,7日間のクリックまたは1日間のビュー
2026-08-13,2026-08-13,新規獲得_コンバージョン,興味関心_キッチン雑貨,新規_動画_使い方15秒,2026-08-13,,actions:offsite_conversion.fb_pixel_purchase,3174,1.13,3581,4804,,41,1.14,74,1341.52,117.17,32,,,,826,233,7日間のクリックまたは1日間のビュー
2026-08-14,2026-08-14,新規獲得_コンバージョン,興味関心_キッチン雑貨,新規_動画_使い方15秒,2026-08-14,1,actions:offsite_conversion.fb_pixel_purchase,2578,1.14,2943,4128,4128.00,33,1.12,54,1402.65,125.09,24,1,6224,1.51,827,237,7日間のクリックまたは1日間のビュー
2026-08-15,2026-08-15,新規獲得_コンバージョン,興味関心_キッチン雑貨,新規_動画_使い方15秒,2026-08-15,1,actions:offsite_conversion.fb_pixel_purchase,3651,1.17,4274,6065,6065.00,45,1.05,75,1419.05,134.78,33,1,7205,1.19,1167,416,7日間のクリックまたは1日間のビュー
2026-08-16,2026-08-16,新規獲得_コンバージョン,興味関心_キッチン雑貨,新規_動画_使い方15秒,2026-08-16,1,actions:offsite_conversion.fb_pixel_purchase,3000,1.15,3449,4844,4844.00,50,1.45,96,1404.47,96.88,39,1,5863,1.21,945,330,7日間のクリックまたは1日間のビュー
2026-08-17,2026-08-17,新規獲得_コンバージョン,興味関心_キッチン雑貨,新規_動画_使い方15秒,2026-08-17,,actions:offsite_conversion.fb_pixel_purchase,3044,1.15,3496,4886,,41,1.17,81,1397.60,119.17,32,,,,987,333,7日間のクリックまたは1日間のビュー
2026-08-18,2026-08-18,新規獲得_コンバージョン,興味関心_キッチン雑貨,新規_動画_使い方15秒,2026-08-18,1,actions:offsite_conversion.fb_pixel_purchase,2558,1.18,3028,4578,4578.00,38,1.25,68,1511.89,120.47,31,1,6893,1.51,889,269,7日間のクリックまたは1日間のビュー
2026-08-19,2026-08-19,新規獲得_コンバージョン,興味関心_キッチン雑貨,新規_動画_使い方15秒,2026-08-19,1,actions:offsite_conversion.fb_pixel_purchase,3021,1.16,3499,5545,5545.00,43,1.23,71,1584.74,128.95,37,1,6227,1.12,946,278,7日間のクリックまたは1日間のビュー
2026-08-20,2026-08-20,新規獲得_コンバージョン,興味関心_キッチン雑貨,新規_動画_使い方15秒,2026-08-20,1,actions:offsite_conversion.fb_pixel_purchase,2629,1.18,3103,4463,4463.00,36,1.16,68,1438.29,123.97,30,1,6433,1.44,875,205,7日間のクリックまたは1日間のビュー
2026-08-21,2026-08-21,新規獲得_コンバージョン,興味関心_キッチン雑貨,新規_動画_使い方15秒,2026-08-21,1,actions:offsite_conversion.fb_pixel_purchase,2728,1.23,3346,4753,4753.00,40,1.20,76,1420.50,118.83,34,1,7473,1.57,805,299,7日間のクリックまたは1日間のビュー
2026-08-22,2026-08-22,新規獲得_コンバージョン,興味関心_キッチン雑貨,新規_動画_使い方15秒,2026-08-22,,actions:offsite_conversion.fb_pixel_purchase,2783,1.16,3238,4991,,35,1.08,67,1541.38,142.60,30,,,,915,219,7日間のクリックまたは1日間のビュー
2026-08-23,2026-08-23,新規獲得_コンバージョン,興味関心_キッチン雑貨,新規_動画_使い方15秒,2026-08-23,,actions:offsite_conversion.fb_pixel_purchase,2535,1.19,3019,4462,,33,1.09,63,1477.97,135.21,25,,,,670,256,7日間のクリックまたは1日間のビュー
2026-08-24,2026-08-24,新規獲得_コンバージョン,興味関心_キッチン雑貨,新規_動画_使い方15秒,2026-08-24,1,actions:offsite_conversion.fb_pixel_purchase,3166,1.17,3696,5302,5302.00,54,1.46,92,1434.52,98.19,47,1,6942,1.31,1096,284,7日間のクリックまたは1日間のビュー
2026-08-25,2026-08-25,新規獲得_コンバージョン,興味関心_キッチン雑貨,新規_動画_使い方15秒,2026-08-25,1,actions:offsite_conversion.fb_pixel_purchase,2785,1.05,2933,4465,4465.00,43,1.47,77,1522.33,103.84,35,1,7559,1.69,836,235,7日間のクリックまたは1日間のビュー
2026-08-26,2026-08-26,新規獲得_コンバージョン,興味関心_キッチン雑貨,新規_動画_使い方15秒,2026-08-26,,actions:offsite_conversion.fb_pixel_purchase,2122,1.21,2577,4096,,37,1.44,74,1589.45,110.70,28,,,,772,187,7日間のクリックまたは1日間のビュー
2026-08-27,2026-08-27,新規獲得_コンバージョン,興味関心_キッチン雑貨,新規_動画_使い方15秒,2026-08-27,1,actions:offsite_conversion.fb_pixel_purchase,2737,1.15,3135,4810,4810.00,38,1.21,71,1534.29,126.58,31,1,6233,1.30,895,280,7日間のクリックまたは1日間のビュー
2026-08-28,2026-08-28,新規獲得_コンバージョン,興味関心_キッチン雑貨,新規_動画_使い方15秒,2026-08-28,1,actions:offsite_conversion.fb_pixel_purchase,2809,1.25,3505,5023,5023.00,40,1.14,76,1433.10,125.58,35,1,7212,1.44,933,257,7日間のクリックまたは1日間のビュー
2026-08-29,2026-08-29,新規獲得_コンバージョン,興味関心_キッチン雑貨,新規_動画_使い方15秒,2026-08-29,1,actions:offsite_conversion.fb_pixel_purchase,3367,1.17,3944,5635,5635.00,55,1.39,107,1428.75,102.45,42,1,7240,1.28,957,306,7日間のクリックまたは1日間のビュー
2026-08-30,2026-08-30,新規獲得_コンバージョン,興味関心_キッチン雑貨,新規_動画_使い方15秒,2026-08-30,1,actions:offsite_conversion.fb_pixel_purchase,3989,1.11,4433,6055,6055.00,47,1.06,84,1365.89,128.83,39,1,7790,1.29,922,277,7日間のクリックまたは1日間のビュー
2026-08-31,2026-08-31,新規獲得_コンバージョン,興味関心_キッチン雑貨,新規_動画_使い方15秒,2026-08-31,1,actions:offsite_conversion.fb_pixel_purchase,3097,1.12,3459,4915,4915.00,39,1.13,66,1420.93,126.03,33,1,7114,1.45,1034,327,7日間のクリックまたは1日間のビュー
2026-08-01,2026-08-01,新規獲得_コンバージョン,興味関心_キッチン雑貨,新規_静止画_レビュー訴求,2026-08-01,1,actions:offsite_conversion.fb_pixel_purchase,3643,1.23,4473,6118,6118.00,49,1.10,80,1367.76,124.86,43,1,7221,1.18,,,7日間のクリックまたは1日間のビュー
2026-08-02,2026-08-02,新規獲得_コンバージョン,興味関心_キッチン雑貨,新規_静止画_レビュー訴求,2026-08-02,1,actions:offsite_conversion.fb_pixel_purchase,3022,1.08,3252,5132,5132.00,34,1.05,60,1578.11,150.94,29,1,5843,1.14,,,7日間のクリックまたは1日間のビュー
2026-08-03,2026-08-03,新規獲得_コンバージョン,興味関心_キッチン雑貨,新規_静止画_レビュー訴求,2026-08-03,1,actions:offsite_conversion.fb_pixel_purchase,2688,1.19,3211,4460,4460.00,37,1.15,59,1388.98,120.54,28,1,6968,1.56,,,7日間のクリックまたは1日間のビュー
2026-08-04,2026-08-04,新規獲得_コンバージョン,興味関心_キッチン雑貨,新規_静止画_レビュー訴求,2026-08-04,,actions:offsite_conversion.fb_pixel_purchase,2459,1.21,2982,4018,,36,1.21,72,1347.42,111.61,27,,,,,,7日間のクリックまたは1日間のビュー
2026-08-05,2026-08-05,新規獲得_コンバージョン,興味関心_キッチン雑貨,新規_静止画_レビュー訴求,2026-08-05,1,actions:offsite_conversion.fb_pixel_purchase,2631,1.18,3117,4356,4356.00,40,1.28,65,1397.50,108.90,30,1,6788,1.56,,,7日間のクリックまたは1日間のビュー
2026-08-06,2026-08-06,新規獲得_コンバージョン,興味関心_キッチン雑貨,新規_静止画_レビュー訴求,2026-08-06,1,actions:offsite_conversion.fb_pixel_purchase,3018,1.24,3732,5079,5079.00,39,1.05,66,1360.93,130.23,31,1,7501,1.48,,,7日間のクリックまたは1日間のビュー
2026-08-07,2026-08-07,新規獲得_コンバージョン,興味関心_キッチン雑貨,新規_静止画_レビュー訴求,2026-08-07,1,actions:offsite_conversion.fb_pixel_purchase,3733,1.17,4350,5708,5708.00,45,1.03,74,1312.18,126.84,39,1,7502,1.31,,,7日間のクリックまたは1日間のビュー
2026-08-08,2026-08-08,新規獲得_コンバージョン,興味関心_キッチン雑貨,新規_静止画_レビュー訴求,2026-08-08,1,actions:offsite_conversion.fb_pixel_purchase,3299,1.17,3876,5876,5876.00,39,1.01,65,1516.00,150.67,32,1,7070,1.20,,,7日間のクリックまたは1日間のビュー
2026-08-09,2026-08-09,新規獲得_コンバージョン,興味関心_キッチン雑貨,新規_静止画_レビュー訴求,2026-08-09,,actions:offsite_conversion.fb_pixel_purchase,3973,1.08,4306,6242,,39,0.91,71,1449.61,160.05,34,,,,,,7日間のクリックまたは1日間のビュー
2026-08-10,2026-08-10,新規獲得_コンバージョン,興味関心_キッチン雑貨,新規_静止画_レビュー訴求,2026-08-10,,actions:offsite_conversion.fb_pixel_purchase,2331,1.23,2875,4439,,29,1.01,47,1544.00,153.07,24,,,,,,7日間のクリックまたは1日間のビュー
2026-08-11,2026-08-11,新規獲得_コンバージョン,興味関心_キッチン雑貨,新規_静止画_レビュー訴求,2026-08-11,1,actions:offsite_conversion.fb_pixel_purchase,3238,1.13,3674,4848,4848.00,36,0.98,68,1319.54,134.67,30,1,7636,1.58,,,7日間のクリックまたは1日間のビュー
2026-08-12,2026-08-12,新規獲得_コンバージョン,興味関心_キッチン雑貨,新規_静止画_レビュー訴求,2026-08-12,1,actions:offsite_conversion.fb_pixel_purchase,3293,1.18,3893,5329,5329.00,42,1.08,84,1368.87,126.88,36,1,8053,1.51,,,7日間のクリックまたは1日間のビュー
2026-08-13,2026-08-13,新規獲得_コンバージョン,興味関心_キッチン雑貨,新規_静止画_レビュー訴求,2026-08-13,,actions:offsite_conversion.fb_pixel_purchase,2589,1.13,2922,3828,,26,0.89,46,1310.06,147.23,20,,,,,,7日間のクリックまたは1日間のビュー
2026-08-14,2026-08-14,新規獲得_コンバージョン,興味関心_キッチン雑貨,新規_静止画_レビュー訴求,2026-08-14,,actions:offsite_conversion.fb_pixel_purchase,3037,1.06,3223,4352,,37,1.15,63,1350.29,117.62,27,,,,,,7日間のクリックまたは1日間のビュー
2026-08-15,2026-08-15,新規獲得_コンバージョン,興味関心_キッチン雑貨,新規_静止画_レビュー訴求,2026-08-15,1,actions:offsite_conversion.fb_pixel_purchase,3189,1.07,3427,4490,4490.00,36,1.05,60,1310.18,124.72,32,1,7040,1.57,,,7日間のクリックまたは1日間のビュー
2026-08-16,2026-08-16,新規獲得_コンバージョン,興味関心_キッチン雑貨,新規_静止画_レビュー訴求,2026-08-16,,actions:offsite_conversion.fb_pixel_purchase,3471,1.05,3654,5217,,36,0.99,61,1427.75,144.92,31,,,,,,7日間のクリックまたは1日間のビュー
2026-08-17,2026-08-17,新規獲得_コンバージョン,興味関心_キッチン雑貨,新規_静止画_レビュー訴求,2026-08-17,,actions:offsite_conversion.fb_pixel_purchase,2905,1.09,3176,4395,,32,1.01,55,1383.82,137.34,26,,,,,,7日間のクリックまたは1日間のビュー
2026-08-18,2026-08-18,新規獲得_コンバージョン,興味関心_キッチン雑貨,新規_静止画_レビュー訴求,2026-08-18,,actions:offsite_conversion.fb_pixel_purchase,2180,1.19,2603,4109,,28,1.08,45,1578.56,146.75,22,,,,,,7日間のクリックまたは1日間のビュー
2026-08-19,2026-08-19,新規獲得_コンバージョン,興味関心_キッチン雑貨,新規_静止画_レビュー訴求,2026-08-19,,actions:offsite_conversion.fb_pixel_purchase,2666,1.18,3140,4907,,31,0.99,57,1562.74,158.29,27,,,,,,7日間のクリックまたは1日間のビュー
2026-08-20,2026-08-20,新規獲得_コンバージョン,興味関心_キッチン雑貨,新規_静止画_レビュー訴求,2026-08-20,1,actions:offsite_conversion.fb_pixel_purchase,3034,1.07,3260,4940,4940.00,36,1.10,71,1515.34,137.22,30,1,8106,1.64,,,7日間のクリックまたは1日間のビュー
2026-08-21,2026-08-21,新規獲得_コンバージョン,興味関心_キッチン雑貨,新規_静止画_レビュー訴求,2026-08-21,1,actions:offsite_conversion.fb_pixel_purchase,2902,1.15,3340,5030,5030.00,42,1.26,81,1505.99,119.76,32,1,6130,1.22,,,7日間のクリックまたは1日間のビュー
2026-08-22,2026-08-22,新規獲得_コンバージョン,興味関心_キッチン雑貨,新規_静止画_レビュー訴求,2026-08-22,1,actions:offsite_conversion.fb_pixel_purchase,2918,1.12,3257,4950,4950.00,42,1.29,80,1519.80,117.86,33,1,7228,1.46,,,7日間のクリックまたは1日間のビュー
2026-08-23,2026-08-23,新規獲得_コンバージョン,興味関心_キッチン雑貨,新規_静止画_レビュー訴求,2026-08-23,1,actions:offsite_conversion.fb_pixel_purchase,3323,1.24,4120,5952,5952.00,50,1.21,99,1444.66,119.04,39,1,6178,1.04,,,7日間のクリックまたは1日間のビュー
2026-08-24,2026-08-24,新規獲得_コンバージョン,興味関心_キッチン雑貨,新規_静止画_レビュー訴求,2026-08-24,1,actions:offsite_conversion.fb_pixel_purchase,2071,1.21,2508,3860,3860.00,26,1.04,44,1539.07,148.46,20,1,7180,1.86,,,7日間のクリックまたは1日間のビュー
2026-08-25,2026-08-25,新規獲得_コンバージョン,興味関心_キッチン雑貨,新規_静止画_レビュー訴求,2026-08-25,1,actions:offsite_conversion.fb_pixel_purchase,2632,1.07,2816,4034,4034.00,33,1.17,60,1432.53,122.24,24,1,7353,1.82,,,7日間のクリックまたは1日間のビュー
2026-08-26,2026-08-26,新規獲得_コンバージョン,興味関心_キッチン雑貨,新規_静止画_レビュー訴求,2026-08-26,1,actions:offsite_conversion.fb_pixel_purchase,3175,1.13,3590,5615,5615.00,44,1.23,81,1564.07,127.61,33,1,6905,1.23,,,7日間のクリックまたは1日間のビュー
2026-08-27,2026-08-27,新規獲得_コンバージョン,興味関心_キッチン雑貨,新規_静止画_レビュー訴求,2026-08-27,,actions:offsite_conversion.fb_pixel_purchase,3097,1.06,3285,4498,,33,1.00,55,1369.25,136.30,27,,,,,,7日間のクリックまたは1日間のビュー
2026-08-28,2026-08-28,新規獲得_コンバージョン,興味関心_キッチン雑貨,新規_静止画_レビュー訴求,2026-08-28,,actions:offsite_conversion.fb_pixel_purchase,2763,1.08,2992,4548,,28,0.94,46,1520.05,162.43,23,,,,,,7日間のクリックまたは1日間のビュー
2026-08-29,2026-08-29,新規獲得_コンバージョン,興味関心_キッチン雑貨,新規_静止画_レビュー訴求,2026-08-29,,actions:offsite_conversion.fb_pixel_purchase,3395,1.23,4186,6051,,37,0.88,67,1445.53,163.54,28,,,,,,7日間のクリックまたは1日間のビュー
2026-08-30,2026-08-30,新規獲得_コンバージョン,興味関心_キッチン雑貨,新規_静止画_レビュー訴求,2026-08-30,1,actions:offsite_conversion.fb_pixel_purchase,3523,1.12,3957,5741,5741.00,36,0.91,62,1450.85,159.47,28,1,6199,1.08,,,7日間のクリックまたは1日間のビュー
2026-08-31,2026-08-31,新規獲得_コンバージョン,興味関心_キッチン雑貨,新規_静止画_レビュー訴求,2026-08-31,1,actions:offsite_conversion.fb_pixel_purchase,2683,1.07,2862,4245,4245.00,25,0.87,42,1483.23,169.80,20,1,7065,1.66,,,7日間のクリックまたは1日間のビュー
2026-08-01,2026-08-01,新規獲得_コンバージョン,興味関心_キッチン雑貨,新規_カルーセル_人気5選,2026-08-01,1,actions:offsite_conversion.fb_pixel_purchase,4084,1.16,4751,6294,6294.00,57,1.20,93,1324.77,110.42,43,1,6226,0.99,,,7日間のクリックまたは1日間のビュー
2026-08-02,2026-08-02,新規獲得_コンバージョン,興味関心_キッチン雑貨,新規_カルーセル_人気5選,2026-08-02,1,actions:offsite_conversion.fb_pixel_purchase,3134,1.09,3430,4845,4845.00,42,1.22,83,1412.54,115.36,31,1,6970,1.44,,,7日間のクリックまたは1日間のビュー
2026-08-03,2026-08-03,新規獲得_コンバージョン,興味関心_キッチン雑貨,新規_カルーセル_人気5選,2026-08-03,,actions:offsite_conversion.fb_pixel_purchase,2703,1.20,3247,4577,,44,1.36,75,1409.61,104.02,36,,,,,,7日間のクリックまたは1日間のビュー
2026-08-04,2026-08-04,新規獲得_コンバージョン,興味関心_キッチン雑貨,新規_カルーセル_人気5選,2026-08-04,,actions:offsite_conversion.fb_pixel_purchase,2539,1.24,3151,4807,,35,1.11,65,1525.55,137.34,28,,,,,,7日間のクリックまたは1日間のビュー
2026-08-05,2026-08-05,新規獲得_コンバージョン,興味関心_キッチン雑貨,新規_カルーセル_人気5選,2026-08-05,,actions:offsite_conversion.fb_pixel_purchase,3219,1.09,3505,4890,,42,1.20,70,1395.15,116.43,35,,,,,,7日間のクリックまたは1日間のビュー
2026-08-06,2026-08-06,新規獲得_コンバージョン,興味関心_キッチン雑貨,新規_カルーセル_人気5選,2026-08-06,1,actions:offsite_conversion.fb_pixel_purchase,2849,1.23,3500,4975,4975.00,43,1.23,74,1421.43,115.70,35,1,5899,1.19,,,7日間のクリックまたは1日間のビュー
2026-08-07,2026-08-07,新規獲得_コンバージョン,興味関心_キッチン雑貨,新規_カルーセル_人気5選,2026-08-07,1,actions:offsite_conversion.fb_pixel_purchase,2758,1.22,3368,5202,5202.00,37,1.10,63,1544.54,140.59,30,1,6182,1.19,,,7日間のクリックまたは1日間のビュー
2026-08-08,2026-08-08,新規獲得_コンバージョン,興味関心_キッチン雑貨,新規_カルーセル_人気5選,2026-08-08,,actions:offsite_conversion.fb_pixel_purchase,3396,1.24,4221,5689,,51,1.21,98,1347.78,111.55,43,,,,,,7日間のクリックまたは1日間のビュー
2026-08-09,2026-08-09,新規獲得_コンバージョン,興味関心_キッチン雑貨,新規_カルーセル_人気5選,2026-08-09,1,actions:offsite_conversion.fb_pixel_purchase,3358,1.09,3672,5603,5603.00,43,1.17,82,1525.87,130.30,33,1,6974,1.24,,,7日間のクリックまたは1日間のビュー
2026-08-10,2026-08-10,新規獲得_コンバージョン,興味関心_キッチン雑貨,新規_カルーセル_人気5選,2026-08-10,,actions:offsite_conversion.fb_pixel_purchase,3140,1.09,3410,4776,,36,1.06,62,1400.59,132.67,31,,,,,,7日間のクリックまたは1日間のビュー
2026-08-11,2026-08-11,新規獲得_コンバージョン,興味関心_キッチン雑貨,新規_カルーセル_人気5選,2026-08-11,1,actions:offsite_conversion.fb_pixel_purchase,2861,1.16,3326,4664,4664.00,46,1.38,81,1402.29,101.39,34,1,5802,1.24,,,7日間のクリックまたは1日間のビュー
2026-08-12,2026-08-12,新規獲得_コンバージョン,興味関心_キッチン雑貨,新規_カルーセル_人気5選,2026-08-12,1,actions:offsite_conversion.fb_pixel_purchase,3426,1.14,3899,5730,5730.00,40,1.03,79,1469.61,143.25,33,1,6673,1.16,,,7日間のクリックまたは1日間のビュー
2026-08-13,2026-08-13,新規獲得_コンバージョン,興味関心_キッチン雑貨,新規_カルーセル_人気5選,2026-08-13,1,actions:offsite_conversion.fb_pixel_purchase,2478,1.14,2817,4319,4319.00,34,1.21,67,1533.19,127.03,25,1,6618,1.53,,,7日間のクリックまたは1日間のビュー
2026-08-14,2026-08-14,新規獲得_コンバージョン,興味関心_キッチン雑貨,新規_カルーセル_人気5選,2026-08-14,1,actions:offsite_conversion.fb_pixel_purchase,3504,1.05,3682,5224,5224.00,52,1.41,99,1418.79,100.46,41,1,7941,1.52,,,7日間のクリックまたは1日間のビュー
2026-08-15,2026-08-15,新規獲得_コンバージョン,興味関心_キッチン雑貨,新規_カルーセル_人気5選,2026-08-15,,actions:offsite_conversion.fb_pixel_purchase,2880,1.13,3263,5108,,47,1.44,91,1565.43,108.68,35,,,,,,7日間のクリックまたは1日間のビュー
2026-08-16,2026-08-16,新規獲得_コンバージョン,興味関心_キッチン雑貨,新規_カルーセル_人気5選,2026-08-16,,actions:offsite_conversion.fb_pixel_purchase,2682,1.08,2892,4386,,40,1.38,71,1516.60,109.65,32,,,,,,7日間のクリックまたは1日間のビュー
2026-08-17,2026-08-17,新規獲得_コンバージョン,興味関心_キッチン雑貨,新規_カルーセル_人気5選,2026-08-17,1,actions:offsite_conversion.fb_pixel_purchase,2721,1.15,3118,4801,4801.00,40,1.28,74,1539.77,120.03,33,1,7465,1.55,,,7日間のクリックまたは1日間のビュー
2026-08-18,2026-08-18,新規獲得_コンバージョン,興味関心_キッチン雑貨,新規_カルーセル_人気5選,2026-08-18,,actions:offsite_conversion.fb_pixel_purchase,2589,1.14,2948,4303,,32,1.09,61,1459.63,134.47,26,,,,,,7日間のクリックまたは1日間のビュー
2026-08-19,2026-08-19,新規獲得_コンバージョン,興味関心_キッチン雑貨,新規_カルーセル_人気5選,2026-08-19,,actions:offsite_conversion.fb_pixel_purchase,2457,1.22,3002,4430,,43,1.43,80,1475.68,103.02,33,,,,,,7日間のクリックまたは1日間のビュー
2026-08-20,2026-08-20,新規獲得_コンバージョン,興味関心_キッチン雑貨,新規_カルーセル_人気5選,2026-08-20,1,actions:offsite_conversion.fb_pixel_purchase,2633,1.14,3000,4690,4690.00,40,1.33,69,1563.33,117.25,29,1,7387,1.58,,,7日間のクリックまたは1日間のビュー
2026-08-21,2026-08-21,新規獲得_コンバージョン,興味関心_キッチン雑貨,新規_カルーセル_人気5選,2026-08-21,1,actions:offsite_conversion.fb_pixel_purchase,3483,1.17,4089,5986,5986.00,59,1.44,114,1463.93,101.46,50,1,6359,1.06,,,7日間のクリックまたは1日間のビュー
2026-08-22,2026-08-22,新規獲得_コンバージョン,興味関心_キッチン雑貨,新規_カルーセル_人気5選,2026-08-22,,actions:offsite_conversion.fb_pixel_purchase,3286,1.13,3701,5602,,39,1.05,65,1513.64,143.64,30,,,,,,7日間のクリックまたは1日間のビュー
2026-08-23,2026-08-23,新規獲得_コンバージョン,興味関心_キッチン雑貨,新規_カルーセル_人気5選,2026-08-23,,actions:offsite_conversion.fb_pixel_purchase,2625,1.21,3182,4954,,31,0.97,53,1556.88,159.81,27,,,,,,7日間のクリックまたは1日間のビュー
2026-08-24,2026-08-24,新規獲得_コンバージョン,興味関心_キッチン雑貨,新規_カルーセル_人気5選,2026-08-24,1,actions:offsite_conversion.fb_pixel_purchase,2406,1.12,2700,4077,4077.00,35,1.30,64,1510.00,116.49,27,1,8035,1.97,,,7日間のクリックまたは1日間のビュー
2026-08-25,2026-08-25,新規獲得_コンバージョン,興味関心_キッチン雑貨,新規_カルーセル_人気5選,2026-08-25,1,actions:offsite_conversion.fb_pixel_purchase,2672,1.15,3065,4734,4734.00,39,1.27,71,1544.54,121.38,29,1,7007,1.48,,,7日間のクリックまたは1日間のビュー
2026-08-26,2026-08-26,新規獲得_コンバージョン,興味関心_キッチン雑貨,新規_カルーセル_人気5選,2026-08-26,1,actions:offsite_conversion.fb_pixel_purchase,4122,1.06,4381,5724,5724.00,62,1.42,110,1306.55,92.32,54,1,7343,1.28,,,7日間のクリックまたは1日間のビュー
2026-08-27,2026-08-27,新規獲得_コンバージョン,興味関心_キッチン雑貨,新規_カルーセル_人気5選,2026-08-27,,actions:offsite_conversion.fb_pixel_purchase,2306,1.19,2744,4228,,39,1.42,68,1540.82,108.41,34,,,,,,7日間のクリックまたは1日間のビュー
2026-08-28,2026-08-28,新規獲得_コンバージョン,興味関心_キッチン雑貨,新規_カルーセル_人気5選,2026-08-28,,actions:offsite_conversion.fb_pixel_purchase,3031,1.22,3694,4975,,40,1.08,70,1346.78,124.38,34,,,,,,7日間のクリックまたは1日間のビュー
2026-08-29,2026-08-29,新規獲得_コンバージョン,興味関心_キッチン雑貨,新規_カルーセル_人気5選,2026-08-29,1,actions:offsite_conversion.fb_pixel_purchase,3144,1.24,3900,5424,5424.00,47,1.21,79,1390.77,115.40,34,1,7885,1.45,,,7日間のクリックまたは1日間のビュー
2026-08-30,2026-08-30,新規獲得_コンバージョン,興味関心_キッチン雑貨,新規_カルーセル_人気5選,2026-08-30,1,actions:offsite_conversion.fb_pixel_purchase,3390,1.16,3932,6004,6004.00,52,1.32,99,1526.96,115.46,44,1,6620,1.10,,,7日間のクリックまたは1日間のビュー
2026-08-31,2026-08-31,新規獲得_コンバージョン,興味関心_キッチン雑貨,新規_カルーセル_人気5選,2026-08-31,,actions:offsite_conversion.fb_pixel_purchase,2785,1.12,3123,4800,,45,1.44,86,1536.98,106.67,38,,,,,,7日間のクリックまたは1日間のビュー
2026-08-01,2026-08-01,新規獲得_コンバージョン,ブロード_女性25-54,新規_動画_使い方15秒,2026-08-01,1,actions:offsite_conversion.fb_pixel_purchase,2834,1.20,3393,4764,4764.00,39,1.15,69,1404.07,122.15,33,1,6305,1.32,748,301,7日間のクリックまたは1日間のビュー
2026-08-02,2026-08-02,新規獲得_コンバージョン,ブロード_女性25-54,新規_動画_使い方15秒,2026-08-02,1,actions:offsite_conversion.fb_pixel_purchase,2634,1.12,2955,4546,4546.00,39,1.32,69,1538.41,116.56,29,1,7130,1.57,874,247,7日間のクリックまたは1日間のビュー
2026-08-03,2026-08-03,新規獲得_コンバージョン,ブロード_女性25-54,新規_動画_使い方15秒,2026-08-03,1,actions:offsite_conversion.fb_pixel_purchase,2015,1.15,2319,3546,3546.00,23,0.99,40,1529.11,154.17,19,1,7416,2.09,572,166,7日間のクリックまたは1日間のビュー
2026-08-04,2026-08-04,新規獲得_コンバージョン,ブロード_女性25-54,新規_動画_使い方15秒,2026-08-04,1,actions:offsite_conversion.fb_pixel_purchase,3301,1.09,3597,4753,4753.00,41,1.14,76,1321.38,115.93,30,1,6875,1.45,1062,222,7日間のクリックまたは1日間のビュー
2026-08-05,2026-08-05,新規獲得_コンバージョン,ブロード_女性25-54,新規_動画_使い方15秒,2026-08-05,1,actions:offsite_conversion.fb_pixel_purchase,2841,1.20,3396,4796,4796.00,44,1.30,80,1412.25,109.00,38,1,7956,1.66,778,294,7日間のクリックまたは1日間のビュー
2026-08-06,2026-08-06,新規獲得_コンバージョン,ブロード_女性25-54,新規_動画_使い方15秒,2026-08-06,1,actions:offsite_conversion.fb_pixel_purchase,1982,1.16,2299,3616,3616.00,24,1.04,48,1572.86,150.67,18,1,7135,1.97,463,171,7日間のクリックまたは1日間のビュー
2026-08-07,2026-08-07,新規獲得_コンバージョン,ブロード_女性25-54,新規_動画_使い方15秒,2026-08-07,1,actions:offsite_conversion.fb_pixel_purchase,2747,1.10,3010,4224,4224.00,38,1.26,63,1403.32,111.16,32,1,6073,1.44,615,297,7日間のクリックまたは1日間のビュー
2026-08-08,2026-08-08,新規獲得_コンバージョン,ブロード_女性25-54,新規_動画_使い方15秒,2026-08-08,1,actions:offsite_conversion.fb_pixel_purchase,3310,1.15,3790,5374,5374.00,49,1.29,90,1417.94,109.67,37,1,7233,1.35,1029,254,7日間のクリックまたは1日間のビュー
2026-08-09,2026-08-09,新規獲得_コンバージョン,ブロード_女性25-54,新規_動画_使い方15秒,2026-08-09,,actions:offsite_conversion.fb_pixel_purchase,2363,1.23,2906,4047,,29,1.00,53,1392.64,139.55,21,,,,587,221,7日間のクリックまたは1日間のビュー
2026-08-10,2026-08-10,新規獲得_コンバージョン,ブロード_女性25-54,新規_動画_使い方15秒,2026-08-10,,actions:offsite_conversion.fb_pixel_purchase,2873,1.08,3096,4506,,29,0.94,54,1455.43,155.38,22,,,,880,194,7日間のクリックまたは1日間のビュー
2026-08-11,2026-08-11,新規獲得_コンバージョン,ブロード_女性25-54,新規_動画_使い方15秒,2026-08-11,1,actions:offsite_conversion.fb_pixel_purchase,2600,1.17,3031,4593,4593.00,37,1.22,61,1515.34,124.14,29,1,7272,1.58,655,200,7日間のクリックまたは1日間のビュー
2026-08-12,2026-08-12,新規獲得_コンバージョン,ブロード_女性25-54,新規_動画_使い方15秒,2026-08-12,,actions:offsite_conversion.fb_pixel_purchase,2226,1.19,2642,3965,,32,1.21,64,1500.76,123.91,25,,,,733,256,7日間のクリックまたは1日間のビュー
2026-08-13,2026-08-13,新規獲得_コンバージョン,ブロード_女性25-54,新規_動画_使い方15秒,2026-08-13,1,actions:offsite_conversion.fb_pixel_purchase,2055,1.24,2556,3768,3768.00,35,1.37,57,1474.18,107.66,26,1,6880,1.83,659,194,7日間のクリックまたは1日間のビュー
2026-08-14,2026-08-14,新規獲得_コンバージョン,ブロード_女性25-54,新規_動画_使い方15秒,2026-08-14,1,actions:offsite_conversion.fb_pixel_purchase,2515,1.24,3128,4474,4474.00,43,1.37,74,1430.31,104.05,33,1,6695,1.50,916,228,7日間のクリックまたは1日間のビュー
2026-08-15,2026-08-15,新規獲得_コンバージョン,ブロード_女性25-54,新規_動画_使い方15秒,2026-08-15,,actions:offsite_conversion.fb_pixel_purchase,2114,1.21,2556,3878,,29,1.13,52,1517.21,133.72,23,,,,534,217,7日間のクリックまたは1日間のビュー
2026-08-16,2026-08-16,新規獲得_コンバージョン,ブロード_女性25-54,新規_動画_使い方15秒,2026-08-16,1,actions:offsite_conversion.fb_pixel_purchase,2276,1.08,2453,3667,3667.00,28,1.14,45,1494.90,130.96,25,1,7678,2.09,652,219,7日間のクリックまたは1日間のビュー
2026-08-17,2026-08-17,新規獲得_コンバージョン,ブロード_女性25-54,新規_動画_使い方15秒,2026-08-17,,actions:offsite_conversion.fb_pixel_purchase,2143,1.19,2545,3513,,24,0.94,41,1380.35,146.38,20,,,,763,213,7日間のクリックまたは1日間のビュー
2026-08-18,2026-08-18,新規獲得_コンバージョン,ブロード_女性25-54,新規_動画_使い方15秒,2026-08-18,,actions:offsite_conversion.fb_pixel_purchase,2403,1.24,2980,3928,,31,1.04,56,1318.12,126.71,26,,,,788,214,7日間のクリックまたは1日間のビュー
2026-08-19,2026-08-19,新規獲得_コンバージョン,ブロード_女性25-54,新規_動画_使い方15秒,2026-08-19,1,actions:offsite_conversion.fb_pixel_purchase,2862,1.20,3424,4840,4840.00,47,1.37,76,1413.55,102.98,37,1,6206,1.28,857,323,7日間のクリックまたは1日間のビュー
2026-08-20,2026-08-20,新規獲得_コンバージョン,ブロード_女性25-54,新規_動画_使い方15秒,2026-08-20,1,actions:offsite_conversion.fb_pixel_purchase,3078,1.16,3561,4845,4845.00,39,1.10,68,1360.57,124.23,34,1,6217,1.28,984,303,7日間のクリックまたは1日間のビュー
2026-08-21,2026-08-21,新規獲得_コンバージョン,ブロード_女性25-54,新規_動画_使い方15秒,2026-08-21,1,actions:offsite_conversion.fb_pixel_purchase,2595,1.16,3023,4514,4514.00,36,1.19,62,1493.22,125.39,28,1,6442,1.43,851,186,7日間のクリックまたは1日間のビュー
2026-08-22,2026-08-22,新規獲得_コンバージョン,ブロード_女性25-54,新規_動画_使い方15秒,2026-08-22,1,actions:offsite_conversion.fb_pixel_purchase,3084,1.13,3478,4893,4893.00,44,1.27,84,1406.84,111.20,33,1,7540,1.54,926,304,7日間のクリックまたは1日間のビュー
2026-08-23,2026-08-23,新規獲得_コンバージョン,ブロード_女性25-54,新規_動画_使い方15秒,2026-08-23,1,actions:offsite_conversion.fb_pixel_purchase,3019,1.15,3462,4797,4797.00,40,1.16,64,1385.62,119.92,31,1,6168,1.29,717,268,7日間のクリックまたは1日間のビュー
2026-08-24,2026-08-24,新規獲得_コンバージョン,ブロード_女性25-54,新規_動画_使い方15秒,2026-08-24,1,actions:offsite_conversion.fb_pixel_purchase,3052,1.07,3253,4463,4463.00,36,1.11,63,1371.96,123.97,29,1,7372,1.65,663,291,7日間のクリックまたは1日間のビュー
2026-08-25,2026-08-25,新規獲得_コンバージョン,ブロード_女性25-54,新規_動画_使い方15秒,2026-08-25,1,actions:offsite_conversion.fb_pixel_purchase,2434,1.10,2672,4024,4024.00,34,1.27,55,1505.99,118.35,27,1,7441,1.85,556,192,7日間のクリックまたは1日間のビュー
2026-08-26,2026-08-26,新規獲得_コンバージョン,ブロード_女性25-54,新規_動画_使い方15秒,2026-08-26,1,actions:offsite_conversion.fb_pixel_purchase,2639,1.20,3174,4623,4623.00,36,1.13,61,1456.52,128.42,31,1,6809,1.47,767,222,7日間のクリックまたは1日間のビュー
2026-08-27,2026-08-27,新規獲得_コンバージョン,ブロード_女性25-54,新規_動画_使い方15秒,2026-08-27,,actions:offsite_conversion.fb_pixel_purchase,2338,1.10,2562,3516,,28,1.09,48,1372.37,125.57,21,,,,637,204,7日間のクリックまたは1日間のビュー
2026-08-28,2026-08-28,新規獲得_コンバージョン,ブロード_女性25-54,新規_動画_使い方15秒,2026-08-28,,actions:offsite_conversion.fb_pixel_purchase,2573,1.13,2920,4074,,35,1.20,64,1395.21,116.40,26,,,,620,282,7日間のクリックまたは1日間のビュー
2026-08-29,2026-08-29,新規獲得_コンバージョン,ブロード_女性25-54,新規_動画_使い方15秒,2026-08-29,1,actions:offsite_conversion.fb_pixel_purchase,3451,1.05,3629,4831,4831.00,39,1.07,69,1331.22,123.87,29,1,6097,1.26,1028,362,7日間のクリックまたは1日間のビュー
2026-08-30,2026-08-30,新規獲得_コンバージョン,ブロード_女性25-54,新規_動画_使い方15秒,2026-08-30,1,actions:offsite_conversion.fb_pixel_purchase,2281,1.23,2797,4203,4203.00,29,1.04,57,1502.68,144.93,22,1,7423,1.77,693,264,7日間のクリックまたは1日間のビュー
2026-08-31,2026-08-31,新規獲得_コンバージョン,ブロード_女性25-54,新規_動画_使い方15秒,2026-08-31,,actions:offsite_conversion.fb_pixel_purchase,2543,1.14,2903,3958,,35,1.21,67,1363.42,113.09,30,,,,814,216,7日間のクリックまたは1日間のビュー
2026-08-01,2026-08-01,新規獲得_コンバージョン,ブロード_女性25-54,新規_静止画_レビュー訴求,2026-08-01,,actions:offsite_conversion.fb_pixel_purchase,2727,1.15,3149,4487,,27,0.86,46,1424.90,166.19,24,,,,,,7日間のクリックまたは1日間のビュー
2026-08-02,2026-08-02,新規獲得_コンバージョン,ブロード_女性25-54,新規_静止画_レビュー訴求,2026-08-02,,actions:offsite_conversion.fb_pixel_purchase,2663,1.17,3117,4672,,34,1.09,60,1498.88,137.41,30,,,,,,7日間のクリックまたは1日間のビュー
2026-08-03,2026-08-03,新規獲得_コンバージョン,ブロード_女性25-54,新規_静止画_レビュー訴求,2026-08-03,1,actions:offsite_conversion.fb_pixel_purchase,2474,1.12,2765,4367,4367.00,22,0.80,37,1579.39,198.50,18,1,7930,1.82,,,7日間のクリックまたは1日間のビュー
2026-08-04,2026-08-04,新規獲得_コンバージョン,ブロード_女性25-54,新規_静止画_レビュー訴求,2026-08-04,,actions:offsite_conversion.fb_pixel_purchase,2248,1.09,2452,3449,,26,1.06,43,1406.61,132.65,19,,,,,,7日間のクリックまたは1日間のビュー
2026-08-05,2026-08-05,新規獲得_コンバージョン,ブロード_女性25-54,新規_静止画_レビュー訴求,2026-08-05,,actions:offsite_conversion.fb_pixel_purchase,2272,1.23,2804,3850,,23,0.82,40,1373.04,167.39,19,,,,,,7日間のクリックまたは1日間のビュー
2026-08-06,2026-08-06,新規獲得_コンバージョン,ブロード_女性25-54,新規_静止画_レビュー訴求,2026-08-06,1,actions:offsite_conversion.fb_pixel_purchase,2604,1.13,2937,4651,4651.00,28,0.95,46,1583.59,166.11,21,1,7539,1.62,,,7日間のクリックまたは1日間のビュー
2026-08-07,2026-08-07,新規獲得_コンバージョン,ブロード_女性25-54,新規_静止画_レビュー訴求,2026-08-07,1,actions:offsite_conversion.fb_pixel_purchase,2240,1.15,2585,3933,3933.00,25,0.97,41,1521.47,157.32,20,1,7985,2.03,,,7日間のクリックまたは1日間のビュー
2026-08-08,2026-08-08,新規獲得_コンバージョン,ブロード_女性25-54,新規_静止画_レビュー訴求,2026-08-08,,actions:offsite_conversion.fb_pixel_purchase,2941,1.21,3563,4824,,37,1.04,67,1353.92,130.38,27,,,,,,7日間のクリックまたは1日間のビュー
2026-08-09,2026-08-09,新規獲得_コンバージョン,ブロード_女性25-54,新規_静止画_レビュー訴求,2026-08-09,,actions:offsite_conversion.fb_pixel_purchase,2700,1.11,3006,4121,,33,1.10,60,1370.92,124.88,27,,,,,,7日間のクリックまたは1日間のビュー
2026-08-10,2026-08-10,新規獲得_コンバージョン,ブロード_女性25-54,新規_静止画_レビュー訴求,2026-08-10,1,actions:offsite_conversion.fb_pixel_purchase,2639,1.07,2835,3919,3919.00,25,0.88,40,1382.36,156.76,20,1,7652,1.95,,,7日間のクリックまたは1日間のビュー
2026-08-11,2026-08-11,新規獲得_コンバージョン,ブロード_女性25-54,新規_静止画_レビュー訴求,2026-08-11,,actions:offsite_conversion.fb_pixel_purchase,2852,1.08,3080,4403,,29,0.94,54,1429.55,151.83,21,,,,,,7日間のクリックまたは1日間のビュー
2026-08-12,2026-08-12,新規獲得_コンバージョン,ブロード_女性25-54,新規_静止画_レビュー訴求,2026-08-12,,actions:offsite_conversion.fb_pixel_purchase,1972,1.18,2334,3447,,27,1.16,47,1476.86,127.67,20,,,,,,7日間のクリックまたは1日間のビュー
2026-08-13,2026-08-13,新規獲得_コンバージョン,ブロード_女性25-54,新規_静止画_レビュー訴求,2026-08-13,1,actions:offsite_conversion.fb_pixel_purchase,2821,1.09,3072,4487,4487.00,35,1.14,69,1460.61,128.20,29,1,6483,1.44,,,7日間のクリックまたは1日間のビュー
2026-08-14,2026-08-14,新規獲得_コンバージョン,ブロード_女性25-54,新規_静止画_レビュー訴求,2026-08-14,1,actions:offsite_conversion.fb_pixel_purchase,2252,1.24,2798,3721,3721.00,27,0.96,47,1329.88,137.81,20,1,7188,1.93,,,7日間のクリックまたは1日間のビュー
2026-08-15,2026-08-15,新規獲得_コンバージョン,ブロード_女性25-54,新規_静止画_レビュー訴求,2026-08-15,1,actions:offsite_conversion.fb_pixel_purchase,2587,1.07,2770,3634,3634.00,23,0.83,45,1311.91,158.00,19,1,7125,1.96,,,7日間のクリックまたは1日間のビュー
2026-08-16,2026-08-16,新規獲得_コンバージョン,ブロード_女性25-54,新規_静止画_レビュー訴求,2026-08-16,,actions:offsite_conversion.fb_pixel_purchase,2598,1.20,3120,4764,,29,0.93,52,1526.92,164.28,22,,,,,,7日間のクリックまたは1日間のビュー
2026-08-17,2026-08-17,新規獲得_コンバージョン,ブロード_女性25-54,新規_静止画_レビュー訴求,2026-08-17,1,actions:offsite_conversion.fb_pixel_purchase,2055,1.06,2183,3401,3401.00,23,1.05,38,1557.95,147.87,19,1,7809,2.30,,,7日間のクリックまたは1日間のビュー
2026-08-18,2026-08-18,新規獲得_コンバージョン,ブロード_女性25-54,新規_静止画_レビュー訴求,2026-08-18,,actions:offsite_conversion.fb_pixel_purchase,2150,1.19,2548,3689,,22,0.86,37,1447.80,167.68,17,,,,,,7日間のクリックまたは1日間のビュー
2026-08-19,2026-08-19,新規獲得_コンバージョン,ブロード_女性25-54,新規_静止画_レビュー訴求,2026-08-19,,actions:offsite_conversion.fb_pixel_purchase,2123,1.18,2511,3803,,21,0.84,38,1514.54,181.10,18,,,,,,7日間のクリックまたは1日間のビュー
2026-08-20,2026-08-20,新規獲得_コンバージョン,ブロード_女性25-54,新規_静止画_レビュー訴求,2026-08-20,1,actions:offsite_conversion.fb_pixel_purchase,2737,1.13,3087,4462,4462.00,24,0.78,40,1445.42,185.92,18,1,7890,1.77,,,7日間のクリックまたは1日間のビュー
2026-08-21,2026-08-21,新規獲得_コンバージョン,ブロード_女性25-54,新規_静止画_レビュー訴求,2026-08-21,,actions:offsite_conversion.fb_pixel_purchase,2518,1.21,3049,4704,,26,0.85,42,1542.80,180.92,20,,,,,,7日間のクリックまたは1日間のビュー
2026-08-22,2026-08-22,新規獲得_コンバージョン,ブロード_女性25-54,新規_静止画_レビュー訴求,2026-08-22,,actions:offsite_conversion.fb_pixel_purchase,3420,1.06,3632,5055,,32,0.88,53,1391.80,157.97,25,,,,,,7日間のクリックまたは1日間のビュー
2026-08-23,2026-08-23,新規獲得_コンバージョン,ブロード_女性25-54,新規_静止画_レビュー訴求,2026-08-23,1,actions:offsite_conversion.fb_pixel_purchase,2523,1.09,2756,4338,4338.00,32,1.16,52,1574.02,135.56,28,1,7960,1.83,,,7日間のクリックまたは1日間のビュー
2026-08-24,2026-08-24,新規獲得_コンバージョン,ブロード_女性25-54,新規_静止画_レビュー訴求,2026-08-24,,actions:offsite_conversion.fb_pixel_purchase,1946,1.20,2344,3680,,24,1.02,44,1569.97,153.33,20,,,,,,7日間のクリックまたは1日間のビュー
2026-08-25,2026-08-25,新規獲得_コンバージョン,ブロード_女性25-54,新規_静止画_レビュー訴求,2026-08-25,1,actions:offsite_conversion.fb_pixel_purchase,2648,1.17,3090,4562,4562.00,29,0.94,50,1476.38,157.31,22,1,7926,1.74,,,7日間のクリックまたは1日間のビュー
2026-08-26,2026-08-26,新規獲得_コンバージョン,ブロード_女性25-54,新規_静止画_レビュー訴求,2026-08-26,1,actions:offsite_conversion.fb_pixel_purchase,2374,1.17,2783,4178,4178.00,29,1.04,52,1501.26,144.07,23,1,6097,1.46,,,7日間のクリックまたは1日間のビュー
2026-08-27,2026-08-27,新規獲得_コンバージョン,ブロード_女性25-54,新規_静止画_レビュー訴求,2026-08-27,1,actions:offsite_conversion.fb_pixel_purchase,2373,1.20,2856,4351,4351.00,31,1.09,55,1523.46,140.35,24,1,7284,1.67,,,7日間のクリックまたは1日間のビュー
2026-08-28,2026-08-28,新規獲得_コンバージョン,ブロード_女性25-54,新規_静止画_レビュー訴求,2026-08-28,,actions:offsite_conversion.fb_pixel_purchase,2858,1.09,3109,4681,,32,1.03,60,1505.63,146.28,26,,,,,,7日間のクリックまたは1日間のビュー
2026-08-29,2026-08-29,新規獲得_コンバージョン,ブロード_女性25-54,新規_静止画_レビュー訴求,2026-08-29,1,actions:offsite_conversion.fb_pixel_purchase,2501,1.24,3113,4483,4483.00,35,1.12,69,1440.09,128.09,29,1,7236,1.61,,,7日間のクリックまたは1日間のビュー
2026-08-30,2026-08-30,新規獲得_コンバージョン,ブロード_女性25-54,新規_静止画_レビュー訴求,2026-08-30,,actions:offsite_conversion.fb_pixel_purchase,2216,1.20,2658,3785,,27,1.02,47,1424.00,140.19,23,,,,,,7日間のクリックまたは1日間のビュー
2026-08-31,2026-08-31,新規獲得_コンバージョン,ブロード_女性25-54,新規_静止画_レビュー訴求,2026-08-31,,actions:offsite_conversion.fb_pixel_purchase,2310,1.21,2792,4161,,26,0.93,47,1490.33,160.04,19,,,,,,7日間のクリックまたは1日間のビュー
2026-08-01,2026-08-01,リターゲティング,カート放棄_7日,RT_クーポン訴求,2026-08-01,1,actions:offsite_conversion.fb_pixel_purchase,554,1.20,667,1499,1499.00,13,1.95,22,2247.38,115.31,11,1,8741,5.83,,,7日間のクリックまたは1日間のビュー
2026-08-02,2026-08-02,リターゲティング,カート放棄_7日,RT_クーポン訴求,2026-08-02,2,actions:offsite_conversion.fb_pixel_purchase,786,1.15,903,1997,998.50,14,1.55,26,2211.52,142.64,11,2,15324,7.67,,,7日間のクリックまたは1日間のビュー
2026-08-03,2026-08-03,リターゲティング,カート放棄_7日,RT_クーポン訴求,2026-08-03,1,actions:offsite_conversion.fb_pixel_purchase,741,1.06,783,1717,1717.00,11,1.40,21,2192.85,156.09,8,1,8544,4.98,,,7日間のクリックまたは1日間のビュー
2026-08-04,2026-08-04,リターゲティング,カート放棄_7日,RT_クーポン訴求,2026-08-04,1,actions:offsite_conversion.fb_pixel_purchase,740,1.10,816,1697,1697.00,16,1.96,30,2079.66,106.06,14,1,6930,4.08,,,7日間のクリックまたは1日間のビュー
2026-08-05,2026-08-05,リターゲティング,カート放棄_7日,RT_クーポン訴求,2026-08-05,,actions:offsite_conversion.fb_pixel_purchase,665,1.11,741,1718,,10,1.35,18,2318.49,171.80,8,,,,,,7日間のクリックまたは1日間のビュー
2026-08-06,2026-08-06,リターゲティング,カート放棄_7日,RT_クーポン訴求,2026-08-06,1,actions:offsite_conversion.fb_pixel_purchase,699,1.24,866,1804,1804.00,14,1.62,24,2083.14,128.86,11,1,8055,4.47,,,7日間のクリックまたは1日間のビュー
2026-08-07,2026-08-07,リターゲティング,カート放棄_7日,RT_クーポン訴求,2026-08-07,,actions:offsite_conversion.fb_pixel_purchase,540,1.22,658,1363,,9,1.37,17,2071.43,151.44,7,,,,,,7日間のクリックまたは1日間のビュー
2026-08-08,2026-08-08,リターゲティング,カート放棄_7日,RT_クーポン訴求,2026-08-08,,actions:offsite_conversion.fb_pixel_purchase,767,1.10,840,1784,,11,1.31,19,2123.81,162.18,8,,,,,,7日間のクリックまたは1日間のビュー
2026-08-09,2026-08-09,リターゲティング,カート放棄_7日,RT_クーポン訴求,2026-08-09,,actions:offsite_conversion.fb_pixel_purchase,645,1.19,769,1755,,13,1.69,21,2282.18,135.00,11,,,,,,7日間のクリックまたは1日間のビュー
2026-08-10,2026-08-10,リターゲティング,カート放棄_7日,RT_クーポン訴求,2026-08-10,,actions:offsite_conversion.fb_pixel_purchase,479,1.24,595,1332,,9,1.51,17,2238.66,148.00,7,,,,,,7日間のクリックまたは1日間のビュー
2026-08-11,2026-08-11,リターゲティング,カート放棄_7日,RT_クーポン訴求,2026-08-11,,actions:offsite_conversion.fb_pixel_purchase,562,1.17,656,1564,,11,1.68,19,2384.15,142.18,9,,,,,,7日間のクリックまたは1日間のビュー
2026-08-12,2026-08-12,リターゲティング,カート放棄_7日,RT_クーポン訴求,2026-08-12,1,actions:offsite_conversion.fb_pixel_purchase,601,1.18,707,1570,1570.00,13,1.84,24,2220.65,120.77,10,1,7494,4.77,,,7日間のクリックまたは1日間のビュー
2026-08-13,2026-08-13,リターゲティング,カート放棄_7日,RT_クーポン訴求,2026-08-13,1,actions:offsite_conversion.fb_pixel_purchase,634,1.18,746,1670,1670.00,14,1.88,28,2238.61,119.29,11,1,8166,4.89,,,7日間のクリックまたは1日間のビュー
2026-08-14,2026-08-14,リターゲティング,カート放棄_7日,RT_クーポン訴求,2026-08-14,1,actions:offsite_conversion.fb_pixel_purchase,622,1.10,686,1627,1627.00,12,1.75,23,2371.72,135.58,10,1,6445,3.96,,,7日間のクリックまたは1日間のビュー
2026-08-15,2026-08-15,リターゲティング,カート放棄_7日,RT_クーポン訴求,2026-08-15,1,actions:offsite_conversion.fb_pixel_purchase,723,1.07,771,1563,1563.00,14,1.82,27,2027.24,111.64,10,1,8638,5.53,,,7日間のクリックまたは1日間のビュー
2026-08-16,2026-08-16,リターゲティング,カート放棄_7日,RT_クーポン訴求,2026-08-16,1,actions:offsite_conversion.fb_pixel_purchase,747,1.09,815,1846,1846.00,11,1.35,22,2265.03,167.82,9,1,7740,4.19,,,7日間のクリックまたは1日間のビュー
2026-08-17,2026-08-17,リターゲティング,カート放棄_7日,RT_クーポン訴求,2026-08-17,1,actions:offsite_conversion.fb_pixel_purchase,695,1.14,792,1762,1762.00,11,1.39,21,2224.75,160.18,9,1,7340,4.17,,,7日間のクリックまたは1日間のビュー
2026-08-18,2026-08-18,リターゲティング,カート放棄_7日,RT_クーポン訴求,2026-08-18,1,actions:offsite_conversion.fb_pixel_purchase,513,1.07,548,1352,1352.00,10,1.82,17,2467.15,135.20,9,1,7258,5.37,,,7日間のクリックまたは1日間のビュー
2026-08-19,2026-08-19,リターゲティング,カート放棄_7日,RT_クーポン訴求,2026-08-19,,actions:offsite_conversion.fb_pixel_purchase,535,1.25,667,1491,,9,1.35,16,2235.38,165.67,7,,,,,,7日間のクリックまたは1日間のビュー
2026-08-20,2026-08-20,リターゲティング,カート放棄_7日,RT_クーポン訴求,2026-08-20,1,actions:offsite_conversion.fb_pixel_purchase,635,1.14,727,1659,1659.00,10,1.38,19,2281.98,165.90,7,1,8031,4.84,,,7日間のクリックまたは1日間のビュー
2026-08-21,2026-08-21,リターゲティング,カート放棄_7日,RT_クーポン訴求,2026-08-21,1,actions:offsite_conversion.fb_pixel_purchase,699,1.16,813,1713,1713.00,14,1.72,24,2107.01,122.36,10,1,6518,3.81,,,7日間のクリックまたは1日間のビュー
2026-08-22,2026-08-22,リターゲティング,カート放棄_7日,RT_クーポン訴求,2026-08-22,1,actions:offsite_conversion.fb_pixel_purchase,638,1.09,698,1726,1726.00,12,1.72,22,2472.78,143.83,9,1,8754,5.07,,,7日間のクリックまたは1日間のビュー
2026-08-23,2026-08-23,リターゲティング,カート放棄_7日,RT_クーポン訴求,2026-08-23,1,actions:offsite_conversion.fb_pixel_purchase,641,1.10,707,1602,1602.00,13,1.84,21,2265.91,123.23,10,1,6317,3.94,,,7日間のクリックまたは1日間のビュー
2026-08-24,2026-08-24,リターゲティング,カート放棄_7日,RT_クーポン訴求,2026-08-24,1,actions:offsite_conversion.fb_pixel_purchase,584,1.19,694,1635,1635.00,10,1.44,19,2355.91,163.50,8,1,6673,4.08,,,7日間のクリックまたは1日間のビュー
2026-08-25,2026-08-25,リターゲティング,カート放棄_7日,RT_クーポン訴求,2026-08-25,1,actions:offsite_conversion.fb_pixel_purchase,468,1.23,574,1274,1274.00,8,1.39,16,2219.51,159.25,7,1,8320,6.53,,,7日間のクリックまたは1日間のビュー
2026-08-26,2026-08-26,リターゲティング,カート放棄_7日,RT_クーポン訴求,2026-08-26,1,actions:offsite_conversion.fb_pixel_purchase,501,1.24,622,1411,1411.00,8,1.29,14,2268.49,176.38,6,1,7395,5.24,,,7日間のクリックまたは1日間のビュー
2026-08-27,2026-08-27,リターゲティング,カート放棄_7日,RT_クーポン訴求,2026-08-27,1,actions:offsite_conversion.fb_pixel_purchase,671,1.08,728,1739,1739.00,11,1.51,20,2388.74,158.09,9,1,6710,3.86,,,7日間のクリックまたは1日間のビュー
2026-08-28,2026-08-28,リターゲティング,カート放棄_7日,RT_クーポン訴求,2026-08-28,,actions:offsite_conversion.fb_pixel_purchase,690,1.17,809,1795,,14,1.73,26,2218.79,128.21,11,,,,,,7日間のクリックまたは1日間のビュー
2026-08-29,2026-08-29,リターゲティング,カート放棄_7日,RT_クーポン訴求,2026-08-29,1,actions:offsite_conversion.fb_pixel_purchase,644,1.23,790,1664,1664.00,13,1.65,25,2106.33,128.00,11,1,7669,4.61,,,7日間のクリックまたは1日間のビュー
2026-08-30,2026-08-30,リターゲティング,カート放棄_7日,RT_クーポン訴求,2026-08-30,2,actions:offsite_conversion.fb_pixel_purchase,674,1.08,726,1632,816.00,13,1.79,23,2247.93,125.54,10,2,12724,7.80,,,7日間のクリックまたは1日間のビュー
2026-08-31,2026-08-31,リターゲティング,カート放棄_7日,RT_クーポン訴求,2026-08-31,1,actions:offsite_conversion.fb_pixel_purchase,541,1.14,616,1501,1501.00,10,1.62,18,2436.69,150.10,8,1,7672,5.11,,,7日間のクリックまたは1日間のビュー
2026-08-01,2026-08-01,リターゲティング,カート放棄_7日,RT_動的_閲覧商品,2026-08-01,1,actions:offsite_conversion.fb_pixel_purchase,668,1.21,805,1689,1689.00,15,1.86,26,2098.14,112.60,13,1,6444,3.82,,,7日間のクリックまたは1日間のビュー
2026-08-02,2026-08-02,リターゲティング,カート放棄_7日,RT_動的_閲覧商品,2026-08-02,1,actions:offsite_conversion.fb_pixel_purchase,582,1.21,703,1586,1586.00,17,2.42,30,2256.05,93.29,13,1,8413,5.30,,,7日間のクリックまたは1日間のビュー
2026-08-03,2026-08-03,リターゲティング,カート放棄_7日,RT_動的_閲覧商品,2026-08-03,,actions:offsite_conversion.fb_pixel_purchase,500,1.13,563,1369,,13,2.31,24,2431.62,105.31,11,,,,,,7日間のクリックまたは1日間のビュー
2026-08-04,2026-08-04,リターゲティング,カート放棄_7日,RT_動的_閲覧商品,2026-08-04,1,actions:offsite_conversion.fb_pixel_purchase,649,1.10,716,1562,1562.00,13,1.82,25,2181.56,120.15,10,1,6304,4.04,,,7日間のクリックまたは1日間のビュー
2026-08-05,2026-08-05,リターゲティング,カート放棄_7日,RT_動的_閲覧商品,2026-08-05,,actions:offsite_conversion.fb_pixel_purchase,462,1.18,543,1298,,12,2.21,20,2390.42,108.17,10,,,,,,7日間のクリックまたは1日間のビュー
2026-08-06,2026-08-06,リターゲティング,カート放棄_7日,RT_動的_閲覧商品,2026-08-06,1,actions:offsite_conversion.fb_pixel_purchase,592,1.18,699,1691,1691.00,14,2.00,27,2419.17,120.79,10,1,6600,3.90,,,7日間のクリックまたは1日間のビュー
2026-08-07,2026-08-07,リターゲティング,カート放棄_7日,RT_動的_閲覧商品,2026-08-07,,actions:offsite_conversion.fb_pixel_purchase,605,1.06,643,1460,,12,1.87,23,2270.61,121.67,10,,,,,,7日間のクリックまたは1日間のビュー
2026-08-08,2026-08-08,リターゲティング,カート放棄_7日,RT_動的_閲覧商品,2026-08-08,2,actions:offsite_conversion.fb_pixel_purchase,697,1.15,802,1835,917.50,20,2.49,33,2288.03,91.75,15,2,15005,8.18,,,7日間のクリックまたは1日間のビュー
2026-08-09,2026-08-09,リターゲティング,カート放棄_7日,RT_動的_閲覧商品,2026-08-09,1,actions:offsite_conversion.fb_pixel_purchase,811,1.07,865,1885,1885.00,18,2.08,34,2179.19,104.72,15,1,6424,3.41,,,7日間のクリックまたは1日間のビュー
2026-08-10,2026-08-10,リターゲティング,カート放棄_7日,RT_動的_閲覧商品,2026-08-10,,actions:offsite_conversion.fb_pixel_purchase,469,1.19,559,1326,,10,1.79,17,2372.09,132.60,9,,,,,,7日間のクリックまたは1日間のビュー
2026-08-11,2026-08-11,リターゲティング,カート放棄_7日,RT_動的_閲覧商品,2026-08-11,,actions:offsite_conversion.fb_pixel_purchase,609,1.11,677,1559,,13,1.92,24,2302.81,119.92,11,,,,,,7日間のクリックまたは1日間のビュー
2026-08-12,2026-08-12,リターゲティング,カート放棄_7日,RT_動的_閲覧商品,2026-08-12,1,actions:offsite_conversion.fb_pixel_purchase,473,1.24,586,1438,1438.00,11,1.88,21,2453.92,130.73,9,1,7565,5.26,,,7日間のクリックまたは1日間のビュー
2026-08-13,2026-08-13,リターゲティング,カート放棄_7日,RT_動的_閲覧商品,2026-08-13,,actions:offsite_conversion.fb_pixel_purchase,635,1.09,689,1407,,13,1.89,23,2042.09,108.23,10,,,,,,7日間のクリックまたは1日間のビュー
2026-08-14,2026-08-14,リターゲティング,カート放棄_7日,RT_動的_閲覧商品,2026-08-14,1,actions:offsite_conversion.fb_pixel_purchase,492,1.17,578,1345,1345.00,13,2.25,24,2326.99,103.46,11,1,7403,5.50,,,7日間のクリックまたは1日間のビュー
2026-08-15,2026-08-15,リターゲティング,カート放棄_7日,RT_動的_閲覧商品,2026-08-15,1,actions:offsite_conversion.fb_pixel_purchase,773,1.10,847,1965,1965.00,18,2.13,36,2319.95,109.17,13,1,7263,3.70,,,7日間のクリックまたは1日間のビュー
2026-08-16,2026-08-16,リターゲティング,カート放棄_7日,RT_動的_閲覧商品,2026-08-16,1,actions:offsite_conversion.fb_pixel_purchase,578,1.22,708,1572,1572.00,14,1.98,26,2220.34,112.29,11,1,7235,4.60,,,7日間のクリックまたは1日間のビュー
2026-08-17,2026-08-17,リターゲティング,カート放棄_7日,RT_動的_閲覧商品,2026-08-17,2,actions:offsite_conversion.fb_pixel_purchase,660,1.16,765,1581,790.50,15,1.96,27,2066.67,105.40,12,2,14910,9.43,,,7日間のクリックまたは1日間のビュー
2026-08-18,2026-08-18,リターゲティング,カート放棄_7日,RT_動的_閲覧商品,2026-08-18,1,actions:offsite_conversion.fb_pixel_purchase,488,1.14,556,1283,1283.00,12,2.16,23,2307.55,106.92,9,1,6704,5.23,,,7日間のクリックまたは1日間のビュー
2026-08-19,2026-08-19,リターゲティング,カート放棄_7日,RT_動的_閲覧商品,2026-08-19,1,actions:offsite_conversion.fb_pixel_purchase,605,1.11,674,1613,1613.00,16,2.37,27,2393.18,100.81,12,1,7936,4.92,,,7日間のクリックまたは1日間のビュー
2026-08-20,2026-08-20,リターゲティング,カート放棄_7日,RT_動的_閲覧商品,2026-08-20,1,actions:offsite_conversion.fb_pixel_purchase,651,1.13,735,1661,1661.00,15,2.04,24,2259.86,110.73,11,1,6409,3.86,,,7日間のクリックまたは1日間のビュー
2026-08-21,2026-08-21,リターゲティング,カート放棄_7日,RT_動的_閲覧商品,2026-08-21,,actions:offsite_conversion.fb_pixel_purchase,622,1.24,769,1652,,19,2.47,33,2148.24,86.95,15,,,,,,7日間のクリックまたは1日間のビュー
2026-08-22,2026-08-22,リターゲティング,カート放棄_7日,RT_動的_閲覧商品,2026-08-22,1,actions:offsite_conversion.fb_pixel_purchase,637,1.18,750,1756,1756.00,13,1.73,25,2341.33,135.08,11,1,7832,4.46,,,7日間のクリックまたは1日間のビュー
2026-08-23,2026-08-23,リターゲティング,カート放棄_7日,RT_動的_閲覧商品,2026-08-23,2,actions:offsite_conversion.fb_pixel_purchase,762,1.22,930,2032,1016.00,17,1.83,28,2184.95,119.53,13,2,17693,8.71,,,7日間のクリックまたは1日間のビュー
2026-08-24,2026-08-24,リターゲティング,カート放棄_7日,RT_動的_閲覧商品,2026-08-24,1,actions:offsite_conversion.fb_pixel_purchase,544,1.08,590,1275,1275.00,14,2.37,24,2161.02,91.07,11,1,6997,5.49,,,7日間のクリックまたは1日間のビュー
2026-08-25,2026-08-25,リターゲティング,カート放棄_7日,RT_動的_閲覧商品,2026-08-25,,actions:offsite_conversion.fb_pixel_purchase,555,1.19,661,1544,,13,1.97,25,2335.85,118.77,10,,,,,,7日間のクリックまたは1日間のビュー
2026-08-26,2026-08-26,リターゲティング,カート放棄_7日,RT_動的_閲覧商品,2026-08-26,1,actions:offsite_conversion.fb_pixel_purchase,597,1.21,721,1662,1662.00,15,2.08,26,2305.13,110.80,12,1,8011,4.82,,,7日間のクリックまたは1日間のビュー
2026-08-27,2026-08-27,リターゲティング,カート放棄_7日,RT_動的_閲覧商品,2026-08-27,1,actions:offsite_conversion.fb_pixel_purchase,776,1.05,818,1745,1745.00,15,1.83,26,2133.25,116.33,13,1,8273,4.74,,,7日間のクリックまたは1日間のビュー
2026-08-28,2026-08-28,リターゲティング,カート放棄_7日,RT_動的_閲覧商品,2026-08-28,,actions:offsite_conversion.fb_pixel_purchase,765,1.14,871,1836,,16,1.84,30,2107.92,114.75,12,,,,,,7日間のクリックまたは1日間のビュー
2026-08-29,2026-08-29,リターゲティング,カート放棄_7日,RT_動的_閲覧商品,2026-08-29,1,actions:offsite_conversion.fb_pixel_purchase,513,1.25,641,1534,1534.00,11,1.72,20,2393.14,139.45,9,1,7663,5.00,,,7日間のクリックまたは1日間のビュー
2026-08-30,2026-08-30,リターゲティング,カート放棄_7日,RT_動的_閲覧商品,2026-08-30,1,actions:offsite_conversion.fb_pixel_purchase,731,1.05,770,1668,1668.00,14,1.82,23,2166.23,119.14,11,1,8866,5.32,,,7日間のクリックまたは1日間のビュー
2026-08-31,2026-08-31,リターゲティング,カート放棄_7日,RT_動的_閲覧商品,2026-08-31,1,actions:offsite_conversion.fb_pixel_purchase,479,1.19,569,1405,1405.00,10,1.76,17,2469.24,140.50,8,1,7063,5.03,,,7日間のクリックまたは1日間のビュー
2026-08-01,2026-08-01,リターゲティング,カート放棄_7日,RT_レビュー動画,2026-08-01,1,actions:offsite_conversion.fb_pixel_purchase,876,1.08,944,2085,2085.00,15,1.59,26,2208.69,139.00,13,1,8133,3.90,227,60,7日間のクリックまたは1日間のビュー
2026-08-02,2026-08-02,リターゲティング,カート放棄_7日,RT_レビュー動画,2026-08-02,,actions:offsite_conversion.fb_pixel_purchase,707,1.25,881,1823,,10,1.14,18,2069.24,182.30,8,,,,196,88,7日間のクリックまたは1日間のビュー
2026-08-03,2026-08-03,リターゲティング,カート放棄_7日,RT_レビュー動画,2026-08-03,1,actions:offsite_conversion.fb_pixel_purchase,518,1.12,580,1407,1407.00,8,1.38,15,2425.86,175.88,6,1,7446,5.29,127,50,7日間のクリックまたは1日間のビュー
2026-08-04,2026-08-04,リターゲティング,カート放棄_7日,RT_レビュー動画,2026-08-04,1,actions:offsite_conversion.fb_pixel_purchase,633,1.19,756,1591,1591.00,11,1.46,18,2104.50,144.64,9,1,8063,5.07,212,55,7日間のクリックまたは1日間のビュー
2026-08-05,2026-08-05,リターゲティング,カート放棄_7日,RT_レビュー動画,2026-08-05,,actions:offsite_conversion.fb_pixel_purchase,652,1.08,706,1433,,8,1.13,14,2029.75,179.12,6,,,,185,63,7日間のクリックまたは1日間のビュー
2026-08-06,2026-08-06,リターゲティング,カート放棄_7日,RT_レビュー動画,2026-08-06,1,actions:offsite_conversion.fb_pixel_purchase,577,1.12,649,1593,1593.00,8,1.23,13,2454.55,199.12,7,1,8536,5.36,135,48,7日間のクリックまたは1日間のビュー
2026-08-07,2026-08-07,リターゲティング,カート放棄_7日,RT_レビュー動画,2026-08-07,1,actions:offsite_conversion.fb_pixel_purchase,713,1.18,840,1901,1901.00,9,1.07,15,2263.10,211.22,8,1,6714,3.53,181,80,7日間のクリックまたは1日間のビュー
2026-08-08,2026-08-08,リターゲティング,カート放棄_7日,RT_レビュー動画,2026-08-08,1,actions:offsite_conversion.fb_pixel_purchase,625,1.19,741,1657,1657.00,10,1.35,19,2236.17,165.70,9,1,8403,5.07,216,61,7日間のクリックまたは1日間のビュー
2026-08-09,2026-08-09,リターゲティング,カート放棄_7日,RT_レビュー動画,2026-08-09,,actions:offsite_conversion.fb_pixel_purchase,871,1.08,939,1910,,12,1.28,24,2034.08,159.17,9,,,,224,69,7日間のクリックまたは1日間のビュー
2026-08-10,2026-08-10,リターゲティング,カート放棄_7日,RT_レビュー動画,2026-08-10,,actions:offsite_conversion.fb_pixel_purchase,567,1.24,702,1535,,7,1.00,11,2186.61,219.29,5,,,,166,57,7日間のクリックまたは1日間のビュー
2026-08-11,2026-08-11,リターゲティング,カート放棄_7日,RT_レビュー動画,2026-08-11,,actions:offsite_conversion.fb_pixel_purchase,684,1.12,768,1573,,8,1.04,15,2048.18,196.62,7,,,,192,64,7日間のクリックまたは1日間のビュー
2026-08-12,2026-08-12,リターゲティング,カート放棄_7日,RT_レビュー動画,2026-08-12,1,actions:offsite_conversion.fb_pixel_purchase,612,1.14,695,1527,1527.00,9,1.29,17,2197.12,169.67,7,1,6773,4.44,168,61,7日間のクリックまたは1日間のビュー
2026-08-13,2026-08-13,リターゲティング,カート放棄_7日,RT_レビュー動画,2026-08-13,1,actions:offsite_conversion.fb_pixel_purchase,602,1.15,690,1402,1402.00,9,1.30,17,2031.88,155.78,8,1,8381,5.98,144,42,7日間のクリックまたは1日間のビュー
2026-08-14,2026-08-14,リターゲティング,カート放棄_7日,RT_レビュー動画,2026-08-14,,actions:offsite_conversion.fb_pixel_purchase,521,1.20,627,1284,,5,0.80,10,2047.85,256.80,4,,,,136,41,7日間のクリックまたは1日間のビュー
2026-08-15,2026-08-15,リターゲティング,カート放棄_7日,RT_レビュー動画,2026-08-15,,actions:offsite_conversion.fb_pixel_purchase,629,1.11,697,1573,,7,1.00,13,2256.81,224.71,6,,,,180,69,7日間のクリックまたは1日間のビュー
2026-08-16,2026-08-16,リターゲティング,カート放棄_7日,RT_レビュー動画,2026-08-16,,actions:offsite_conversion.fb_pixel_purchase,586,1.18,690,1406,,6,0.87,10,2037.68,234.33,5,,,,200,47,7日間のクリックまたは1日間のビュー
2026-08-17,2026-08-17,リターゲティング,カート放棄_7日,RT_レビュー動画,2026-08-17,,actions:offsite_conversion.fb_pixel_purchase,497,1.17,582,1301,,6,1.03,11,2235.40,216.83,5,,,,160,42,7日間のクリックまたは1日間のビュー
2026-08-18,2026-08-18,リターゲティング,カート放棄_7日,RT_レビュー動画,2026-08-18,,actions:offsite_conversion.fb_pixel_purchase,566,1.24,703,1533,,7,1.00,11,2180.65,219.00,5,,,,205,45,7日間のクリックまたは1日間のビュー
2026-08-19,2026-08-19,リターゲティング,カート放棄_7日,RT_レビュー動画,2026-08-19,1,actions:offsite_conversion.fb_pixel_purchase,606,1.18,717,1693,1693.00,7,0.98,14,2361.23,241.86,6,1,8267,4.88,165,67,7日間のクリックまたは1日間のビュー
2026-08-20,2026-08-20,リターゲティング,カート放棄_7日,RT_レビュー動画,2026-08-20,1,actions:offsite_conversion.fb_pixel_purchase,654,1.07,698,1673,1673.00,5,0.72,9,2396.85,334.60,4,1,8771,5.24,171,58,7日間のクリックまたは1日間のビュー
2026-08-21,2026-08-21,リターゲティング,カート放棄_7日,RT_レビュー動画,2026-08-21,1,actions:offsite_conversion.fb_pixel_purchase,536,1.16,624,1423,1423.00,6,0.96,11,2280.45,237.17,4,1,6328,4.45,168,46,7日間のクリックまたは1日間のビュー
2026-08-22,2026-08-22,リターゲティング,カート放棄_7日,RT_レビュー動画,2026-08-22,,actions:offsite_conversion.fb_pixel_purchase,599,1.10,658,1517,,5,0.76,9,2305.47,303.40,4,,,,178,55,7日間のクリックまたは1日間のビュー
2026-08-23,2026-08-23,リターゲティング,カート放棄_7日,RT_レビュー動画,2026-08-23,,actions:offsite_conversion.fb_pixel_purchase,627,1.16,729,1497,,7,0.96,13,2053.50,213.86,6,,,,216,47,7日間のクリックまたは1日間のビュー
2026-08-24,2026-08-24,リターゲティング,カート放棄_7日,RT_レビュー動画,2026-08-24,1,actions:offsite_conversion.fb_pixel_purchase,601,1.05,633,1329,1329.00,5,0.79,9,2099.53,265.80,4,1,7934,5.97,166,51,7日間のクリックまたは1日間のビュー
2026-08-25,2026-08-25,リターゲティング,カート放棄_7日,RT_レビュー動画,2026-08-25,,actions:offsite_conversion.fb_pixel_purchase,606,1.11,674,1434,,5,0.74,9,2127.60,286.80,4,,,,139,62,7日間のクリックまたは1日間のビュー
2026-08-26,2026-08-26,リターゲティング,カート放棄_7日,RT_レビュー動画,2026-08-26,,actions:offsite_conversion.fb_pixel_purchase,625,1.17,729,1568,,5,0.69,9,2150.89,313.60,4,,,,215,59,7日間のクリックまたは1日間のビュー
2026-08-27,2026-08-27,リターゲティング,カート放棄_7日,RT_レビュー動画,2026-08-27,,actions:offsite_conversion.fb_pixel_purchase,597,1.15,688,1420,,5,0.73,9,2063.95,284.00,4,,,,157,49,7日間のクリックまたは1日間のビュー
2026-08-28,2026-08-28,リターゲティング,カート放棄_7日,RT_レビュー動画,2026-08-28,,actions:offsite_conversion.fb_pixel_purchase,714,1.12,800,1745,,5,0.62,9,2181.25,349.00,4,,,,237,78,7日間のクリックまたは1日間のビュー
2026-08-29,2026-08-29,リターゲティング,カート放棄_7日,RT_レビュー動画,2026-08-29,,actions:offsite_conversion.fb_pixel_purchase,690,1.23,849,1874,,7,0.82,14,2207.30,267.71,5,,,,180,73,7日間のクリックまたは1日間のビュー
2026-08-30,2026-08-30,リターゲティング,カート放棄_7日,RT_レビュー動画,2026-08-30,1,actions:offsite_conversion.fb_pixel_purchase,693,1.21,840,1967,1967.00,6,0.71,11,2341.67,327.83,4,1,7896,4.01,188,60,7日間のクリックまたは1日間のビュー
2026-08-31,2026-08-31,リターゲティング,カート放棄_7日,RT_レビュー動画,2026-08-31,,actions:offsite_conversion.fb_pixel_purchase,543,1.24,674,1555,,4,0.59,6,2307.12,388.75,3,,,,162,61,7日間のクリックまたは1日間のビュー
2026-08-01,2026-08-01,リターゲティング,サイト訪問_30日,RT_クーポン訴求,2026-08-01,1,actions:offsite_conversion.fb_pixel_purchase,1168,1.05,1229,2598,2598.00,17,1.38,29,2113.91,152.82,14,1,6377,2.45,,,7日間のクリックまたは1日間のビュー
2026-08-02,2026-08-02,リターゲティング,サイト訪問_30日,RT_クーポン訴求,2026-08-02,1,actions:offsite_conversion.fb_pixel_purchase,806,1.10,883,1982,1982.00,16,1.81,26,2244.62,123.88,12,1,7229,3.65,,,7日間のクリックまたは1日間のビュー
2026-08-03,2026-08-03,リターゲティング,サイト訪問_30日,RT_クーポン訴求,2026-08-03,1,actions:offsite_conversion.fb_pixel_purchase,679,1.11,755,1573,1573.00,13,1.72,22,2083.44,121.00,10,1,8095,5.15,,,7日間のクリックまたは1日間のビュー
2026-08-04,2026-08-04,リターゲティング,サイト訪問_30日,RT_クーポン訴求,2026-08-04,1,actions:offsite_conversion.fb_pixel_purchase,721,1.07,771,1628,1628.00,11,1.43,22,2111.54,148.00,9,1,6517,4.00,,,7日間のクリックまたは1日間のビュー
2026-08-05,2026-08-05,リターゲティング,サイト訪問_30日,RT_クーポン訴求,2026-08-05,,actions:offsite_conversion.fb_pixel_purchase,796,1.21,964,2083,,13,1.35,22,2160.79,160.23,11,,,,,,7日間のクリックまたは1日間のビュー
2026-08-06,2026-08-06,リターゲティング,サイト訪問_30日,RT_クーポン訴求,2026-08-06,1,actions:offsite_conversion.fb_pixel_purchase,841,1.10,922,1981,1981.00,12,1.30,20,2148.59,165.08,10,1,8272,4.18,,,7日間のクリックまたは1日間のビュー
2026-08-07,2026-08-07,リターゲティング,サイト訪問_30日,RT_クーポン訴求,2026-08-07,1,actions:offsite_conversion.fb_pixel_purchase,719,1.07,766,1689,1689.00,11,1.44,18,2204.96,153.55,10,1,7937,4.70,,,7日間のクリックまたは1日間のビュー
2026-08-08,2026-08-08,リターゲティング,サイト訪問_30日,RT_クーポン訴求,2026-08-08,1,actions:offsite_conversion.fb_pixel_purchase,606,1.24,754,1854,1854.00,14,1.86,23,2458.89,132.43,12,1,6823,3.68,,,7日間のクリックまたは1日間のビュー
2026-08-09,2026-08-09,リターゲティング,サイト訪問_30日,RT_クーポン訴求,2026-08-09,,actions:offsite_conversion.fb_pixel_purchase,775,1.06,818,2012,,11,1.34,22,2459.66,182.91,8,,,,,,7日間のクリックまたは1日間のビュー
2026-08-10,2026-08-10,リターゲティング,サイト訪問_30日,RT_クーポン訴求,2026-08-10,,actions:offsite_conversion.fb_pixel_purchase,630,1.10,696,1545,,13,1.87,21,2219.83,118.85,10,,,,,,7日間のクリックまたは1日間のビュー
2026-08-11,2026-08-11,リターゲティング,サイト訪問_30日,RT_クーポン訴求,2026-08-11,,actions:offsite_conversion.fb_pixel_purchase,643,1.20,770,1766,,12,1.56,23,2293.51,147.17,10,,,,,,7日間のクリックまたは1日間のビュー
2026-08-12,2026-08-12,リターゲティング,サイト訪問_30日,RT_クーポン訴求,2026-08-12,1,actions:offsite_conversion.fb_pixel_purchase,738,1.06,780,1662,1662.00,11,1.41,18,2130.77,151.09,9,1,7000,4.21,,,7日間のクリックまたは1日間のビュー
2026-08-13,2026-08-13,リターゲティング,サイト訪問_30日,RT_クーポン訴求,2026-08-13,,actions:offsite_conversion.fb_pixel_purchase,854,1.09,935,2095,,18,1.93,33,2240.64,116.39,16,,,,,,7日間のクリックまたは1日間のビュー
2026-08-14,2026-08-14,リターゲティング,サイト訪問_30日,RT_クーポン訴求,2026-08-14,1,actions:offsite_conversion.fb_pixel_purchase,910,1.18,1076,2190,2190.00,16,1.49,31,2035.32,136.88,13,1,8307,3.79,,,7日間のクリックまたは1日間のビュー
2026-08-15,2026-08-15,リターゲティング,サイト訪問_30日,RT_クーポン訴求,2026-08-15,1,actions:offsite_conversion.fb_pixel_purchase,818,1.25,1020,2172,2172.00,14,1.37,25,2129.41,155.14,10,1,6436,2.96,,,7日間のクリックまたは1日間のビュー
2026-08-16,2026-08-16,リターゲティング,サイト訪問_30日,RT_クーポン訴求,2026-08-16,1,actions:offsite_conversion.fb_pixel_purchase,863,1.23,1062,2309,2309.00,17,1.60,33,2174.20,135.82,13,1,8755,3.79,,,7日間のクリックまたは1日間のビュー
2026-08-17,2026-08-17,リターゲティング,サイト訪問_30日,RT_クーポン訴求,2026-08-17,1,actions:offsite_conversion.fb_pixel_purchase,740,1.15,849,2004,2004.00,11,1.30,22,2360.42,182.18,9,1,6327,3.16,,,7日間のクリックまたは1日間のビュー
2026-08-18,2026-08-18,リターゲティング,サイト訪問_30日,RT_クーポン訴求,2026-08-18,,actions:offsite_conversion.fb_pixel_purchase,751,1.19,892,1994,,12,1.35,22,2235.43,166.17,9,,,,,,7日間のクリックまたは1日間のビュー
2026-08-19,2026-08-19,リターゲティング,サイト訪問_30日,RT_クーポン訴求,2026-08-19,1,actions:offsite_conversion.fb_pixel_purchase,876,1.16,1013,2169,2169.00,17,1.68,28,2141.16,127.59,13,1,8510,3.92,,,7日間のクリックまたは1日間のビュー
2026-08-20,2026-08-20,リターゲティング,サイト訪問_30日,RT_クーポン訴求,2026-08-20,1,actions:offsite_conversion.fb_pixel_purchase,818,1.07,875,2101,2101.00,14,1.60,23,2401.14,150.07,12,1,7682,3.66,,,7日間のクリックまたは1日間のビュー
2026-08-21,2026-08-21,リターゲティング,サイト訪問_30日,RT_クーポン訴求,2026-08-21,,actions:offsite_conversion.fb_pixel_purchase,824,1.16,955,2209,,16,1.68,26,2313.09,138.06,12,,,,,,7日間のクリックまたは1日間のビュー
2026-08-22,2026-08-22,リターゲティング,サイト訪問_30日,RT_クーポン訴求,2026-08-22,,actions:offsite_conversion.fb_pixel_purchase,907,1.14,1037,2137,,16,1.54,31,2060.75,133.56,13,,,,,,7日間のクリックまたは1日間のビュー
2026-08-23,2026-08-23,リターゲティング,サイト訪問_30日,RT_クーポン訴求,2026-08-23,1,actions:offsite_conversion.fb_pixel_purchase,799,1.19,949,2337,2337.00,16,1.69,30,2462.59,146.06,12,1,8427,3.61,,,7日間のクリックまたは1日間のビュー
2026-08-24,2026-08-24,リターゲティング,サイト訪問_30日,RT_クーポン訴求,2026-08-24,1,actions:offsite_conversion.fb_pixel_purchase,675,1.17,791,1941,1941.00,15,1.90,25,2453.86,129.40,12,1,7845,4.04,,,7日間のクリックまたは1日間のビュー
2026-08-25,2026-08-25,リターゲティング,サイト訪問_30日,RT_クーポン訴求,2026-08-25,1,actions:offsite_conversion.fb_pixel_purchase,823,1.14,937,1930,1930.00,16,1.71,31,2059.77,120.62,13,1,6333,3.28,,,7日間のクリックまたは1日間のビュー
2026-08-26,2026-08-26,リターゲティング,サイト訪問_30日,RT_クーポン訴求,2026-08-26,,actions:offsite_conversion.fb_pixel_purchase,884,1.06,934,2047,,12,1.28,24,2191.65,170.58,10,,,,,,7日間のクリックまたは1日間のビュー
2026-08-27,2026-08-27,リターゲティング,サイト訪問_30日,RT_クーポン訴求,2026-08-27,1,actions:offsite_conversion.fb_pixel_purchase,841,1.12,938,2178,2178.00,17,1.81,33,2321.96,128.12,14,1,6715,3.08,,,7日間のクリックまたは1日間のビュー
2026-08-28,2026-08-28,リターゲティング,サイト訪問_30日,RT_クーポン訴求,2026-08-28,,actions:offsite_conversion.fb_pixel_purchase,646,1.23,792,1752,,11,1.39,18,2212.12,159.27,10,,,,,,7日間のクリックまたは1日間のビュー
2026-08-29,2026-08-29,リターゲティング,サイト訪問_30日,RT_クーポン訴求,2026-08-29,1,actions:offsite_conversion.fb_pixel_purchase,769,1.20,925,2116,2116.00,15,1.62,28,2287.57,141.07,11,1,8486,4.01,,,7日間のクリックまたは1日間のビュー
2026-08-30,2026-08-30,リターゲティング,サイト訪問_30日,RT_クーポン訴求,2026-08-30,,actions:offsite_conversion.fb_pixel_purchase,866,1.06,922,2200,,13,1.41,25,2386.12,169.23,11,,,,,,7日間のクリックまたは1日間のビュー
2026-08-31,2026-08-31,リターゲティング,サイト訪問_30日,RT_クーポン訴求,2026-08-31,,actions:offsite_conversion.fb_pixel_purchase,755,1.07,809,1850,,13,1.61,23,2286.77,142.31,10,,,,,,7日間のクリックまたは1日間のビュー
2026-08-01,2026-08-01,リターゲティング,サイト訪問_30日,RT_動的_閲覧商品,2026-08-01,1,actions:offsite_conversion.fb_pixel_purchase,765,1.10,838,1866,1866.00,13,1.55,21,2226.73,143.54,10,1,7247,3.88,,,7日間のクリックまたは1日間のビュー
2026-08-02,2026-08-02,リターゲティング,サイト訪問_30日,RT_動的_閲覧商品,2026-08-02,1,actions:offsite_conversion.fb_pixel_purchase,867,1.15,994,2373,2373.00,19,1.91,34,2387.32,124.89,14,1,8375,3.53,,,7日間のクリックまたは1日間のビュー
2026-08-03,2026-08-03,リターゲティング,サイト訪問_30日,RT_動的_閲覧商品,2026-08-03,,actions:offsite_conversion.fb_pixel_purchase,815,1.22,992,2121,,22,2.22,41,2138.10,96.41,18,,,,,,7日間のクリックまたは1日間のビュー
2026-08-04,2026-08-04,リターゲティング,サイト訪問_30日,RT_動的_閲覧商品,2026-08-04,,actions:offsite_conversion.fb_pixel_purchase,752,1.21,913,2087,,15,1.64,26,2285.87,139.13,12,,,,,,7日間のクリックまたは1日間のビュー
2026-08-05,2026-08-05,リターゲティング,サイト訪問_30日,RT_動的_閲覧商品,2026-08-05,1,actions:offsite_conversion.fb_pixel_purchase,773,1.09,844,1917,1917.00,17,2.01,33,2271.33,112.76,13,1,6366,3.32,,,7日間のクリックまたは1日間のビュー
2026-08-06,2026-08-06,リターゲティング,サイト訪問_30日,RT_動的_閲覧商品,2026-08-06,1,actions:offsite_conversion.fb_pixel_purchase,865,1.19,1029,2173,2173.00,22,2.14,42,2111.76,98.77,17,1,7926,3.65,,,7日間のクリックまたは1日間のビュー
2026-08-07,2026-08-07,リターゲティング,サイト訪問_30日,RT_動的_閲覧商品,2026-08-07,1,actions:offsite_conversion.fb_pixel_purchase,914,1.21,1105,2414,2414.00,20,1.81,39,2184.62,120.70,15,1,6940,2.87,,,7日間のクリックまたは1日間のビュー
2026-08-08,2026-08-08,リターゲティング,サイト訪問_30日,RT_動的_閲覧商品,2026-08-08,,actions:offsite_conversion.fb_pixel_purchase,828,1.10,913,1883,,15,1.64,27,2062.43,125.53,13,,,,,,7日間のクリックまたは1日間のビュー
2026-08-09,2026-08-09,リターゲティング,サイト訪問_30日,RT_動的_閲覧商品,2026-08-09,,actions:offsite_conversion.fb_pixel_purchase,949,1.08,1026,2518,,20,1.95,39,2454.19,125.90,15,,,,,,7日間のクリックまたは1日間のビュー
2026-08-10,2026-08-10,リターゲティング,サイト訪問_30日,RT_動的_閲覧商品,2026-08-10,1,actions:offsite_conversion.fb_pixel_purchase,837,1.14,951,2001,2001.00,21,2.21,38,2104.10,95.29,18,1,6786,3.39,,,7日間のクリックまたは1日間のビュー
2026-08-11,2026-08-11,リターゲティング,サイト訪問_30日,RT_動的_閲覧商品,2026-08-11,,actions:offsite_conversion.fb_pixel_purchase,794,1.15,915,2249,,15,1.64,24,2457.92,149.93,12,,,,,,7日間のクリックまたは1日間のビュー
2026-08-12,2026-08-12,リターゲティング,サイト訪問_30日,RT_動的_閲覧商品,2026-08-12,,actions:offsite_conversion.fb_pixel_purchase,684,1.24,847,1967,,14,1.65,27,2322.31,140.50,11,,,,,,7日間のクリックまたは1日間のビュー
2026-08-13,2026-08-13,リターゲティング,サイト訪問_30日,RT_動的_閲覧商品,2026-08-13,1,actions:offsite_conversion.fb_pixel_purchase,570,1.21,688,1603,1603.00,12,1.74,20,2329.94,133.58,9,1,7198,4.49,,,7日間のクリックまたは1日間のビュー
2026-08-14,2026-08-14,リターゲティング,サイト訪問_30日,RT_動的_閲覧商品,2026-08-14,1,actions:offsite_conversion.fb_pixel_purchase,753,1.21,913,2055,2055.00,22,2.41,42,2250.82,93.41,16,1,6866,3.34,,,7日間のクリックまたは1日間のビュー
2026-08-15,2026-08-15,リターゲティング,サイト訪問_30日,RT_動的_閲覧商品,2026-08-15,1,actions:offsite_conversion.fb_pixel_purchase,809,1.16,941,2174,2174.00,21,2.23,40,2310.31,103.52,15,1,6562,3.02,,,7日間のクリックまたは1日間のビュー
2026-08-16,2026-08-16,リターゲティング,サイト訪問_30日,RT_動的_閲覧商品,2026-08-16,1,actions:offsite_conversion.fb_pixel_purchase,965,1.14,1103,2342,2342.00,22,1.99,39,2123.30,106.45,19,1,8496,3.63,,,7日間のクリックまたは1日間のビュー
2026-08-17,2026-08-17,リターゲティング,サイト訪問_30日,RT_動的_閲覧商品,2026-08-17,,actions:offsite_conversion.fb_pixel_purchase,707,1.25,883,2147,,17,1.93,31,2431.48,126.29,14,,,,,,7日間のクリックまたは1日間のビュー
2026-08-18,2026-08-18,リターゲティング,サイト訪問_30日,RT_動的_閲覧商品,2026-08-18,1,actions:offsite_conversion.fb_pixel_purchase,904,1.14,1030,2119,2119.00,24,2.33,44,2057.28,88.29,20,1,8873,4.19,,,7日間のクリックまたは1日間のビュー
2026-08-19,2026-08-19,リターゲティング,サイト訪問_30日,RT_動的_閲覧商品,2026-08-19,,actions:offsite_conversion.fb_pixel_purchase,855,1.15,979,2272,,19,1.94,32,2320.74,119.58,16,,,,,,7日間のクリックまたは1日間のビュー
2026-08-20,2026-08-20,リターゲティング,サイト訪問_30日,RT_動的_閲覧商品,2026-08-20,1,actions:offsite_conversion.fb_pixel_purchase,823,1.09,897,2072,2072.00,19,2.12,32,2309.92,109.05,16,1,8790,4.24,,,7日間のクリックまたは1日間のビュー
2026-08-21,2026-08-21,リターゲティング,サイト訪問_30日,RT_動的_閲覧商品,2026-08-21,1,actions:offsite_conversion.fb_pixel_purchase,940,1.22,1148,2374,2374.00,24,2.09,42,2067.94,98.92,19,1,6972,2.94,,,7日間のクリックまたは1日間のビュー
2026-08-22,2026-08-22,リターゲティング,サイト訪問_30日,RT_動的_閲覧商品,2026-08-22,1,actions:offsite_conversion.fb_pixel_purchase,1039,1.13,1177,2461,2461.00,26,2.21,48,2090.91,94.65,20,1,8504,3.46,,,7日間のクリックまたは1日間のビュー
2026-08-23,2026-08-23,リターゲティング,サイト訪問_30日,RT_動的_閲覧商品,2026-08-23,,actions:offsite_conversion.fb_pixel_purchase,750,1.19,894,2112,,19,2.13,31,2362.42,111.16,14,,,,,,7日間のクリックまたは1日間のビュー
2026-08-24,2026-08-24,リターゲティング,サイト訪問_30日,RT_動的_閲覧商品,2026-08-24,,actions:offsite_conversion.fb_pixel_purchase,575,1.22,704,1613,,14,1.99,27,2291.19,115.21,10,,,,,,7日間のクリックまたは1日間のビュー
2026-08-25,2026-08-25,リターゲティング,サイト訪問_30日,RT_動的_閲覧商品,2026-08-25,1,actions:offsite_conversion.fb_pixel_purchase,677,1.08,728,1737,1737.00,17,2.34,30,2385.99,102.18,15,1,8688,5.00,,,7日間のクリックまたは1日間のビュー
2026-08-26,2026-08-26,リターゲティング,サイト訪問_30日,RT_動的_閲覧商品,2026-08-26,1,actions:offsite_conversion.fb_pixel_purchase,676,1.06,717,1686,1686.00,13,1.81,25,2351.46,129.69,10,1,8592,5.10,,,7日間のクリックまたは1日間のビュー
2026-08-27,2026-08-27,リターゲティング,サイト訪問_30日,RT_動的_閲覧商品,2026-08-27,,actions:offsite_conversion.fb_pixel_purchase,782,1.24,969,2067,,17,1.75,29,2133.13,121.59,13,,,,,,7日間のクリックまたは1日間のビュー
2026-08-28,2026-08-28,リターゲティング,サイト訪問_30日,RT_動的_閲覧商品,2026-08-28,1,actions:offsite_conversion.fb_pixel_purchase,922,1.06,981,2421,2421.00,22,2.24,38,2467.89,110.05,18,1,6299,2.60,,,7日間のクリックまたは1日間のビュー
2026-08-29,2026-08-29,リターゲティング,サイト訪問_30日,RT_動的_閲覧商品,2026-08-29,1,actions:offsite_conversion.fb_pixel_purchase,807,1.16,940,2212,2212.00,17,1.81,31,2353.19,130.12,12,1,6440,2.91,,,7日間のクリックまたは1日間のビュー
2026-08-30,2026-08-30,リターゲティング,サイト訪問_30日,RT_動的_閲覧商品,2026-08-30,1,actions:offsite_conversion.fb_pixel_purchase,867,1.07,932,2013,2013.00,18,1.93,31,2159.87,111.83,13,1,8561,4.25,,,7日間のクリックまたは1日間のビュー
2026-08-31,2026-08-31,リターゲティング,サイト訪問_30日,RT_動的_閲覧商品,2026-08-31,1,actions:offsite_conversion.fb_pixel_purchase,726,1.19,865,1755,1755.00,20,2.31,39,2028.90,87.75,17,1,7105,4.05,,,7日間のクリックまたは1日間のビュー
2026-08-01,2026-08-01,リターゲティング,サイト訪問_30日,RT_レビュー動画,2026-08-01,,actions:offsite_conversion.fb_pixel_purchase,792,1.10,870,2137,,11,1.26,20,2456.32,194.27,9,,,,228,69,7日間のクリックまたは1日間のビュー
2026-08-02,2026-08-02,リターゲティング,サイト訪問_30日,RT_レビュー動画,2026-08-02,,actions:offsite_conversion.fb_pixel_purchase,1021,1.08,1106,2403,,11,0.99,18,2172.69,218.45,9,,,,241,88,7日間のクリックまたは1日間のビュー
2026-08-03,2026-08-03,リターゲティング,サイト訪問_30日,RT_レビュー動画,2026-08-03,1,actions:offsite_conversion.fb_pixel_purchase,657,1.24,812,1876,1876.00,11,1.35,18,2310.34,170.55,8,1,8738,4.66,177,69,7日間のクリックまたは1日間のビュー
2026-08-04,2026-08-04,リターゲティング,サイト訪問_30日,RT_レビュー動画,2026-08-04,,actions:offsite_conversion.fb_pixel_purchase,643,1.13,727,1698,,10,1.38,18,2335.63,169.80,8,,,,182,61,7日間のクリックまたは1日間のビュー
2026-08-05,2026-08-05,リターゲティング,サイト訪問_30日,RT_レビュー動画,2026-08-05,1,actions:offsite_conversion.fb_pixel_purchase,825,1.16,955,1944,1944.00,13,1.36,25,2035.60,149.54,10,1,8575,4.41,232,66,7日間のクリックまたは1日間のビュー
2026-08-06,2026-08-06,リターゲティング,サイト訪問_30日,RT_レビュー動画,2026-08-06,,actions:offsite_conversion.fb_pixel_purchase,834,1.17,975,2157,,10,1.03,16,2212.31,215.70,8,,,,212,59,7日間のクリックまたは1日間のビュー
2026-08-07,2026-08-07,リターゲティング,サイト訪問_30日,RT_レビュー動画,2026-08-07,,actions:offsite_conversion.fb_pixel_purchase,864,1.12,969,2254,,10,1.03,19,2326.11,225.40,8,,,,247,65,7日間のクリックまたは1日間のビュー
2026-08-08,2026-08-08,リターゲティング,サイト訪問_30日,RT_レビュー動画,2026-08-08,,actions:offsite_conversion.fb_pixel_purchase,746,1.15,857,1899,,11,1.28,21,2215.87,172.64,8,,,,202,69,7日間のクリックまたは1日間のビュー
2026-08-09,2026-08-09,リターゲティング,サイト訪問_30日,RT_レビュー動画,2026-08-09,,actions:offsite_conversion.fb_pixel_purchase,747,1.08,806,1940,,8,0.99,15,2406.95,242.50,6,,,,224,54,7日間のクリックまたは1日間のビュー
2026-08-10,2026-08-10,リターゲティング,サイト訪問_30日,RT_レビュー動画,2026-08-10,,actions:offsite_conversion.fb_pixel_purchase,888,1.08,959,2104,,11,1.15,20,2193.95,191.27,9,,,,225,74,7日間のクリックまたは1日間のビュー
2026-08-11,2026-08-11,リターゲティング,サイト訪問_30日,RT_レビュー動画,2026-08-11,,actions:offsite_conversion.fb_pixel_purchase,688,1.22,836,1890,,9,1.08,16,2260.77,210.00,7,,,,171,72,7日間のクリックまたは1日間のビュー
2026-08-12,2026-08-12,リターゲティング,サイト訪問_30日,RT_レビュー動画,2026-08-12,,actions:offsite_conversion.fb_pixel_purchase,831,1.09,905,2058,,11,1.22,19,2274.03,187.09,8,,,,193,60,7日間のクリックまたは1日間のビュー
2026-08-13,2026-08-13,リターゲティング,サイト訪問_30日,RT_レビュー動画,2026-08-13,,actions:offsite_conversion.fb_pixel_purchase,666,1.15,765,1570,,8,1.05,13,2052.29,196.25,7,,,,158,47,7日間のクリックまたは1日間のビュー
2026-08-14,2026-08-14,リターゲティング,サイト訪問_30日,RT_レビュー動画,2026-08-14,1,actions:offsite_conversion.fb_pixel_purchase,699,1.21,849,2056,2056.00,9,1.06,15,2421.67,228.44,7,1,7012,3.41,243,84,7日間のクリックまたは1日間のビュー
2026-08-15,2026-08-15,リターゲティング,サイト訪問_30日,RT_レビュー動画,2026-08-15,,actions:offsite_conversion.fb_pixel_purchase,990,1.12,1105,2395,,9,0.81,17,2167.42,266.11,7,,,,282,85,7日間のクリックまたは1日間のビュー
2026-08-16,2026-08-16,リターゲティング,サイト訪問_30日,RT_レビュー動画,2026-08-16,,actions:offsite_conversion.fb_pixel_purchase,825,1.14,937,2117,,9,0.96,15,2259.34,235.22,8,,,,217,62,7日間のクリックまたは1日間のビュー
2026-08-17,2026-08-17,リターゲティング,サイト訪問_30日,RT_レビュー動画,2026-08-17,,actions:offsite_conversion.fb_pixel_purchase,682,1.22,831,2035,,8,0.96,16,2448.86,254.38,6,,,,223,65,7日間のクリックまたは1日間のビュー
2026-08-18,2026-08-18,リターゲティング,サイト訪問_30日,RT_レビュー動画,2026-08-18,1,actions:offsite_conversion.fb_pixel_purchase,694,1.23,857,1857,1857.00,10,1.17,18,2166.86,185.70,9,1,7960,4.29,242,57,7日間のクリックまたは1日間のビュー
2026-08-19,2026-08-19,リターゲティング,サイト訪問_30日,RT_レビュー動画,2026-08-19,,actions:offsite_conversion.fb_pixel_purchase,855,1.25,1067,2316,,12,1.12,20,2170.57,193.00,9,,,,246,75,7日間のクリックまたは1日間のビュー
2026-08-20,2026-08-20,リターゲティング,サイト訪問_30日,RT_レビュー動画,2026-08-20,1,actions:offsite_conversion.fb_pixel_purchase,990,1.12,1109,2329,2329.00,10,0.90,17,2100.09,232.90,7,1,6909,2.97,264,76,7日間のクリックまたは1日間のビュー
2026-08-21,2026-08-21,リターゲティング,サイト訪問_30日,RT_レビュー動画,2026-08-21,,actions:offsite_conversion.fb_pixel_purchase,683,1.22,830,1860,,8,0.96,14,2240.96,232.50,6,,,,221,68,7日間のクリックまたは1日間のビュー
2026-08-22,2026-08-22,リターゲティング,サイト訪問_30日,RT_レビュー動画,2026-08-22,,actions:offsite_conversion.fb_pixel_purchase,668,1.20,802,1821,,8,1.00,13,2270.57,227.62,7,,,,219,76,7日間のクリックまたは1日間のビュー
2026-08-23,2026-08-23,リターゲティング,サイト訪問_30日,RT_レビュー動画,2026-08-23,,actions:offsite_conversion.fb_pixel_purchase,755,1.11,835,1960,,7,0.84,14,2347.31,280.00,6,,,,230,63,7日間のクリックまたは1日間のビュー
2026-08-24,2026-08-24,リターゲティング,サイト訪問_30日,RT_レビュー動画,2026-08-24,,actions:offsite_conversion.fb_pixel_purchase,737,1.18,870,1767,,6,0.69,11,2031.03,294.50,5,,,,208,56,7日間のクリックまたは1日間のビュー
2026-08-25,2026-08-25,リターゲティング,サイト訪問_30日,RT_レビュー動画,2026-08-25,,actions:offsite_conversion.fb_pixel_purchase,741,1.22,901,2141,,9,1.00,18,2376.25,237.89,7,,,,188,85,7日間のクリックまたは1日間のビュー
2026-08-26,2026-08-26,リターゲティング,サイト訪問_30日,RT_レビュー動画,2026-08-26,,actions:offsite_conversion.fb_pixel_purchase,837,1.23,1031,2273,,8,0.78,16,2204.66,284.12,6,,,,309,93,7日間のクリックまたは1日間のビュー
2026-08-27,2026-08-27,リターゲティング,サイト訪問_30日,RT_レビュー動画,2026-08-27,1,actions:offsite_conversion.fb_pixel_purchase,609,1.21,736,1669,1669.00,5,0.68,9,2267.66,333.80,4,1,7226,4.33,173,72,7日間のクリックまたは1日間のビュー
2026-08-28,2026-08-28,リターゲティング,サイト訪問_30日,RT_レビュー動画,2026-08-28,,actions:offsite_conversion.fb_pixel_purchase,936,1.20,1123,2417,,8,0.71,14,2152.27,302.12,6,,,,242,90,7日間のクリックまたは1日間のビュー
2026-08-29,2026-08-29,リターゲティング,サイト訪問_30日,RT_レビュー動画,2026-08-29,,actions:offsite_conversion.fb_pixel_purchase,975,1.16,1130,2329,,8,0.71,14,2061.06,291.12,6,,,,327,110,7日間のクリックまたは1日間のビュー
2026-08-30,2026-08-30,リターゲティング,サイト訪問_30日,RT_レビュー動画,2026-08-30,,actions:offsite_conversion.fb_pixel_purchase,716,1.19,854,1786,,7,0.82,13,2091.33,255.14,5,,,,200,81,7日間のクリックまたは1日間のビュー
2026-08-31,2026-08-31,リターゲティング,サイト訪問_30日,RT_レビュー動画,2026-08-31,,actions:offsite_conversion.fb_pixel_purchase,565,1.24,698,1683,,6,0.86,10,2411.17,280.50,5,,,,163,60,7日間のクリックまたは1日間のビュー
2026-08-01,2026-08-01,リターゲティング,既存顧客_リピート,RT_クーポン訴求,2026-08-01,2,actions:offsite_conversion.fb_pixel_purchase,959,1.15,1102,2275,1137.50,21,1.91,35,2064.43,108.33,16,2,17053,7.50,,,7日間のクリックまたは1日間のビュー
2026-08-02,2026-08-02,リターゲティング,既存顧客_リピート,RT_クーポン訴求,2026-08-02,1,actions:offsite_conversion.fb_pixel_purchase,832,1.06,879,2079,2079.00,15,1.71,25,2365.19,138.60,13,1,8681,4.18,,,7日間のクリックまたは1日間のビュー
2026-08-03,2026-08-03,リターゲティング,既存顧客_リピート,RT_クーポン訴求,2026-08-03,1,actions:offsite_conversion.fb_pixel_purchase,519,1.13,584,1444,1444.00,9,1.54,15,2472.60,160.44,8,1,6851,4.74,,,7日間のクリックまたは1日間のビュー
2026-08-04,2026-08-04,リターゲティング,既存顧客_リピート,RT_クーポン訴求,2026-08-04,1,actions:offsite_conversion.fb_pixel_purchase,764,1.21,924,1914,1914.00,14,1.52,23,2071.43,136.71,11,1,7682,4.01,,,7日間のクリックまたは1日間のビュー
2026-08-05,2026-08-05,リターゲティング,既存顧客_リピート,RT_クーポン訴求,2026-08-05,1,actions:offsite_conversion.fb_pixel_purchase,765,1.23,943,2059,2059.00,13,1.38,23,2183.46,158.38,9,1,6471,3.14,,,7日間のクリックまたは1日間のビュー
2026-08-06,2026-08-06,リターゲティング,既存顧客_リピート,RT_クーポン訴求,2026-08-06,1,actions:offsite_conversion.fb_pixel_purchase,851,1.10,933,2014,2014.00,16,1.71,31,2158.63,125.88,14,1,7107,3.53,,,7日間のクリックまたは1日間のビュー
2026-08-07,2026-08-07,リターゲティング,既存顧客_リピート,RT_クーポン訴求,2026-08-07,,actions:offsite_conversion.fb_pixel_purchase,843,1.21,1018,2074,,14,1.38,27,2037.33,148.14,12,,,,,,7日間のクリックまたは1日間のビュー
2026-08-08,2026-08-08,リターゲティング,既存顧客_リピート,RT_クーポン訴求,2026-08-08,1,actions:offsite_conversion.fb_pixel_purchase,964,1.13,1085,2252,2252.00,15,1.38,29,2075.58,150.13,11,1,8438,3.75,,,7日間のクリックまたは1日間のビュー
2026-08-09,2026-08-09,リターゲティング,既存顧客_リピート,RT_クーポン訴求,2026-08-09,1,actions:offsite_conversion.fb_pixel_purchase,750,1.25,935,1912,1912.00,18,1.93,30,2044.92,106.22,13,1,7035,3.68,,,7日間のクリックまたは1日間のビュー
2026-08-10,2026-08-10,リターゲティング,既存顧客_リピート,RT_クーポン訴求,2026-08-10,1,actions:offsite_conversion.fb_pixel_purchase,592,1.12,662,1449,1449.00,11,1.66,19,2188.82,131.73,8,1,6408,4.42,,,7日間のクリックまたは1日間のビュー
2026-08-11,2026-08-11,リターゲティング,既存顧客_リピート,RT_クーポン訴求,2026-08-11,,actions:offsite_conversion.fb_pixel_purchase,519,1.20,621,1447,,9,1.45,15,2330.11,160.78,8,,,,,,7日間のクリックまたは1日間のビュー
2026-08-12,2026-08-12,リターゲティング,既存顧客_リピート,RT_クーポン訴求,2026-08-12,1,actions:offsite_conversion.fb_pixel_purchase,734,1.12,825,1735,1735.00,13,1.58,23,2103.03,133.46,11,1,8485,4.89,,,7日間のクリックまたは1日間のビュー
2026-08-13,2026-08-13,リターゲティング,既存顧客_リピート,RT_クーポン訴求,2026-08-13,1,actions:offsite_conversion.fb_pixel_purchase,591,1.16,687,1480,1480.00,11,1.60,21,2154.29,134.55,8,1,6740,4.55,,,7日間のクリックまたは1日間のビュー
2026-08-14,2026-08-14,リターゲティング,既存顧客_リピート,RT_クーポン訴求,2026-08-14,1,actions:offsite_conversion.fb_pixel_purchase,707,1.09,773,1710,1710.00,15,1.94,26,2212.16,114.00,13,1,7313,4.28,,,7日間のクリックまたは1日間のビュー
2026-08-15,2026-08-15,リターゲティング,既存顧客_リピート,RT_クーポン訴求,2026-08-15,1,actions:offsite_conversion.fb_pixel_purchase,643,1.16,743,1582,1582.00,14,1.88,23,2129.21,113.00,10,1,6543,4.14,,,7日間のクリックまたは1日間のビュー
2026-08-16,2026-08-16,リターゲティング,既存顧客_リピート,RT_クーポン訴求,2026-08-16,,actions:offsite_conversion.fb_pixel_purchase,787,1.18,929,2162,,13,1.40,22,2327.23,166.31,10,,,,,,7日間のクリックまたは1日間のビュー
2026-08-17,2026-08-17,リターゲティング,既存顧客_リピート,RT_クーポン訴求,2026-08-17,1,actions:offsite_conversion.fb_pixel_purchase,599,1.16,695,1671,1671.00,13,1.87,25,2404.32,128.54,11,1,8609,5.15,,,7日間のクリックまたは1日間のビュー
2026-08-18,2026-08-18,リターゲティング,既存顧客_リピート,RT_クーポン訴求,2026-08-18,1,actions:offsite_conversion.fb_pixel_purchase,760,1.15,877,1994,1994.00,13,1.48,23,2273.66,153.38,10,1,8420,4.22,,,7日間のクリックまたは1日間のビュー
2026-08-19,2026-08-19,リターゲティング,既存顧客_リピート,RT_クーポン訴求,2026-08-19,1,actions:offsite_conversion.fb_pixel_purchase,743,1.19,882,2073,2073.00,16,1.81,28,2350.34,129.56,14,1,8802,4.25,,,7日間のクリックまたは1日間のビュー
2026-08-20,2026-08-20,リターゲティング,既存顧客_リピート,RT_クーポン訴求,2026-08-20,1,actions:offsite_conversion.fb_pixel_purchase,692,1.12,775,1602,1602.00,13,1.68,23,2067.10,123.23,10,1,6783,4.23,,,7日間のクリックまたは1日間のビュー
2026-08-21,2026-08-21,リターゲティング,既存顧客_リピート,RT_クーポン訴求,2026-08-21,1,actions:offsite_conversion.fb_pixel_purchase,667,1.13,753,1748,1748.00,13,1.73,21,2321.38,134.46,10,1,8624,4.93,,,7日間のクリックまたは1日間のビュー
2026-08-22,2026-08-22,リターゲティング,既存顧客_リピート,RT_クーポン訴求,2026-08-22,1,actions:offsite_conversion.fb_pixel_purchase,705,1.19,840,1916,1916.00,12,1.43,23,2280.95,159.67,9,1,6381,3.33,,,7日間のクリックまたは1日間のビュー
2026-08-23,2026-08-23,リターゲティング,既存顧客_リピート,RT_クーポン訴求,2026-08-23,1,actions:offsite_conversion.fb_pixel_purchase,779,1.07,831,1869,1869.00,13,1.56,22,2249.10,143.77,11,1,8283,4.43,,,7日間のクリックまたは1日間のビュー
2026-08-24,2026-08-24,リターゲティング,既存顧客_リピート,RT_クーポン訴求,2026-08-24,1,actions:offsite_conversion.fb_pixel_purchase,686,1.16,793,1748,1748.00,15,1.89,30,2204.29,116.53,13,1,6693,3.83,,,7日間のクリックまたは1日間のビュー
2026-08-25,2026-08-25,リターゲティング,既存顧客_リピート,RT_クーポン訴求,2026-08-25,1,actions:offsite_conversion.fb_pixel_purchase,530,1.10,585,1428,1428.00,9,1.54,17,2441.03,158.67,7,1,7346,5.14,,,7日間のクリックまたは1日間のビュー
2026-08-26,2026-08-26,リターゲティング,既存顧客_リピート,RT_クーポン訴求,2026-08-26,1,actions:offsite_conversion.fb_pixel_purchase,893,1.06,950,1995,1995.00,15,1.58,26,2100.00,133.00,12,1,8869,4.45,,,7日間のクリックまたは1日間のビュー
2026-08-27,2026-08-27,リターゲティング,既存顧客_リピート,RT_クーポン訴求,2026-08-27,1,actions:offsite_conversion.fb_pixel_purchase,816,1.20,979,1991,1991.00,16,1.63,29,2033.71,124.44,13,1,7844,3.94,,,7日間のクリックまたは1日間のビュー
2026-08-28,2026-08-28,リターゲティング,既存顧客_リピート,RT_クーポン訴求,2026-08-28,1,actions:offsite_conversion.fb_pixel_purchase,792,1.13,897,2166,2166.00,17,1.90,32,2414.72,127.41,14,1,8551,3.95,,,7日間のクリックまたは1日間のビュー
2026-08-29,2026-08-29,リターゲティング,既存顧客_リピート,RT_クーポン訴求,2026-08-29,1,actions:offsite_conversion.fb_pixel_purchase,699,1.05,736,1697,1697.00,12,1.63,22,2305.71,141.42,9,1,7459,4.40,,,7日間のクリックまたは1日間のビュー
2026-08-30,2026-08-30,リターゲティング,既存顧客_リピート,RT_クーポン訴求,2026-08-30,1,actions:offsite_conversion.fb_pixel_purchase,791,1.06,839,2021,2021.00,12,1.43,22,2408.82,168.42,9,1,7627,3.77,,,7日間のクリックまたは1日間のビュー
2026-08-31,2026-08-31,リターゲティング,既存顧客_リピート,RT_クーポン訴求,2026-08-31,1,actions:offsite_conversion.fb_pixel_purchase,670,1.07,717,1502,1502.00,12,1.67,22,2094.84,125.17,9,1,8765,5.84,,,7日間のクリックまたは1日間のビュー
2026-08-01,2026-08-01,リターゲティング,既存顧客_リピート,RT_動的_閲覧商品,2026-08-01,1,actions:offsite_conversion.fb_pixel_purchase,738,1.10,814,1694,1694.00,16,1.97,30,2081.08,105.88,14,1,6508,3.84,,,7日間のクリックまたは1日間のビュー
2026-08-02,2026-08-02,リターゲティング,既存顧客_リピート,RT_動的_閲覧商品,2026-08-02,,actions:offsite_conversion.fb_pixel_purchase,773,1.08,831,2025,,16,1.93,27,2436.82,126.56,13,,,,,,7日間のクリックまたは1日間のビュー
2026-08-03,2026-08-03,リターゲティング,既存顧客_リピート,RT_動的_閲覧商品,2026-08-03,,actions:offsite_conversion.fb_pixel_purchase,669,1.19,797,1666,,17,2.13,30,2090.34,98.00,15,,,,,,7日間のクリックまたは1日間のビュー
2026-08-04,2026-08-04,リターゲティング,既存顧客_リピート,RT_動的_閲覧商品,2026-08-04,1,actions:offsite_conversion.fb_pixel_purchase,622,1.14,711,1631,1631.00,11,1.55,18,2293.95,148.27,9,1,8676,5.32,,,7日間のクリックまたは1日間のビュー
2026-08-05,2026-08-05,リターゲティング,既存顧客_リピート,RT_動的_閲覧商品,2026-08-05,1,actions:offsite_conversion.fb_pixel_purchase,685,1.24,851,1724,1724.00,16,1.88,28,2025.85,107.75,12,1,8344,4.84,,,7日間のクリックまたは1日間のビュー
2026-08-06,2026-08-06,リターゲティング,既存顧客_リピート,RT_動的_閲覧商品,2026-08-06,1,actions:offsite_conversion.fb_pixel_purchase,711,1.19,847,1755,1755.00,18,2.13,33,2072.02,97.50,13,1,8245,4.70,,,7日間のクリックまたは1日間のビュー
2026-08-07,2026-08-07,リターゲティング,既存顧客_リピート,RT_動的_閲覧商品,2026-08-07,1,actions:offsite_conversion.fb_pixel_purchase,906,1.15,1046,2180,2180.00,20,1.91,35,2084.13,109.00,17,1,8100,3.72,,,7日間のクリックまたは1日間のビュー
2026-08-08,2026-08-08,リターゲティング,既存顧客_リピート,RT_動的_閲覧商品,2026-08-08,1,actions:offsite_conversion.fb_pixel_purchase,863,1.17,1006,2310,2310.00,16,1.59,30,2296.22,144.38,12,1,7990,3.46,,,7日間のクリックまたは1日間のビュー
2026-08-09,2026-08-09,リターゲティング,既存顧客_リピート,RT_動的_閲覧商品,2026-08-09,2,actions:offsite_conversion.fb_pixel_purchase,862,1.11,957,1958,979.00,21,2.19,34,2045.98,93.24,17,2,17672,9.03,,,7日間のクリックまたは1日間のビュー
2026-08-10,2026-08-10,リターゲティング,既存顧客_リピート,RT_動的_閲覧商品,2026-08-10,,actions:offsite_conversion.fb_pixel_purchase,622,1.17,727,1615,,11,1.51,20,2221.46,146.82,8,,,,,,7日間のクリックまたは1日間のビュー
2026-08-11,2026-08-11,リターゲティング,既存顧客_リピート,RT_動的_閲覧商品,2026-08-11,,actions:offsite_conversion.fb_pixel_purchase,804,1.11,895,1974,,15,1.68,29,2205.59,131.60,11,,,,,,7日間のクリックまたは1日間のビュー
2026-08-12,2026-08-12,リターゲティング,既存顧客_リピート,RT_動的_閲覧商品,2026-08-12,,actions:offsite_conversion.fb_pixel_purchase,610,1.12,682,1571,,15,2.20,30,2303.52,104.73,13,,,,,,7日間のクリックまたは1日間のビュー
2026-08-13,2026-08-13,リターゲティング,既存顧客_リピート,RT_動的_閲覧商品,2026-08-13,,actions:offsite_conversion.fb_pixel_purchase,541,1.16,628,1470,,10,1.59,20,2340.76,147.00,7,,,,,,7日間のクリックまたは1日間のビュー
2026-08-14,2026-08-14,リターゲティング,既存顧客_リピート,RT_動的_閲覧商品,2026-08-14,1,actions:offsite_conversion.fb_pixel_purchase,655,1.14,746,1748,1748.00,14,1.88,24,2343.16,124.86,12,1,7511,4.30,,,7日間のクリックまたは1日間のビュー
2026-08-15,2026-08-15,リターゲティング,既存顧客_リピート,RT_動的_閲覧商品,2026-08-15,1,actions:offsite_conversion.fb_pixel_purchase,756,1.10,833,1938,1938.00,16,1.92,32,2326.53,121.12,12,1,7017,3.62,,,7日間のクリックまたは1日間のビュー
2026-08-16,2026-08-16,リターゲティング,既存顧客_リピート,RT_動的_閲覧商品,2026-08-16,1,actions:offsite_conversion.fb_pixel_purchase,709,1.14,811,1780,1780.00,14,1.73,25,2194.82,127.14,10,1,7499,4.21,,,7日間のクリックまたは1日間のビュー
2026-08-17,2026-08-17,リターゲティング,既存顧客_リピート,RT_動的_閲覧商品,2026-08-17,1,actions:offsite_conversion.fb_pixel_purchase,531,1.14,606,1391,1391.00,11,1.82,18,2295.38,126.45,9,1,8751,6.29,,,7日間のクリックまたは1日間のビュー
2026-08-18,2026-08-18,リターゲティング,既存顧客_リピート,RT_動的_閲覧商品,2026-08-18,1,actions:offsite_conversion.fb_pixel_purchase,588,1.22,717,1522,1522.00,16,2.23,31,2122.73,95.12,13,1,6542,4.30,,,7日間のクリックまたは1日間のビュー
2026-08-19,2026-08-19,リターゲティング,既存顧客_リピート,RT_動的_閲覧商品,2026-08-19,1,actions:offsite_conversion.fb_pixel_purchase,694,1.07,744,1599,1599.00,16,2.15,28,2149.19,99.94,13,1,6974,4.36,,,7日間のクリックまたは1日間のビュー
2026-08-20,2026-08-20,リターゲティング,既存顧客_リピート,RT_動的_閲覧商品,2026-08-20,,actions:offsite_conversion.fb_pixel_purchase,600,1.13,679,1468,,11,1.62,18,2162.00,133.45,9,,,,,,7日間のクリックまたは1日間のビュー
2026-08-21,2026-08-21,リターゲティング,既存顧客_リピート,RT_動的_閲覧商品,2026-08-21,1,actions:offsite_conversion.fb_pixel_purchase,826,1.06,879,1908,1908.00,17,1.93,32,2170.65,112.24,14,1,7423,3.89,,,7日間のクリックまたは1日間のビュー
2026-08-22,2026-08-22,リターゲティング,既存顧客_リピート,RT_動的_閲覧商品,2026-08-22,,actions:offsite_conversion.fb_pixel_purchase,851,1.10,938,1914,,15,1.60,26,2040.51,127.60,13,,,,,,7日間のクリックまたは1日間のビュー
2026-08-23,2026-08-23,リターゲティング,既存顧客_リピート,RT_動的_閲覧商品,2026-08-23,1,actions:offsite_conversion.fb_pixel_purchase,836,1.11,929,2244,2244.00,21,2.26,35,2415.50,106.86,18,1,6966,3.10,,,7日間のクリックまたは1日間のビュー
2026-08-24,2026-08-24,リターゲティング,既存顧客_リピート,RT_動的_閲覧商品,2026-08-24,1,actions:offsite_conversion.fb_pixel_purchase,692,1.24,859,1953,1953.00,17,1.98,29,2273.57,114.88,13,1,6594,3.38,,,7日間のクリックまたは1日間のビュー
2026-08-25,2026-08-25,リターゲティング,既存顧客_リピート,RT_動的_閲覧商品,2026-08-25,1,actions:offsite_conversion.fb_pixel_purchase,654,1.15,751,1643,1643.00,12,1.60,24,2187.75,136.92,9,1,8774,5.34,,,7日間のクリックまたは1日間のビュー
2026-08-26,2026-08-26,リターゲティング,既存顧客_リピート,RT_動的_閲覧商品,2026-08-26,,actions:offsite_conversion.fb_pixel_purchase,510,1.25,637,1460,,13,2.04,23,2291.99,112.31,11,,,,,,7日間のクリックまたは1日間のビュー
2026-08-27,2026-08-27,リターゲティング,既存顧客_リピート,RT_動的_閲覧商品,2026-08-27,1,actions:offsite_conversion.fb_pixel_purchase,660,1.17,774,1741,1741.00,14,1.81,28,2249.35,124.36,11,1,6562,3.77,,,7日間のクリックまたは1日間のビュー
2026-08-28,2026-08-28,リターゲティング,既存顧客_リピート,RT_動的_閲覧商品,2026-08-28,,actions:offsite_conversion.fb_pixel_purchase,649,1.25,810,1800,,13,1.60,23,2222.22,138.46,10,,,,,,7日間のクリックまたは1日間のビュー
2026-08-29,2026-08-29,リターゲティング,既存顧客_リピート,RT_動的_閲覧商品,2026-08-29,,actions:offsite_conversion.fb_pixel_purchase,740,1.16,861,2119,,15,1.74,26,2461.09,141.27,13,,,,,,7日間のクリックまたは1日間のビュー
2026-08-30,2026-08-30,リターゲティング,既存顧客_リピート,RT_動的_閲覧商品,2026-08-30,1,actions:offsite_conversion.fb_pixel_purchase,846,1.06,893,2202,2202.00,18,2.02,35,2465.85,122.33,13,1,6458,2.93,,,7日間のクリックまたは1日間のビュー
2026-08-31,2026-08-31,リターゲティング,既存顧客_リピート,RT_動的_閲覧商品,2026-08-31,1,actions:offsite_conversion.fb_pixel_purchase,722,1.20,870,1954,1954.00,17,1.95,29,2245.98,114.94,14,1,8194,4.19,,,7日間のクリックまたは1日間のビュー
2026-08-01,2026-08-01,リターゲティング,既存顧客_リピート,RT_レビュー動画,2026-08-01,1,actions:offsite_conversion.fb_pixel_purchase,785,1.21,947,2264,2264.00,15,1.58,25,2390.71,150.93,13,1,6895,3.05,282,63,7日間のクリックまたは1日間のビュー
2026-08-02,2026-08-02,リターゲティング,既存顧客_リピート,RT_レビュー動画,2026-08-02,1,actions:offsite_conversion.fb_pixel_purchase,641,1.19,764,1781,1781.00,9,1.18,17,2331.15,197.89,8,1,8443,4.74,223,64,7日間のクリックまたは1日間のビュー
2026-08-03,2026-08-03,リターゲティング,既存顧客_リピート,RT_レビュー動画,2026-08-03,,actions:offsite_conversion.fb_pixel_purchase,584,1.12,656,1480,,8,1.22,15,2256.10,185.00,7,,,,161,44,7日間のクリックまたは1日間のビュー
2026-08-04,2026-08-04,リターゲティング,既存顧客_リピート,RT_レビュー動画,2026-08-04,1,actions:offsite_conversion.fb_pixel_purchase,755,1.10,829,1738,1738.00,12,1.45,23,2096.50,144.83,9,1,8867,5.10,193,70,7日間のクリックまたは1日間のビュー
2026-08-05,2026-08-05,リターゲティング,既存顧客_リピート,RT_レビュー動画,2026-08-05,1,actions:offsite_conversion.fb_pixel_purchase,642,1.12,720,1700,1700.00,10,1.39,16,2361.11,170.00,8,1,8072,4.75,171,68,7日間のクリックまたは1日間のビュー
2026-08-06,2026-08-06,リターゲティング,既存顧客_リピート,RT_レビュー動画,2026-08-06,,actions:offsite_conversion.fb_pixel_purchase,641,1.24,798,1722,,10,1.25,18,2157.89,172.20,9,,,,238,77,7日間のクリックまたは1日間のビュー
2026-08-07,2026-08-07,リターゲティング,既存顧客_リピート,RT_レビュー動画,2026-08-07,1,actions:offsite_conversion.fb_pixel_purchase,811,1.23,997,2028,2028.00,13,1.30,26,2034.10,156.00,11,1,7826,3.86,219,82,7日間のクリックまたは1日間のビュー
2026-08-08,2026-08-08,リターゲティング,既存顧客_リピート,RT_レビュー動画,2026-08-08,1,actions:offsite_conversion.fb_pixel_purchase,742,1.07,796,1934,1934.00,9,1.13,17,2429.65,214.89,8,1,8539,4.42,180,64,7日間のクリックまたは1日間のビュー
2026-08-09,2026-08-09,リターゲティング,既存顧客_リピート,RT_レビュー動画,2026-08-09,1,actions:offsite_conversion.fb_pixel_purchase,888,1.11,986,2197,2197.00,14,1.42,27,2228.19,156.93,11,1,7344,3.34,220,83,7日間のクリックまたは1日間のビュー
2026-08-10,2026-08-10,リターゲティング,既存顧客_リピート,RT_レビュー動画,2026-08-10,1,actions:offsite_conversion.fb_pixel_purchase,613,1.12,684,1529,1529.00,8,1.17,16,2235.38,191.12,6,1,8865,5.80,189,63,7日間のクリックまたは1日間のビュー
2026-08-11,2026-08-11,リターゲティング,既存顧客_リピート,RT_レビュー動画,2026-08-11,,actions:offsite_conversion.fb_pixel_purchase,705,1.09,771,1786,,10,1.30,17,2316.47,178.60,8,,,,178,67,7日間のクリックまたは1日間のビュー
2026-08-12,2026-08-12,リターゲティング,既存顧客_リピート,RT_レビュー動画,2026-08-12,1,actions:offsite_conversion.fb_pixel_purchase,667,1.21,809,1771,1771.00,11,1.36,19,2189.12,161.00,9,1,6748,3.81,221,60,7日間のクリックまたは1日間のビュー
2026-08-13,2026-08-13,リターゲティング,既存顧客_リピート,RT_レビュー動画,2026-08-13,,actions:offsite_conversion.fb_pixel_purchase,540,1.19,643,1391,,9,1.40,16,2163.30,154.56,7,,,,161,46,7日間のクリックまたは1日間のビュー
2026-08-14,2026-08-14,リターゲティング,既存顧客_リピート,RT_レビュー動画,2026-08-14,,actions:offsite_conversion.fb_pixel_purchase,572,1.10,629,1512,,9,1.43,17,2403.82,168.00,7,,,,175,40,7日間のクリックまたは1日間のビュー
2026-08-15,2026-08-15,リターゲティング,既存顧客_リピート,RT_レビュー動画,2026-08-15,,actions:offsite_conversion.fb_pixel_purchase,836,1.14,954,2145,,13,1.36,24,2248.43,165.00,10,,,,254,85,7日間のクリックまたは1日間のビュー
2026-08-16,2026-08-16,リターゲティング,既存顧客_リピート,RT_レビュー動画,2026-08-16,,actions:offsite_conversion.fb_pixel_purchase,715,1.20,856,1971,,8,0.93,13,2302.57,246.38,6,,,,202,56,7日間のクリックまたは1日間のビュー
2026-08-17,2026-08-17,リターゲティング,既存顧客_リピート,RT_レビュー動画,2026-08-17,,actions:offsite_conversion.fb_pixel_purchase,675,1.10,743,1661,,10,1.35,18,2235.53,166.10,8,,,,187,74,7日間のクリックまたは1日間のビュー
2026-08-18,2026-08-18,リターゲティング,既存顧客_リピート,RT_レビュー動画,2026-08-18,,actions:offsite_conversion.fb_pixel_purchase,558,1.19,666,1585,,7,1.05,11,2379.88,226.43,5,,,,156,57,7日間のクリックまたは1日間のビュー
2026-08-19,2026-08-19,リターゲティング,既存顧客_リピート,RT_レビュー動画,2026-08-19,,actions:offsite_conversion.fb_pixel_purchase,626,1.11,695,1632,,8,1.15,15,2348.20,204.00,6,,,,148,43,7日間のクリックまたは1日間のビュー
2026-08-20,2026-08-20,リターゲティング,既存顧客_リピート,RT_レビュー動画,2026-08-20,,actions:offsite_conversion.fb_pixel_purchase,813,1.07,872,2051,,8,0.92,15,2352.06,256.38,6,,,,177,86,7日間のクリックまたは1日間のビュー
2026-08-21,2026-08-21,リターゲティング,既存顧客_リピート,RT_レビュー動画,2026-08-21,,actions:offsite_conversion.fb_pixel_purchase,760,1.14,870,2132,,10,1.15,17,2450.57,213.20,8,,,,182,55,7日間のクリックまたは1日間のビュー
2026-08-22,2026-08-22,リターゲティング,既存顧客_リピート,RT_レビュー動画,2026-08-22,,actions:offsite_conversion.fb_pixel_purchase,579,1.17,679,1657,,8,1.18,14,2440.35,207.12,6,,,,141,67,7日間のクリックまたは1日間のビュー
2026-08-23,2026-08-23,リターゲティング,既存顧客_リピート,RT_レビュー動画,2026-08-23,1,actions:offsite_conversion.fb_pixel_purchase,869,1.08,938,2181,2181.00,9,0.96,17,2325.16,242.33,8,1,8385,3.84,193,85,7日間のクリックまたは1日間のビュー
2026-08-24,2026-08-24,リターゲティング,既存顧客_リピート,RT_レビュー動画,2026-08-24,1,actions:offsite_conversion.fb_pixel_purchase,684,1.05,720,1650,1650.00,7,0.97,11,2291.67,235.71,5,1,7841,4.75,195,54,7日間のクリックまたは1日間のビュー
2026-08-25,2026-08-25,リターゲティング,既存顧客_リピート,RT_レビュー動画,2026-08-25,,actions:offsite_conversion.fb_pixel_purchase,696,1.09,760,1659,,8,1.05,14,2182.89,207.38,6,,,,161,61,7日間のクリックまたは1日間のビュー
2026-08-26,2026-08-26,リターゲティング,既存顧客_リピート,RT_レビュー動画,2026-08-26,,actions:offsite_conversion.fb_pixel_purchase,665,1.10,732,1588,,7,0.96,14,2169.40,226.86,6,,,,191,52,7日間のクリックまたは1日間のビュー
2026-08-27,2026-08-27,リターゲティング,既存顧客_リピート,RT_レビュー動画,2026-08-27,,actions:offsite_conversion.fb_pixel_purchase,753,1.18,885,2009,,8,0.90,14,2270.06,251.12,6,,,,230,79,7日間のクリックまたは1日間のビュー
2026-08-28,2026-08-28,リターゲティング,既存顧客_リピート,RT_レビュー動画,2026-08-28,,actions:offsite_conversion.fb_pixel_purchase,700,1.13,790,1603,,9,1.14,17,2029.11,178.11,8,,,,165,75,7日間のクリックまたは1日間のビュー
2026-08-29,2026-08-29,リターゲティング,既存顧客_リピート,RT_レビュー動画,2026-08-29,,actions:offsite_conversion.fb_pixel_purchase,677,1.25,845,2023,,9,1.07,15,2394.08,224.78,8,,,,172,59,7日間のクリックまたは1日間のビュー
2026-08-30,2026-08-30,リターゲティング,既存顧客_リピート,RT_レビュー動画,2026-08-30,1,actions:offsite_conversion.fb_pixel_purchase,799,1.05,841,2062,2062.00,8,0.95,14,2451.84,257.75,6,1,6576,3.19,207,83,7日間のクリックまたは1日間のビュー
2026-08-31,2026-08-31,リターゲティング,既存顧客_リピート,RT_レビュー動画,2026-08-31,,actions:offsite_conversion.fb_pixel_purchase,702,1.21,852,1985,,8,0.94,16,2329.81,248.12,6,,,,172,84,7日間のクリックまたは1日間のビュー
2026-08-01,2026-08-01,認知_動画,ブロード_全国,認知_ブランド紹介30秒,2026-08-01,2636,reach,2636,1.07,2817,1815,0.69,11,0.39,18,644.30,165.00,9,,,,608,245,
2026-08-02,2026-08-02,認知_動画,ブロード_全国,認知_ブランド紹介30秒,2026-08-02,3029,reach,3029,1.08,3268,2155,0.71,11,0.34,21,659.42,195.91,9,,,,674,315,
2026-08-03,2026-08-03,認知_動画,ブロード_全国,認知_ブランド紹介30秒,2026-08-03,2843,reach,2843,1.13,3205,2073,0.73,15,0.47,25,646.80,138.20,12,,,,736,256,
2026-08-04,2026-08-04,認知_動画,ブロード_全国,認知_ブランド紹介30秒,2026-08-04,2584,reach,2584,1.07,2777,1699,0.66,10,0.36,17,611.81,169.90,8,,,,750,243,
2026-08-05,2026-08-05,認知_動画,ブロード_全国,認知_ブランド紹介30秒,2026-08-05,2697,reach,2697,1.16,3120,1990,0.74,14,0.45,27,637.82,142.14,11,,,,823,295,
2026-08-06,2026-08-06,認知_動画,ブロード_全国,認知_ブランド紹介30秒,2026-08-06,3670,reach,3670,1.05,3862,2192,0.60,15,0.39,30,567.58,146.13,11,,,,911,233,
2026-08-07,2026-08-07,認知_動画,ブロード_全国,認知_ブランド紹介30秒,2026-08-07,2751,reach,2751,1.10,3018,1816,0.66,15,0.50,28,601.72,121.07,13,,,,867,186,
2026-08-08,2026-08-08,認知_動画,ブロード_全国,認知_ブランド紹介30秒,2026-08-08,2884,reach,2884,1.19,3443,2160,0.75,13,0.38,21,627.36,166.15,10,,,,827,255,
2026-08-09,2026-08-09,認知_動画,ブロード_全国,認知_ブランド紹介30秒,2026-08-09,3077,reach,3077,1.06,3250,2118,0.69,16,0.49,31,651.69,132.38,14,,,,855,247,
2026-08-10,2026-08-10,認知_動画,ブロード_全国,認知_ブランド紹介30秒,2026-08-10,2963,reach,2963,1.21,3598,2188,0.74,17,0.47,31,608.12,128.71,14,,,,798,315,
2026-08-11,2026-08-11,認知_動画,ブロード_全国,認知_ブランド紹介30秒,2026-08-11,3031,reach,3031,1.14,3467,1994,0.66,13,0.37,24,575.14,153.38,11,,,,975,333,
2026-08-12,2026-08-12,認知_動画,ブロード_全国,認知_ブランド紹介30秒,2026-08-12,3037,reach,3037,1.13,3446,2100,0.69,16,0.46,28,609.40,131.25,12,,,,995,253,
2026-08-13,2026-08-13,認知_動画,ブロード_全国,認知_ブランド紹介30秒,2026-08-13,3148,reach,3148,1.14,3597,2209,0.70,12,0.33,21,614.12,184.08,9,,,,1012,245,
2026-08-14,2026-08-14,認知_動画,ブロード_全国,認知_ブランド紹介30秒,2026-08-14,3035,reach,3035,1.13,3437,1965,0.65,13,0.38,25,571.72,151.15,10,,,,955,238,
2026-08-15,2026-08-15,認知_動画,ブロード_全国,認知_ブランド紹介30秒,2026-08-15,3154,reach,3154,1.10,3465,2178,0.69,15,0.43,26,628.57,145.20,13,,,,705,229,
2026-08-16,2026-08-16,認知_動画,ブロード_全国,認知_ブランド紹介30秒,2026-08-16,2647,reach,2647,1.09,2888,1759,0.66,13,0.45,23,609.07,135.31,10,,,,776,214,
2026-08-17,2026-08-17,認知_動画,ブロード_全国,認知_ブランド紹介30秒,2026-08-17,2882,reach,2882,1.10,3168,2157,0.75,12,0.38,22,680.87,179.75,9,,,,814,201,
2026-08-18,2026-08-18,認知_動画,ブロード_全国,認知_ブランド紹介30秒,2026-08-18,2622,reach,2622,1.18,3102,1858,0.71,16,0.52,27,598.97,116.12,14,,,,883,234,
2026-08-19,2026-08-19,認知_動画,ブロード_全国,認知_ブランド紹介30秒,2026-08-19,2509,reach,2509,1.14,2857,1903,0.76,13,0.46,21,666.08,146.38,10,,,,810,262,
2026-08-20,2026-08-20,認知_動画,ブロード_全国,認知_ブランド紹介30秒,2026-08-20,2556,reach,2556,1.20,3065,2072,0.81,10,0.33,16,676.02,207.20,9,,,,675,232,
2026-08-21,2026-08-21,認知_動画,ブロード_全国,認知_ブランド紹介30秒,2026-08-21,3109,reach,3109,1.17,3622,2030,0.65,17,0.47,33,560.46,119.41,12,,,,775,343,
2026-08-22,2026-08-22,認知_動画,ブロード_全国,認知_ブランド紹介30秒,2026-08-22,2496,reach,2496,1.24,3086,1977,0.79,13,0.42,23,640.64,152.08,10,,,,783,191,
2026-08-23,2026-08-23,認知_動画,ブロード_全国,認知_ブランド紹介30秒,2026-08-23,3076,reach,3076,1.12,3443,2304,0.75,14,0.41,23,669.18,164.57,10,,,,833,250,
2026-08-24,2026-08-24,認知_動画,ブロード_全国,認知_ブランド紹介30秒,2026-08-24,2629,reach,2629,1.12,2956,2015,0.77,14,0.47,25,681.66,143.93,11,1,6700,3.33,690,198,
2026-08-25,2026-08-25,認知_動画,ブロード_全国,認知_ブランド紹介30秒,2026-08-25,2431,reach,2431,1.13,2752,1742,0.72,13,0.47,21,632.99,134.00,11,,,,803,241,
2026-08-26,2026-08-26,認知_動画,ブロード_全国,認知_ブランド紹介30秒,2026-08-26,2646,reach,2646,1.12,2969,1737,0.66,13,0.44,24,585.05,133.62,9,,,,831,213,
2026-08-27,2026-08-27,認知_動画,ブロード_全国,認知_ブランド紹介30秒,2026-08-27,2343,reach,2343,1.09,2563,1710,0.73,12,0.47,21,667.19,142.50,10,1,6124,3.58,718,254,
2026-08-28,2026-08-28,認知_動画,ブロード_全国,認知_ブランド紹介30秒,2026-08-28,2574,reach,2574,1.25,3212,2025,0.79,12,0.37,20,630.45,168.75,10,,,,863,278,
2026-08-29,2026-08-29,認知_動画,ブロード_全国,認知_ブランド紹介30秒,2026-08-29,3235,reach,3235,1.05,3398,2236,0.69,13,0.38,22,658.03,172.00,10,,,,711,271,
2026-08-30,2026-08-30,認知_動画,ブロード_全国,認知_ブランド紹介30秒,2026-08-30,3593,reach,3593,1.16,4180,2467,0.69,20,0.48,37,590.19,123.35,18,,,,1018,312,
2026-08-31,2026-08-31,認知_動画,ブロード_全国,認知_ブランド紹介30秒,2026-08-31,3341,reach,3341,1.13,3765,2183,0.65,14,0.37,26,579.81,155.93,12,,,,871,309,
2026-08-01,2026-08-01,認知_動画,ブロード_全国,認知_職人インタビュー,2026-08-01,3116,reach,3116,1.06,3315,2151,0.69,12,0.36,20,648.87,179.25,10,,,,790,258,
2026-08-02,2026-08-02,認知_動画,ブロード_全国,認知_職人インタビュー,2026-08-02,2997,reach,2997,1.07,3205,1826,0.61,11,0.34,18,569.73,166.00,9,,,,798,252,
2026-08-03,2026-08-03,認知_動画,ブロード_全国,認知_職人インタビュー,2026-08-03,2243,reach,2243,1.07,2396,1567,0.70,8,0.33,14,654.01,195.88,6,,,,598,187,
2026-08-04,2026-08-04,認知_動画,ブロード_全国,認知_職人インタビュー,2026-08-04,2827,reach,2827,1.16,3273,2056,0.73,12,0.37,20,628.17,171.33,9,,,,867,301,
2026-08-05,2026-08-05,認知_動画,ブロード_全国,認知_職人インタビュー,2026-08-05,2920,reach,2920,1.15,3355,1898,0.65,13,0.39,21,565.72,146.00,10,,,,981,222,
2026-08-06,2026-08-06,認知_動画,ブロード_全国,認知_職人インタビュー,2026-08-06,2739,reach,2739,1.17,3194,2071,0.76,11,0.34,19,648.40,188.27,9,,,,788,215,
2026-08-07,2026-08-07,認知_動画,ブロード_全国,認知_職人インタビュー,2026-08-07,3355,reach,3355,1.06,3564,2087,0.62,13,0.36,25,585.58,160.54,11,,,,978,334,
2026-08-08,2026-08-08,認知_動画,ブロード_全国,認知_職人インタビュー,2026-08-08,3042,reach,3042,1.07,3258,2169,0.71,14,0.43,23,665.75,154.93,11,,,,966,252,
2026-08-09,2026-08-09,認知_動画,ブロード_全国,認知_職人インタビュー,2026-08-09,2765,reach,2765,1.18,3271,2172,0.79,13,0.40,26,664.02,167.08,10,,,,717,226,
2026-08-10,2026-08-10,認知_動画,ブロード_全国,認知_職人インタビュー,2026-08-10,3267,reach,3267,1.15,3756,2164,0.66,13,0.35,25,576.14,166.46,11,,,,924,287,
2026-08-11,2026-08-11,認知_動画,ブロード_全国,認知_職人インタビュー,2026-08-11,3306,reach,3306,1.07,3544,2101,0.64,15,0.42,25,592.83,140.07,11,,,,873,336,
2026-08-12,2026-08-12,認知_動画,ブロード_全国,認知_職人インタビュー,2026-08-12,3041,reach,3041,1.11,3363,2248,0.74,15,0.45,28,668.45,149.87,12,,,,699,288,
2026-08-13,2026-08-13,認知_動画,ブロード_全国,認知_職人インタビュー,2026-08-13,2441,reach,2441,1.24,3021,1706,0.70,12,0.40,23,564.71,142.17,9,1,5564,3.26,832,191,
2026-08-14,2026-08-14,認知_動画,ブロード_全国,認知_職人インタビュー,2026-08-14,2979,reach,2979,1.09,3256,2206,0.74,11,0.34,18,677.52,200.55,9,,,,931,242,
2026-08-15,2026-08-15,認知_動画,ブロード_全国,認知_職人インタビュー,2026-08-15,3000,reach,3000,1.15,3438,2155,0.72,11,0.32,20,626.82,195.91,8,,,,1010,255,
2026-08-16,2026-08-16,認知_動画,ブロード_全国,認知_職人インタビュー,2026-08-16,2712,reach,2712,1.19,3223,1858,0.69,13,0.40,26,576.48,142.92,10,,,,892,285,
2026-08-17,2026-08-17,認知_動画,ブロード_全国,認知_職人インタビュー,2026-08-17,2212,reach,2212,1.21,2685,1627,0.74,11,0.41,20,605.96,147.91,9,,,,748,230,
2026-08-18,2026-08-18,認知_動画,ブロード_全国,認知_職人インタビュー,2026-08-18,2578,reach,2578,1.22,3140,1961,0.76,12,0.38,21,624.52,163.42,10,,,,690,220,
2026-08-19,2026-08-19,認知_動画,ブロード_全国,認知_職人インタビュー,2026-08-19,2731,reach,2731,1.19,3243,2036,0.75,14,0.43,23,627.81,145.43,11,,,,698,226,
2026-08-20,2026-08-20,認知_動画,ブロード_全国,認知_職人インタビュー,2026-08-20,3032,reach,3032,1.15,3480,1943,0.64,11,0.32,19,558.33,176.64,8,,,,862,283,
2026-08-21,2026-08-21,認知_動画,ブロード_全国,認知_職人インタビュー,2026-08-21,2933,reach,2933,1.18,3470,2001,0.68,13,0.37,25,576.66,153.92,11,,,,843,213,
2026-08-22,2026-08-22,認知_動画,ブロード_全国,認知_職人インタビュー,2026-08-22,3098,reach,3098,1.13,3495,2274,0.73,13,0.37,24,650.64,174.92,11,1,6897,3.03,1013,318,
2026-08-23,2026-08-23,認知_動画,ブロード_全国,認知_職人インタビュー,2026-08-23,3085,reach,3085,1.09,3371,2054,0.67,12,0.36,23,609.31,171.17,9,,,,683,332,
2026-08-24,2026-08-24,認知_動画,ブロード_全国,認知_職人インタビュー,2026-08-24,2636,reach,2636,1.13,2985,1876,0.71,13,0.44,22,628.48,144.31,11,,,,645,268,
2026-08-25,2026-08-25,認知_動画,ブロード_全国,認知_職人インタビュー,2026-08-25,3453,reach,3453,1.05,3634,2130,0.62,14,0.39,24,586.13,152.14,12,,,,749,222,
2026-08-26,2026-08-26,認知_動画,ブロード_全国,認知_職人インタビュー,2026-08-26,2331,reach,2331,1.21,2828,1710,0.73,11,0.39,19,604.67,155.45,8,,,,791,187,
2026-08-27,2026-08-27,認知_動画,ブロード_全国,認知_職人インタビュー,2026-08-27,2502,reach,2502,1.05,2629,1679,0.67,11,0.42,21,638.65,152.64,9,,,,622,251,
2026-08-28,2026-08-28,認知_動画,ブロード_全国,認知_職人インタビュー,2026-08-28,2496,reach,2496,1.24,3099,1879,0.75,12,0.39,21,606.32,156.58,10,,,,782,269,
2026-08-29,2026-08-29,認知_動画,ブロード_全国,認知_職人インタビュー,2026-08-29,3325,reach,3325,1.09,3631,2167,0.65,15,0.41,27,596.81,144.47,13,,,,1087,318,
2026-08-30,2026-08-30,認知_動画,ブロード_全国,認知_職人インタビュー,2026-08-30,3355,reach,3355,1.24,4158,2437,0.73,13,0.31,22,586.10,187.46,11,,,,942,317,
2026-08-31,2026-08-31,認知_動画,ブロード_全国,認知_職人インタビュー,2026-08-31,2236,reach,2236,1.09,2432,1600,0.72,11,0.45,20,657.89,145.45,9,1,5307,3.32,697,201,
2026-08-01,2026-08-01,認知_動画,ブロード_全国,認知_季節の新商品,2026-08-01,3442,reach,3442,1.16,4007,2576,0.75,21,0.52,37,642.87,122.67,17,1,5258,2.04,1014,367,
2026-08-02,2026-08-02,認知_動画,ブロード_全国,認知_季節の新商品,2026-08-02,2670,reach,2670,1.14,3054,1994,0.75,13,0.43,22,652.91,153.38,11,,,,842,300,
2026-08-03,2026-08-03,認知_動画,ブロード_全国,認知_季節の新商品,2026-08-03,2967,reach,2967,1.23,3663,2044,0.69,18,0.49,33,558.01,113.56,15,,,,774,322,
2026-08-04,2026-08-04,認知_動画,ブロード_全国,認知_季節の新商品,2026-08-04,2741,reach,2741,1.08,2965,1677,0.61,15,0.51,25,565.60,111.80,13,,,,642,262,
2026-08-05,2026-08-05,認知_動画,ブロード_全国,認知_季節の新商品,2026-08-05,3291,reach,3291,1.16,3803,2255,0.69,19,0.50,36,592.95,118.68,16,,,,1130,293,
2026-08-06,2026-08-06,認知_動画,ブロード_全国,認知_季節の新商品,2026-08-06,2389,reach,2389,1.19,2840,1675,0.70,15,0.53,30,589.79,111.67,12,,,,587,281,
2026-08-07,2026-08-07,認知_動画,ブロード_全国,認知_季節の新商品,2026-08-07,2856,reach,2856,1.14,3249,2091,0.73,13,0.40,24,643.58,160.85,11,,,,743,304,
2026-08-08,2026-08-08,認知_動画,ブロード_全国,認知_季節の新商品,2026-08-08,2800,reach,2800,1.07,3000,1887,0.67,15,0.50,28,629.00,125.80,11,,,,646,192,
2026-08-09,2026-08-09,認知_動画,ブロード_全国,認知_季節の新商品,2026-08-09,3693,reach,3693,1.07,3951,2289,0.62,18,0.46,35,579.35,127.17,13,,,,871,240,
2026-08-10,2026-08-10,認知_動画,ブロード_全国,認知_季節の新商品,2026-08-10,2805,reach,2805,1.15,3234,1977,0.70,14,0.43,23,611.32,141.21,10,,,,690,271,
2026-08-11,2026-08-11,認知_動画,ブロード_全国,認知_季節の新商品,2026-08-11,2466,reach,2466,1.13,2792,1827,0.74,14,0.50,24,654.37,130.50,12,,,,799,221,
2026-08-12,2026-08-12,認知_動画,ブロード_全国,認知_季節の新商品,2026-08-12,2583,reach,2583,1.23,3171,2029,0.79,14,0.44,23,639.86,144.93,12,,,,892,264,
2026-08-13,2026-08-13,認知_動画,ブロード_全国,認知_季節の新商品,2026-08-13,2096,reach,2096,1.22,2563,1686,0.80,12,0.47,22,657.82,140.50,9,,,,725,233,
2026-08-14,2026-08-14,認知_動画,ブロード_全国,認知_季節の新商品,2026-08-14,2765,reach,2765,1.09,3012,1923,0.70,17,0.56,31,638.45,113.12,14,,,,760,263,
2026-08-15,2026-08-15,認知_動画,ブロード_全国,認知_季節の新商品,2026-08-15,2928,reach,2928,1.13,3315,1854,0.63,18,0.54,33,559.28,103.00,15,,,,768,276,
2026-08-16,2026-08-16,認知_動画,ブロード_全国,認知_季節の新商品,2026-08-16,2765,reach,2765,1.15,3188,1944,0.70,12,0.38,24,609.79,162.00,9,,,,953,258,
2026-08-17,2026-08-17,認知_動画,ブロード_全国,認知_季節の新商品,2026-08-17,2290,reach,2290,1.14,2602,1664,0.73,13,0.50,21,639.51,128.00,10,,,,595,182,
2026-08-18,2026-08-18,認知_動画,ブロード_全国,認知_季節の新商品,2026-08-18,2174,reach,2174,1.21,2630,1681,0.77,13,0.49,24,639.16,129.31,11,,,,575,210,
2026-08-19,2026-08-19,認知_動画,ブロード_全国,認知_季節の新商品,2026-08-19,2598,reach,2598,1.24,3213,2078,0.80,18,0.56,33,646.75,115.44,13,,,,764,237,
2026-08-20,2026-08-20,認知_動画,ブロード_全国,認知_季節の新商品,2026-08-20,2866,reach,2866,1.07,3056,1841,0.64,17,0.56,32,602.42,108.29,15,,,,635,247,
2026-08-21,2026-08-21,認知_動画,ブロード_全国,認知_季節の新商品,2026-08-21,2949,reach,2949,1.06,3119,2089,0.71,17,0.55,30,669.77,122.88,12,,,,665,191,
2026-08-22,2026-08-22,認知_動画,ブロード_全国,認知_季節の新商品,2026-08-22,2951,reach,2951,1.09,3214,2053,0.70,17,0.53,31,638.77,120.76,13,,,,814,300,
2026-08-23,2026-08-23,認知_動画,ブロード_全国,認知_季節の新商品,2026-08-23,3290,reach,3290,1.17,3863,2401,0.73,21,0.54,42,621.54,114.33,18,,,,935,235,
2026-08-24,2026-08-24,認知_動画,ブロード_全国,認知_季節の新商品,2026-08-24,3129,reach,3129,1.19,3739,2150,0.69,19,0.51,35,575.02,113.16,14,,,,781,331,
2026-08-25,2026-08-25,認知_動画,ブロード_全国,認知_季節の新商品,2026-08-25,2712,reach,2712,1.23,3331,2006,0.74,16,0.48,32,602.22,125.38,14,,,,708,262,
2026-08-26,2026-08-26,認知_動画,ブロード_全国,認知_季節の新商品,2026-08-26,2505,reach,2505,1.22,3055,2040,0.81,16,0.52,31,667.76,127.50,13,1,5483,2.69,759,277,
2026-08-27,2026-08-27,認知_動画,ブロード_全国,認知_季節の新商品,2026-08-27,2284,reach,2284,1.13,2585,1619,0.71,13,0.50,23,626.31,124.54,9,1,6677,4.12,542,202,
2026-08-28,2026-08-28,認知_動画,ブロード_全国,認知_季節の新商品,2026-08-28,2857,reach,2857,1.12,3206,2177,0.76,14,0.44,28,679.04,155.50,10,,,,877,268,
2026-08-29,2026-08-29,認知_動画,ブロード_全国,認知_季節の新商品,2026-08-29,3144,reach,3144,1.14,3584,2242,0.71,17,0.47,29,625.56,131.88,15,1,5264,2.35,1014,295,
2026-08-30,2026-08-30,認知_動画,ブロード_全国,認知_季節の新商品,2026-08-30,2467,reach,2467,1.19,2942,1859,0.75,14,0.48,26,631.88,132.79,11,,,,837,285,
2026-08-31,2026-08-31,認知_動画,ブロード_全国,認知_季節の新商品,2026-08-31,2929,reach,2929,1.09,3186,2164,0.74,17,0.53,31,679.22,127.29,14,,,,693,270,
2026-08-01,2026-08-01,認知_動画,興味関心_料理,認知_ブランド紹介30秒,2026-08-01,2556,reach,2556,1.21,3093,1943,0.76,11,0.36,18,628.19,176.64,9,,,,717,199,
2026-08-02,2026-08-02,認知_動画,興味関心_料理,認知_ブランド紹介30秒,2026-08-02,2391,reach,2391,1.13,2698,1588,0.66,13,0.48,22,588.58,122.15,9,,,,792,225,
2026-08-03,2026-08-03,認知_動画,興味関心_料理,認知_ブランド紹介30秒,2026-08-03,1698,reach,1698,1.21,2056,1363,0.80,8,0.39,15,662.94,170.38,6,,,,564,124,
2026-08-04,2026-08-04,認知_動画,興味関心_料理,認知_ブランド紹介30秒,2026-08-04,2316,reach,2316,1.21,2810,1661,0.72,12,0.43,24,591.10,138.42,10,,,,585,243,
2026-08-05,2026-08-05,認知_動画,興味関心_料理,認知_ブランド紹介30秒,2026-08-05,2176,reach,2176,1.14,2491,1456,0.67,11,0.44,20,584.50,132.36,8,1,5931,4.07,514,172,
2026-08-06,2026-08-06,認知_動画,興味関心_料理,認知_ブランド紹介30秒,2026-08-06,2604,reach,2604,1.15,3006,1757,0.67,16,0.53,31,584.50,109.81,12,1,7224,4.11,701,290,
2026-08-07,2026-08-07,認知_動画,興味関心_料理,認知_ブランド紹介30秒,2026-08-07,2495,reach,2495,1.11,2761,1696,0.68,14,0.51,23,614.27,121.14,11,,,,622,260,
2026-08-08,2026-08-08,認知_動画,興味関心_料理,認知_ブランド紹介30秒,2026-08-08,2033,reach,2033,1.24,2523,1652,0.81,10,0.40,16,654.78,165.20,7,,,,560,170,
2026-08-09,2026-08-09,認知_動画,興味関心_料理,認知_ブランド紹介30秒,2026-08-09,2340,reach,2340,1.18,2770,1708,0.73,14,0.51,24,616.61,122.00,10,,,,719,203,
2026-08-10,2026-08-10,認知_動画,興味関心_料理,認知_ブランド紹介30秒,2026-08-10,2503,reach,2503,1.13,2834,1831,0.73,15,0.53,27,646.08,122.07,11,,,,756,259,
2026-08-11,2026-08-11,認知_動画,興味関心_料理,認知_ブランド紹介30秒,2026-08-11,2585,reach,2585,1.11,2876,1743,0.67,10,0.35,17,606.05,174.30,8,,,,677,272,
2026-08-12,2026-08-12,認知_動画,興味関心_料理,認知_ブランド紹介30秒,2026-08-12,2161,reach,2161,1.20,2604,1697,0.79,11,0.42,18,651.69,154.27,9,,,,781,184,
2026-08-13,2026-08-13,認知_動画,興味関心_料理,認知_ブランド紹介30秒,2026-08-13,2510,reach,2510,1.06,2657,1646,0.66,14,0.53,27,619.50,117.57,12,,,,546,211,
2026-08-14,2026-08-14,認知_動画,興味関心_料理,認知_ブランド紹介30秒,2026-08-14,2031,reach,2031,1.15,2344,1356,0.67,11,0.47,18,578.50,123.27,9,,,,649,145,
2026-08-15,2026-08-15,認知_動画,興味関心_料理,認知_ブランド紹介30秒,2026-08-15,1832,reach,1832,1.20,2196,1483,0.81,9,0.41,18,675.32,164.78,7,,,,625,208,
2026-08-16,2026-08-16,認知_動画,興味関心_料理,認知_ブランド紹介30秒,2026-08-16,2941,reach,2941,1.06,3128,1977,0.67,15,0.48,25,632.03,131.80,12,,,,655,274,
2026-08-17,2026-08-17,認知_動画,興味関心_料理,認知_ブランド紹介30秒,2026-08-17,2041,reach,2041,1.16,2377,1469,0.72,9,0.38,18,618.01,163.22,7,,,,700,218,
2026-08-18,2026-08-18,認知_動画,興味関心_料理,認知_ブランド紹介30秒,2026-08-18,2468,reach,2468,1.20,2972,1833,0.74,14,0.47,25,616.76,130.93,10,,,,624,293,
2026-08-19,2026-08-19,認知_動画,興味関心_料理,認知_ブランド紹介30秒,2026-08-19,2191,reach,2191,1.09,2382,1607,0.73,12,0.50,21,674.64,133.92,10,,,,563,149,
2026-08-20,2026-08-20,認知_動画,興味関心_料理,認知_ブランド紹介30秒,2026-08-20,1980,reach,1980,1.09,2150,1387,0.70,10,0.47,19,645.12,138.70,8,,,,433,200,
2026-08-21,2026-08-21,認知_動画,興味関心_料理,認知_ブランド紹介30秒,2026-08-21,2117,reach,2117,1.07,2261,1484,0.70,10,0.44,18,656.35,148.40,7,,,,583,167,
2026-08-22,2026-08-22,認知_動画,興味関心_料理,認知_ブランド紹介30秒,2026-08-22,2475,reach,2475,1.07,2659,1591,0.64,12,0.45,23,598.35,132.58,9,,,,552,200,
2026-08-23,2026-08-23,認知_動画,興味関心_料理,認知_ブランド紹介30秒,2026-08-23,2825,reach,2825,1.23,3474,1956,0.69,14,0.40,24,563.04,139.71,11,,,,747,242,
2026-08-24,2026-08-24,認知_動画,興味関心_料理,認知_ブランド紹介30秒,2026-08-24,2399,reach,2399,1.23,2959,1752,0.73,15,0.51,29,592.09,116.80,11,,,,597,183,
2026-08-25,2026-08-25,認知_動画,興味関心_料理,認知_ブランド紹介30秒,2026-08-25,2711,reach,2711,1.06,2881,1648,0.61,11,0.38,18,572.02,149.82,8,,,,807,254,
2026-08-26,2026-08-26,認知_動画,興味関心_料理,認知_ブランド紹介30秒,2026-08-26,2293,reach,2293,1.15,2642,1565,0.68,12,0.45,23,592.35,130.42,10,,,,745,188,
2026-08-27,2026-08-27,認知_動画,興味関心_料理,認知_ブランド紹介30秒,2026-08-27,2913,reach,2913,1.08,3140,1938,0.67,14,0.45,27,617.20,138.43,10,,,,780,224,
2026-08-28,2026-08-28,認知_動画,興味関心_料理,認知_ブランド紹介30秒,2026-08-28,2927,reach,2927,1.19,3493,1977,0.68,13,0.37,23,565.99,152.08,11,,,,852,283,
2026-08-29,2026-08-29,認知_動画,興味関心_料理,認知_ブランド紹介30秒,2026-08-29,2124,reach,2124,1.25,2655,1736,0.82,12,0.45,20,653.86,144.67,10,,,,696,181,
2026-08-30,2026-08-30,認知_動画,興味関心_料理,認知_ブランド紹介30秒,2026-08-30,2868,reach,2868,1.07,3067,1751,0.61,12,0.39,21,570.92,145.92,9,,,,615,238,
2026-08-31,2026-08-31,認知_動画,興味関心_料理,認知_ブランド紹介30秒,2026-08-31,2188,reach,2188,1.13,2467,1406,0.64,11,0.45,20,569.92,127.82,8,,,,699,174,
2026-08-01,2026-08-01,認知_動画,興味関心_料理,認知_職人インタビュー,2026-08-01,2244,reach,2244,1.16,2614,1736,0.77,11,0.42,21,664.12,157.82,9,,,,526,188,
2026-08-02,2026-08-02,認知_動画,興味関心_料理,認知_職人インタビュー,2026-08-02,2015,reach,2015,1.19,2404,1562,0.78,9,0.37,17,649.75,173.56,7,,,,523,231,
2026-08-03,2026-08-03,認知_動画,興味関心_料理,認知_職人インタビュー,2026-08-03,2596,reach,2596,1.08,2797,1611,0.62,13,0.46,25,575.97,123.92,11,,,,712,171,
2026-08-04,2026-08-04,認知_動画,興味関心_料理,認知_職人インタビュー,2026-08-04,2293,reach,2293,1.14,2605,1724,0.75,12,0.46,20,661.80,143.67,9,,,,602,209,
2026-08-05,2026-08-05,認知_動画,興味関心_料理,認知_職人インタビュー,2026-08-05,2158,reach,2158,1.08,2325,1523,0.71,8,0.34,15,655.05,190.38,6,,,,670,225,
2026-08-06,2026-08-06,認知_動画,興味関心_料理,認知_職人インタビュー,2026-08-06,2269,reach,2269,1.06,2401,1440,0.63,8,0.33,15,599.75,180.00,6,,,,618,179,
2026-08-07,2026-08-07,認知_動画,興味関心_料理,認知_職人インタビュー,2026-08-07,2715,reach,2715,1.12,3052,1936,0.71,12,0.39,22,634.34,161.33,9,,,,819,238,
2026-08-08,2026-08-08,認知_動画,興味関心_料理,認知_職人インタビュー,2026-08-08,2132,reach,2132,1.10,2350,1581,0.74,9,0.38,17,672.77,175.67,7,,,,675,214,
2026-08-09,2026-08-09,認知_動画,興味関心_料理,認知_職人インタビュー,2026-08-09,2638,reach,2638,1.19,3144,1959,0.74,12,0.38,20,623.09,163.25,10,,,,681,215,
2026-08-10,2026-08-10,認知_動画,興味関心_料理,認知_職人インタビュー,2026-08-10,2306,reach,2306,1.10,2532,1688,0.73,9,0.36,15,666.67,187.56,7,,,,544,175,
2026-08-11,2026-08-11,認知_動画,興味関心_料理,認知_職人インタビュー,2026-08-11,2301,reach,2301,1.13,2602,1512,0.66,10,0.38,18,581.09,151.20,8,,,,690,181,
2026-08-12,2026-08-12,認知_動画,興味関心_料理,認知_職人インタビュー,2026-08-12,2653,reach,2653,1.14,3020,1903,0.72,11,0.36,20,630.13,173.00,10,,,,649,245,
2026-08-13,2026-08-13,認知_動画,興味関心_料理,認知_職人インタビュー,2026-08-13,2614,reach,2614,1.16,3035,1829,0.70,14,0.46,23,602.64,130.64,11,,,,891,236,
2026-08-14,2026-08-14,認知_動画,興味関心_料理,認知_職人インタビュー,2026-08-14,2694,reach,2694,1.09,2943,1794,0.67,12,0.41,22,609.58,149.50,10,,,,606,212,
2026-08-15,2026-08-15,認知_動画,興味関心_料理,認知_職人インタビュー,2026-08-15,2293,reach,2293,1.14,2624,1789,0.78,12,0.46,20,681.78,149.08,10,,,,778,242,
2026-08-16,2026-08-16,認知_動画,興味関心_料理,認知_職人インタビュー,2026-08-16,2797,reach,2797,1.10,3089,1900,0.68,14,0.45,23,615.09,135.71,11,,,,924,234,
2026-08-17,2026-08-17,認知_動画,興味関心_料理,認知_職人インタビュー,2026-08-17,2537,reach,2537,1.13,2868,1717,0.68,11,0.38,19,598.68,156.09,8,,,,701,191,
2026-08-18,2026-08-18,認知_動画,興味関心_料理,認知_職人インタビュー,2026-08-18,2553,reach,2553,1.18,3018,1878,0.74,10,0.33,18,622.27,187.80,9,,,,893,236,
2026-08-19,2026-08-19,認知_動画,興味関心_料理,認知_職人インタビュー,2026-08-19,2810,reach,2810,1.12,3137,1868,0.66,15,0.48,25,595.47,124.53,13,,,,804,310,
2026-08-20,2026-08-20,認知_動画,興味関心_料理,認知_職人インタビュー,2026-08-20,2818,reach,2818,1.11,3117,1857,0.66,13,0.42,23,595.77,142.85,10,,,,832,214,
2026-08-21,2026-08-21,認知_動画,興味関心_料理,認知_職人インタビュー,2026-08-21,3270,reach,3270,1.08,3537,2016,0.62,15,0.42,24,569.97,134.40,13,,,,812,278,
2026-08-22,2026-08-22,認知_動画,興味関心_料理,認知_職人インタビュー,2026-08-22,1962,reach,1962,1.24,2439,1573,0.80,11,0.45,20,644.94,143.00,9,,,,720,223,
2026-08-23,2026-08-23,認知_動画,興味関心_料理,認知_職人インタビュー,2026-08-23,2292,reach,2292,1.22,2806,1907,0.83,9,0.32,15,679.62,211.89,7,,,,726,204,
2026-08-24,2026-08-24,認知_動画,興味関心_料理,認知_職人インタビュー,2026-08-24,1895,reach,1895,1.18,2227,1353,0.71,10,0.45,17,607.54,135.30,8,,,,485,162,
2026-08-25,2026-08-25,認知_動画,興味関心_料理,認知_職人インタビュー,2026-08-25,2387,reach,2387,1.11,2649,1688,0.71,9,0.34,17,637.22,187.56,8,,,,530,231,
2026-08-26,2026-08-26,認知_動画,興味関心_料理,認知_職人インタビュー,2026-08-26,2311,reach,2311,1.17,2693,1745,0.76,12,0.45,24,647.98,145.42,9,,,,542,174,
2026-08-27,2026-08-27,認知_動画,興味関心_料理,認知_職人インタビュー,2026-08-27,2106,reach,2106,1.06,2242,1442,0.68,10,0.45,18,643.18,144.20,9,,,,668,174,
2026-08-28,2026-08-28,認知_動画,興味関心_料理,認知_職人インタビュー,2026-08-28,2477,reach,2477,1.09,2694,1607,0.65,11,0.41,18,596.51,146.09,8,,,,602,222,
2026-08-29,2026-08-29,認知_動画,興味関心_料理,認知_職人インタビュー,2026-08-29,2943,reach,2943,1.24,3653,2079,0.71,17,0.47,30,569.12,122.29,14,,,,968,336,
2026-08-30,2026-08-30,認知_動画,興味関心_料理,認知_職人インタビュー,2026-08-30,2286,reach,2286,1.09,2493,1600,0.70,10,0.40,19,641.80,160.00,7,,,,656,155,
2026-08-31,2026-08-31,認知_動画,興味関心_料理,認知_職人インタビュー,2026-08-31,1827,reach,1827,1.19,2180,1400,0.77,8,0.37,13,642.20,175.00,7,,,,441,177,
2026-08-01,2026-08-01,認知_動画,興味関心_料理,認知_季節の新商品,2026-08-01,2689,reach,2689,1.18,3170,1926,0.72,12,0.38,21,607.57,160.50,9,,,,773,224,
2026-08-02,2026-08-02,認知_動画,興味関心_料理,認知_季節の新商品,2026-08-02,3505,reach,3505,1.05,3682,2094,0.60,14,0.38,26,568.71,149.57,11,,,,879,295,
2026-08-03,2026-08-03,認知_動画,興味関心_料理,認知_季節の新商品,2026-08-03,2194,reach,2194,1.24,2719,1651,0.75,14,0.51,25,607.21,117.93,12,,,,688,186,
2026-08-04,2026-08-04,認知_動画,興味関心_料理,認知_季節の新商品,2026-08-04,1771,reach,1771,1.23,2182,1413,0.80,10,0.46,17,647.57,141.30,7,,,,456,158,
2026-08-05,2026-08-05,認知_動画,興味関心_料理,認知_季節の新商品,2026-08-05,2529,reach,2529,1.25,3159,1837,0.73,14,0.44,27,581.51,131.21,11,,,,831,190,
2026-08-06,2026-08-06,認知_動画,興味関心_料理,認知_季節の新商品,2026-08-06,1943,reach,1943,1.21,2355,1553,0.80,13,0.55,21,659.45,119.46,10,,,,677,234,
2026-08-07,2026-08-07,認知_動画,興味関心_料理,認知_季節の新商品,2026-08-07,2571,reach,2571,1.14,2933,2000,0.78,14,0.48,24,681.90,142.86,11,,,,682,257,
2026-08-08,2026-08-08,認知_動画,興味関心_料理,認知_季節の新商品,2026-08-08,2875,reach,2875,1.15,3305,1947,0.68,14,0.42,24,589.11,139.07,11,,,,717,209,
2026-08-09,2026-08-09,認知_動画,興味関心_料理,認知_季節の新商品,2026-08-09,2907,reach,2907,1.06,3067,1818,0.63,12,0.39,20,592.76,151.50,10,,,,750,226,
2026-08-10,2026-08-10,認知_動画,興味関心_料理,認知_季節の新商品,2026-08-10,2391,reach,2391,1.07,2549,1697,0.71,13,0.51,25,665.75,130.54,9,,,,751,156,
2026-08-11,2026-08-11,認知_動画,興味関心_料理,認知_季節の新商品,2026-08-11,1893,reach,1893,1.25,2357,1378,0.73,13,0.55,22,584.64,106.00,10,,,,590,220,
2026-08-12,2026-08-12,認知_動画,興味関心_料理,認知_季節の新商品,2026-08-12,2026,reach,2026,1.16,2356,1550,0.77,9,0.38,15,657.89,172.22,8,,,,507,154,
2026-08-13,2026-08-13,認知_動画,興味関心_料理,認知_季節の新商品,2026-08-13,2209,reach,2209,1.07,2365,1364,0.62,9,0.38,16,576.74,151.56,8,,,,605,169,
2026-08-14,2026-08-14,認知_動画,興味関心_料理,認知_季節の新商品,2026-08-14,2635,reach,2635,1.06,2795,1687,0.64,12,0.43,23,603.58,140.58,9,,,,733,180,
2026-08-15,2026-08-15,認知_動画,興味関心_料理,認知_季節の新商品,2026-08-15,2222,reach,2222,1.22,2709,1819,0.82,14,0.52,25,671.47,129.93,12,,,,601,168,
2026-08-16,2026-08-16,認知_動画,興味関心_料理,認知_季節の新商品,2026-08-16,2029,reach,2029,1.13,2290,1487,0.73,10,0.44,17,649.34,148.70,8,1,7152,4.81,563,226,
2026-08-17,2026-08-17,認知_動画,興味関心_料理,認知_季節の新商品,2026-08-17,2274,reach,2274,1.21,2744,1598,0.70,13,0.47,23,582.36,122.92,10,1,6473,4.05,719,189,
2026-08-18,2026-08-18,認知_動画,興味関心_料理,認知_季節の新商品,2026-08-18,2169,reach,2169,1.07,2321,1456,0.67,13,0.56,23,627.32,112.00,10,,,,582,164,
2026-08-19,2026-08-19,認知_動画,興味関心_料理,認知_季節の新商品,2026-08-19,2071,reach,2071,1.13,2344,1537,0.74,13,0.55,26,655.72,118.23,10,,,,660,143,
2026-08-20,2026-08-20,認知_動画,興味関心_料理,認知_季節の新商品,2026-08-20,2208,reach,2208,1.23,2706,1527,0.69,15,0.55,27,564.30,101.80,12,,,,726,251,
2026-08-21,2026-08-21,認知_動画,興味関心_料理,認知_季節の新商品,2026-08-21,2680,reach,2680,1.19,3190,1963,0.73,12,0.38,22,615.36,163.58,10,,,,753,312,
2026-08-22,2026-08-22,認知_動画,興味関心_料理,認知_季節の新商品,2026-08-22,3226,reach,3226,1.09,3532,1978,0.61,14,0.40,26,560.02,141.29,12,,,,774,256,
2026-08-23,2026-08-23,認知_動画,興味関心_料理,認知_季節の新商品,2026-08-23,2374,reach,2374,1.17,2786,1718,0.72,13,0.47,24,616.65,132.15,11,,,,800,188,
2026-08-24,2026-08-24,認知_動画,興味関心_料理,認知_季節の新商品,2026-08-24,1939,reach,1939,1.10,2137,1374,0.71,10,0.47,18,642.96,137.40,8,,,,539,157,
2026-08-25,2026-08-25,認知_動画,興味関心_料理,認知_季節の新商品,2026-08-25,2003,reach,2003,1.09,2179,1480,0.74,11,0.50,21,679.21,134.55,9,,,,547,161,
2026-08-26,2026-08-26,認知_動画,興味関心_料理,認知_季節の新商品,2026-08-26,2171,reach,2171,1.17,2539,1610,0.74,11,0.43,20,634.11,146.36,9,,,,706,198,
2026-08-27,2026-08-27,認知_動画,興味関心_料理,認知_季節の新商品,2026-08-27,1682,reach,1682,1.22,2060,1404,0.83,8,0.39,13,681.55,175.50,7,,,,421,162,
2026-08-28,2026-08-28,認知_動画,興味関心_料理,認知_季節の新商品,2026-08-28,2190,reach,2190,1.13,2479,1430,0.65,11,0.44,21,576.85,130.00,10,,,,518,191,
2026-08-29,2026-08-29,認知_動画,興味関心_料理,認知_季節の新商品,2026-08-29,2279,reach,2279,1.09,2484,1518,0.67,11,0.44,21,611.11,138.00,9,,,,588,213,
2026-08-30,2026-08-30,認知_動画,興味関心_料理,認知_季節の新商品,2026-08-30,2153,reach,2153,1.24,2663,1496,0.69,14,0.53,23,561.77,106.86,11,,,,744,223,
2026-08-31,2026-08-31,認知_動画,興味関心_料理,認知_季節の新商品,2026-08-31,2365,reach,2365,1.09,2574,1735,0.73,12,0.47,23,674.05,144.58,10,,,,765,254,
2026-08-01,2026-08-01,認知_動画,類似_サイト訪問者3%,認知_ブランド紹介30秒,2026-08-01,2005,reach,2005,1.15,2300,1418,0.71,10,0.43,16,616.52,141.80,8,,,,512,140,
2026-08-02,2026-08-02,認知_動画,類似_サイト訪問者3%,認知_ブランド紹介30秒,2026-08-02,2575,reach,2575,1.16,2995,1718,0.67,12,0.40,23,573.62,143.17,9,,,,722,272,
2026-08-03,2026-08-03,認知_動画,類似_サイト訪問者3%,認知_ブランド紹介30秒,2026-08-03,2015,reach,2015,1.08,2178,1323,0.66,10,0.46,18,607.44,132.30,8,,,,578,201,
2026-08-04,2026-08-04,認知_動画,類似_サイト訪問者3%,認知_ブランド紹介30秒,2026-08-04,1978,reach,1978,1.21,2384,1622,0.82,10,0.42,19,680.37,162.20,8,,,,577,154,
2026-08-05,2026-08-05,認知_動画,類似_サイト訪問者3%,認知_ブランド紹介30秒,2026-08-05,2451,reach,2451,1.12,2744,1607,0.66,11,0.40,19,585.64,146.09,9,,,,684,208,
2026-08-06,2026-08-06,認知_動画,類似_サイト訪問者3%,認知_ブランド紹介30秒,2026-08-06,2213,reach,2213,1.23,2732,1625,0.73,13,0.48,22,594.80,125.00,11,,,,727,248,
2026-08-07,2026-08-07,認知_動画,類似_サイト訪問者3%,認知_ブランド紹介30秒,2026-08-07,2700,reach,2700,1.06,2854,1615,0.60,10,0.35,16,565.87,161.50,8,,,,695,218,
2026-08-08,2026-08-08,認知_動画,類似_サイト訪問者3%,認知_ブランド紹介30秒,2026-08-08,2148,reach,2148,1.19,2564,1491,0.69,12,0.47,20,581.51,124.25,9,,,,651,215,
2026-08-09,2026-08-09,認知_動画,類似_サイト訪問者3%,認知_ブランド紹介30秒,2026-08-09,2497,reach,2497,1.16,2886,1897,0.76,10,0.35,17,657.31,189.70,8,,,,578,204,
2026-08-10,2026-08-10,認知_動画,類似_サイト訪問者3%,認知_ブランド紹介30秒,2026-08-10,1816,reach,1816,1.06,1927,1198,0.66,7,0.36,12,621.69,171.14,6,,,,574,155,
2026-08-11,2026-08-11,認知_動画,類似_サイト訪問者3%,認知_ブランド紹介30秒,2026-08-11,2139,reach,2139,1.14,2435,1651,0.77,8,0.33,16,678.03,206.38,7,,,,682,188,
2026-08-12,2026-08-12,認知_動画,類似_サイト訪問者3%,認知_ブランド紹介30秒,2026-08-12,2422,reach,2422,1.07,2603,1559,0.64,13,0.50,21,598.92,119.92,11,1,7036,4.51,692,159,
2026-08-13,2026-08-13,認知_動画,類似_サイト訪問者3%,認知_ブランド紹介30秒,2026-08-13,2302,reach,2302,1.18,2717,1586,0.69,10,0.37,17,583.73,158.60,9,,,,753,269,
2026-08-14,2026-08-14,認知_動画,類似_サイト訪問者3%,認知_ブランド紹介30秒,2026-08-14,2416,reach,2416,1.09,2629,1580,0.65,13,0.49,25,600.99,121.54,9,,,,767,250,
2026-08-15,2026-08-15,認知_動画,類似_サイト訪問者3%,認知_ブランド紹介30秒,2026-08-15,2662,reach,2662,1.18,3130,1849,0.69,13,0.42,22,590.73,142.23,10,,,,805,218,
2026-08-16,2026-08-16,認知_動画,類似_サイト訪問者3%,認知_ブランド紹介30秒,2026-08-16,1981,reach,1981,1.10,2172,1344,0.68,10,0.46,16,618.78,134.40,9,,,,569,197,
2026-08-17,2026-08-17,認知_動画,類似_サイト訪問者3%,認知_ブランド紹介30秒,2026-08-17,2158,reach,2158,1.09,2356,1402,0.65,8,0.34,15,595.08,175.25,6,,,,552,199,
2026-08-18,2026-08-18,認知_動画,類似_サイト訪問者3%,認知_ブランド紹介30秒,2026-08-18,1727,reach,1727,1.14,1962,1225,0.71,9,0.46,15,624.36,136.11,7,,,,509,168,
2026-08-19,2026-08-19,認知_動画,類似_サイト訪問者3%,認知_ブランド紹介30秒,2026-08-19,2330,reach,2330,1.12,2605,1545,0.66,10,0.38,17,593.09,154.50,9,,,,710,258,
2026-08-20,2026-08-20,認知_動画,類似_サイト訪問者3%,認知_ブランド紹介30秒,2026-08-20,2340,reach,2340,1.10,2569,1550,0.66,9,0.35,16,603.35,172.22,7,,,,603,220,
2026-08-21,2026-08-21,認知_動画,類似_サイト訪問者3%,認知_ブランド紹介30秒,2026-08-21,2121,reach,2121,1.09,2303,1415,0.67,10,0.43,18,614.42,141.50,9,,,,588,181,
2026-08-22,2026-08-22,認知_動画,類似_サイト訪問者3%,認知_ブランド紹介30秒,2026-08-22,1795,reach,1795,1.24,2231,1473,0.82,8,0.36,14,660.24,184.12,6,,,,504,168,
2026-08-23,2026-08-23,認知_動画,類似_サイト訪問者3%,認知_ブランド紹介30秒,2026-08-23,2848,reach,2848,1.07,3059,1724,0.61,11,0.36,19,563.58,156.73,9,,,,814,237,
2026-08-24,2026-08-24,認知_動画,類似_サイト訪問者3%,認知_ブランド紹介30秒,2026-08-24,2024,reach,2024,1.06,2141,1298,0.64,9,0.42,16,606.26,144.22,7,1,6052,4.66,542,195,
2026-08-25,2026-08-25,認知_動画,類似_サイト訪問者3%,認知_ブランド紹介30秒,2026-08-25,1875,reach,1875,1.13,2117,1375,0.73,8,0.38,16,649.50,171.88,7,,,,443,159,
2026-08-26,2026-08-26,認知_動画,類似_サイト訪問者3%,認知_ブランド紹介30秒,2026-08-26,2045,reach,2045,1.23,2524,1453,0.71,11,0.44,18,575.67,132.09,9,,,,525,250,
2026-08-27,2026-08-27,認知_動画,類似_サイト訪問者3%,認知_ブランド紹介30秒,2026-08-27,2407,reach,2407,1.07,2578,1661,0.69,10,0.39,18,644.30,166.10,8,,,,530,166,
2026-08-28,2026-08-28,認知_動画,類似_サイト訪問者3%,認知_ブランド紹介30秒,2026-08-28,2366,reach,2366,1.20,2842,1722,0.73,11,0.39,19,605.91,156.55,8,,,,686,258,
2026-08-29,2026-08-29,認知_動画,類似_サイト訪問者3%,認知_ブランド紹介30秒,2026-08-29,2241,reach,2241,1.23,2753,1804,0.80,11,0.40,22,655.29,164.00,9,,,,609,191,
2026-08-30,2026-08-30,認知_動画,類似_サイト訪問者3%,認知_ブランド紹介30秒,2026-08-30,2551,reach,2551,1.11,2841,1921,0.75,11,0.39,21,676.17,174.64,9,,,,636,229,
2026-08-31,2026-08-31,認知_動画,類似_サイト訪問者3%,認知_ブランド紹介30秒,2026-08-31,1760,reach,1760,1.09,1924,1285,0.73,8,0.42,16,667.88,160.62,7,,,,484,122,
2026-08-01,2026-08-01,認知_動画,類似_サイト訪問者3%,認知_職人インタビュー,2026-08-01,2237,reach,2237,1.20,2689,1537,0.69,10,0.37,20,571.59,153.70,9,1,5849,3.81,682,250,
2026-08-02,2026-08-02,認知_動画,類似_サイト訪問者3%,認知_職人インタビュー,2026-08-02,2261,reach,2261,1.23,2789,1711,0.76,9,0.32,16,613.48,190.11,8,,,,783,250,
2026-08-03,2026-08-03,認知_動画,類似_サイト訪問者3%,認知_職人インタビュー,2026-08-03,1829,reach,1829,1.23,2253,1478,0.81,9,0.40,18,656.01,164.22,8,,,,459,215,
2026-08-04,2026-08-04,認知_動画,類似_サイト訪問者3%,認知_職人インタビュー,2026-08-04,2018,reach,2018,1.10,2222,1435,0.71,8,0.36,14,645.81,179.38,6,,,,536,171,
2026-08-05,2026-08-05,認知_動画,類似_サイト訪問者3%,認知_職人インタビュー,2026-08-05,2507,reach,2507,1.18,2952,1659,0.66,10,0.34,19,561.99,165.90,8,,,,689,238,
2026-08-06,2026-08-06,認知_動画,類似_サイト訪問者3%,認知_職人インタビュー,2026-08-06,2236,reach,2236,1.24,2782,1722,0.77,8,0.29,16,618.98,215.25,6,,,,563,270,
2026-08-07,2026-08-07,認知_動画,類似_サイト訪問者3%,認知_職人インタビュー,2026-08-07,2185,reach,2185,1.22,2665,1707,0.78,11,0.41,20,640.53,155.18,9,,,,672,183,
2026-08-08,2026-08-08,認知_動画,類似_サイト訪問者3%,認知_職人インタビュー,2026-08-08,2402,reach,2402,1.17,2810,1648,0.69,11,0.39,19,586.48,149.82,9,,,,727,201,
2026-08-09,2026-08-09,認知_動画,類似_サイト訪問者3%,認知_職人インタビュー,2026-08-09,2373,reach,2373,1.10,2606,1476,0.62,11,0.42,19,566.39,134.18,10,,,,732,159,
2026-08-10,2026-08-10,認知_動画,類似_サイト訪問者3%,認知_職人インタビュー,2026-08-10,1953,reach,1953,1.20,2341,1461,0.75,8,0.34,14,624.09,182.62,7,,,,497,164,
2026-08-11,2026-08-11,認知_動画,類似_サイト訪問者3%,認知_職人インタビュー,2026-08-11,2135,reach,2135,1.13,2417,1464,0.69,9,0.37,15,605.71,162.67,7,,,,644,194,
2026-08-12,2026-08-12,認知_動画,類似_サイト訪問者3%,認知_職人インタビュー,2026-08-12,1965,reach,1965,1.08,2125,1448,0.74,10,0.47,18,681.41,144.80,9,,,,531,202,
2026-08-13,2026-08-13,認知_動画,類似_サイト訪問者3%,認知_職人インタビュー,2026-08-13,2064,reach,2064,1.10,2273,1480,0.72,10,0.44,17,651.12,148.00,7,,,,527,208,
2026-08-14,2026-08-14,認知_動画,類似_サイト訪問者3%,認知_職人インタビュー,2026-08-14,2213,reach,2213,1.06,2345,1458,0.66,9,0.38,16,621.75,162.00,7,,,,502,174,
2026-08-15,2026-08-15,認知_動画,類似_サイト訪問者3%,認知_職人インタビュー,2026-08-15,2005,reach,2005,1.25,2505,1654,0.82,9,0.36,18,660.28,183.78,7,,,,592,156,
2026-08-16,2026-08-16,認知_動画,類似_サイト訪問者3%,認知_職人インタビュー,2026-08-16,2636,reach,2636,1.07,2809,1717,0.65,11,0.39,20,611.25,156.09,8,,,,571,210,
2026-08-17,2026-08-17,認知_動画,類似_サイト訪問者3%,認知_職人インタビュー,2026-08-17,1950,reach,1950,1.22,2377,1495,0.77,9,0.38,16,628.94,166.11,7,,,,546,234,
2026-08-18,2026-08-18,認知_動画,類似_サイト訪問者3%,認知_職人インタビュー,2026-08-18,1916,reach,1916,1.10,2117,1241,0.65,7,0.33,13,586.21,177.29,6,,,,455,196,
2026-08-19,2026-08-19,認知_動画,類似_サイト訪問者3%,認知_職人インタビュー,2026-08-19,2564,reach,2564,1.14,2912,1639,0.64,9,0.31,15,562.84,182.11,7,,,,609,225,
2026-08-20,2026-08-20,認知_動画,類似_サイト訪問者3%,認知_職人インタビュー,2026-08-20,2165,reach,2165,1.18,2545,1623,0.75,9,0.35,17,637.72,180.33,8,,,,629,201,
2026-08-21,2026-08-21,認知_動画,類似_サイト訪問者3%,認知_職人インタビュー,2026-08-21,2571,reach,2571,1.09,2801,1577,0.61,12,0.43,23,563.01,131.42,9,,,,759,193,
2026-08-22,2026-08-22,認知_動画,類似_サイト訪問者3%,認知_職人インタビュー,2026-08-22,1945,reach,1945,1.10,2130,1450,0.75,8,0.38,13,680.75,181.25,6,,,,434,188,
2026-08-23,2026-08-23,認知_動画,類似_サイト訪問者3%,認知_職人インタビュー,2026-08-23,2595,reach,2595,1.16,3008,1682,0.65,12,0.40,23,559.18,140.17,9,,,,679,210,
2026-08-24,2026-08-24,認知_動画,類似_サイト訪問者3%,認知_職人インタビュー,2026-08-24,1824,reach,1824,1.17,2133,1199,0.66,8,0.38,16,562.12,149.88,7,,,,436,170,
2026-08-25,2026-08-25,認知_動画,類似_サイト訪問者3%,認知_職人インタビュー,2026-08-25,1953,reach,1953,1.24,2416,1380,0.71,8,0.33,14,571.19,172.50,6,,,,523,209,
2026-08-26,2026-08-26,認知_動画,類似_サイト訪問者3%,認知_職人インタビュー,2026-08-26,2662,reach,2662,1.07,2851,1599,0.60,9,0.32,17,560.86,177.67,7,,,,617,174,
2026-08-27,2026-08-27,認知_動画,類似_サイト訪問者3%,認知_職人インタビュー,2026-08-27,1475,reach,1475,1.24,1828,1241,0.84,6,0.33,10,678.88,206.83,4,,,,453,115,
2026-08-28,2026-08-28,認知_動画,類似_サイト訪問者3%,認知_職人インタビュー,2026-08-28,2593,reach,2593,1.20,3123,1811,0.70,11,0.35,18,579.89,164.64,9,,,,855,293,
2026-08-29,2026-08-29,認知_動画,類似_サイト訪問者3%,認知_職人インタビュー,2026-08-29,2769,reach,2769,1.09,3023,1802,0.65,13,0.43,22,596.10,138.62,10,,,,661,204,
2026-08-30,2026-08-30,認知_動画,類似_サイト訪問者3%,認知_職人インタビュー,2026-08-30,1896,reach,1896,1.21,2285,1344,0.71,10,0.44,18,588.18,134.40,8,,,,517,162,
2026-08-31,2026-08-31,認知_動画,類似_サイト訪問者3%,認知_職人インタビュー,2026-08-31,2116,reach,2116,1.11,2357,1428,0.67,10,0.42,19,605.85,142.80,7,,,,506,184,
2026-08-01,2026-08-01,認知_動画,類似_サイト訪問者3%,認知_季節の新商品,2026-08-01,2123,reach,2123,1.10,2327,1383,0.65,12,0.52,21,594.33,115.25,10,,,,605,186,
2026-08-02,2026-08-02,認知_動画,類似_サイト訪問者3%,認知_季節の新商品,2026-08-02,2194,reach,2194,1.12,2452,1636,0.75,11,0.45,22,667.21,148.73,9,,,,685,231,
2026-08-03,2026-08-03,認知_動画,類似_サイト訪問者3%,認知_季節の新商品,2026-08-03,2293,reach,2293,1.12,2574,1628,0.71,10,0.39,19,632.48,162.80,7,,,,736,211,
2026-08-04,2026-08-04,認知_動画,類似_サイト訪問者3%,認知_季節の新商品,2026-08-04,1870,reach,1870,1.11,2076,1236,0.66,10,0.48,19,595.38,123.60,8,,,,502,193,
2026-08-05,2026-08-05,認知_動画,類似_サイト訪問者3%,認知_季節の新商品,2026-08-05,2068,reach,2068,1.23,2534,1610,0.78,15,0.59,24,635.36,107.33,12,1,5390,3.35,681,235,
2026-08-06,2026-08-06,認知_動画,類似_サイト訪問者3%,認知_季節の新商品,2026-08-06,2246,reach,2246,1.16,2611,1708,0.76,15,0.57,26,654.16,113.87,13,,,,689,161,
2026-08-07,2026-08-07,認知_動画,類似_サイト訪問者3%,認知_季節の新商品,2026-08-07,2273,reach,2273,1.23,2807,1714,0.75,14,0.50,23,610.62,122.43,12,,,,773,221,
2026-08-08,2026-08-08,認知_動画,類似_サイト訪問者3%,認知_季節の新商品,2026-08-08,2694,reach,2694,1.11,2984,1865,0.69,18,0.60,30,625.00,103.61,14,,,,746,224,
2026-08-09,2026-08-09,認知_動画,類似_サイト訪問者3%,認知_季節の新商品,2026-08-09,1854,reach,1854,1.19,2211,1428,0.77,12,0.54,20,645.86,119.00,9,,,,612,167,
2026-08-10,2026-08-10,認知_動画,類似_サイト訪問者3%,認知_季節の新商品,2026-08-10,2024,reach,2024,1.16,2343,1404,0.69,10,0.43,16,599.23,140.40,7,,,,520,166,
2026-08-11,2026-08-11,認知_動画,類似_サイト訪問者3%,認知_季節の新商品,2026-08-11,2452,reach,2452,1.09,2676,1560,0.64,14,0.52,25,582.96,111.43,11,,,,692,204,
2026-08-12,2026-08-12,認知_動画,類似_サイト訪問者3%,認知_季節の新商品,2026-08-12,2040,reach,2040,1.25,2543,1481,0.73,11,0.43,21,582.38,134.64,8,,,,585,223,
2026-08-13,2026-08-13,認知_動画,類似_サイト訪問者3%,認知_季節の新商品,2026-08-13,1915,reach,1915,1.07,2056,1243,0.65,12,0.58,20,604.57,103.58,9,,,,549,133,
2026-08-14,2026-08-14,認知_動画,類似_サイト訪問者3%,認知_季節の新商品,2026-08-14,2193,reach,2193,1.22,2684,1501,0.68,12,0.45,21,559.24,125.08,9,1,6120,4.08,782,254,
2026-08-15,2026-08-15,認知_動画,類似_サイト訪問者3%,認知_季節の新商品,2026-08-15,2257,reach,2257,1.18,2658,1596,0.71,14,0.53,28,600.45,114.00,10,,,,750,182,
2026-08-16,2026-08-16,認知_動画,類似_サイト訪問者3%,認知_季節の新商品,2026-08-16,2109,reach,2109,1.07,2258,1282,0.61,10,0.44,17,567.76,128.20,8,,,,542,197,
2026-08-17,2026-08-17,認知_動画,類似_サイト訪問者3%,認知_季節の新商品,2026-08-17,1811,reach,1811,1.06,1915,1240,0.68,8,0.42,13,647.52,155.00,7,,,,400,187,
2026-08-18,2026-08-18,認知_動画,類似_サイト訪問者3%,認知_季節の新商品,2026-08-18,2065,reach,2065,1.18,2429,1442,0.70,11,0.45,18,593.66,131.09,9,,,,535,219,
2026-08-19,2026-08-19,認知_動画,類似_サイト訪問者3%,認知_季節の新商品,2026-08-19,1750,reach,1750,1.17,2043,1361,0.78,12,0.59,20,666.18,113.42,10,,,,608,174,
2026-08-20,2026-08-20,認知_動画,類似_サイト訪問者3%,認知_季節の新商品,2026-08-20,1781,reach,1781,1.18,2093,1389,0.78,11,0.53,22,663.64,126.27,9,,,,556,160,
2026-08-21,2026-08-21,認知_動画,類似_サイト訪問者3%,認知_季節の新商品,2026-08-21,1857,reach,1857,1.05,1957,1311,0.71,9,0.46,17,669.90,145.67,7,,,,477,175,
2026-08-22,2026-08-22,認知_動画,類似_サイト訪問者3%,認知_季節の新商品,2026-08-22,2192,reach,2192,1.12,2446,1476,0.67,13,0.53,21,603.43,113.54,10,,,,648,188,
2026-08-23,2026-08-23,認知_動画,類似_サイト訪問者3%,認知_季節の新商品,2026-08-23,2290,reach,2290,1.13,2584,1544,0.67,13,0.50,24,597.52,118.77,9,,,,572,214,
2026-08-24,2026-08-24,認知_動画,類似_サイト訪問者3%,認知_季節の新商品,2026-08-24,1941,reach,1941,1.07,2079,1384,0.71,10,0.48,19,665.70,138.40,8,,,,455,147,
2026-08-25,2026-08-25,認知_動画,類似_サイト訪問者3%,認知_季節の新商品,2026-08-25,1748,reach,1748,1.13,1970,1274,0.73,10,0.51,19,646.70,127.40,7,,,,448,186,
2026-08-26,2026-08-26,認知_動画,類似_サイト訪問者3%,認知_季節の新商品,2026-08-26,1933,reach,1933,1.10,2121,1348,0.70,9,0.42,17,635.55,149.78,8,,,,493,206,
2026-08-27,2026-08-27,認知_動画,類似_サイト訪問者3%,認知_季節の新商品,2026-08-27,2260,reach,2260,1.23,2783,1593,0.70,13,0.47,25,572.40,122.54,11,,,,617,219,
2026-08-28,2026-08-28,認知_動画,類似_サイト訪問者3%,認知_季節の新商品,2026-08-28,1840,reach,1840,1.24,2280,1499,0.81,14,0.61,26,657.46,107.07,11,,,,650,137,
2026-08-29,2026-08-29,認知_動画,類似_サイト訪問者3%,認知_季節の新商品,2026-08-29,2227,reach,2227,1.19,2651,1595,0.72,15,0.57,25,601.66,106.33,13,,,,682,204,
2026-08-30,2026-08-30,認知_動画,類似_サイト訪問者3%,認知_季節の新商品,2026-08-30,2366,reach,2366,1.17,2764,1565,0.66,15,0.54,28,566.21,104.33,12,1,6048,3.86,727,216,
2026-08-31,2026-08-31,認知_動画,類似_サイト訪問者3%,認知_季節の新商品,2026-08-31,1941,reach,1941,1.11,2163,1222,0.63,12,0.55,21,564.96,101.83,10,,,,606,191,
